"go_description","NES","pval","padj"
"DNA replication",-3.25130838809643,2.39708090607855e-45,5.94955480888697e-42
"chromosome segregation",-2.8160352627486,9.00564987229772e-36,1.11760114915215e-32
"DNA-templated DNA replication",-3.33506121227465,4.26627942257734e-35,3.52963517561232e-32
"ribosome biogenesis",-2.98995875588127,1.15975240836227e-34,7.19626369388791e-32
"cell cycle checkpoint signaling",-3.03219478599655,1.00315149298047e-28,4.14970334262923e-26
"rRNA metabolic process",-2.87282622985645,8.53641051808181e-29,4.14970334262923e-26
"rRNA processing",-2.97873864033892,6.8073670251578e-28,2.11198561955521e-25
"DNA recombination",-2.79217237290295,6.65398882810964e-28,2.11198561955521e-25
"nuclear chromosome segregation",-2.79283894694396,1.0885147338612e-27,3.00188174382611e-25
"double-strand break repair",-2.76372503601174,7.58115517542125e-27,1.88164271453955e-24
"negative regulation of cell cycle process",-2.73945178283397,1.78285147023934e-25,4.02276122648548e-23
"regulation of cell cycle phase transition",-2.47242516116322,1.20238281168825e-24,2.48692844884187e-22
"mitotic sister chromatid segregation",-2.88185009806307,1.69894089211844e-24,3.24367022633691e-22
"sister chromatid segregation",-2.80983829337151,4.12970157206301e-24,7.32137092990028e-22
"recombinational repair",-2.9447396735774,1.26663644794671e-23,2.09586110920249e-21
"mitotic cell cycle checkpoint signaling",-3.00444442420879,4.07596518040671e-23,6.17782598670644e-21
"muscle cell development",2.86602031068517,4.2313876621277e-23,6.17782598670644e-21
"regulation of chromosome organization",-2.71892243870958,3.12971343792567e-22,4.31552708496195e-20
"muscle tissue development",2.44475300183296,3.40700153056464e-22,4.4506198941376e-20
"negative regulation of cell cycle",-2.49967895302189,3.74813608000924e-22,4.65143687529146e-20
"heart process",2.72588215652231,7.37497130562783e-22,8.71651370503251e-20
"regulation of blood circulation",2.67242040321526,1.18058690510671e-21,1.33191668112493e-19
"muscle cell differentiation",2.37873707749638,1.73097323870418e-21,1.86794590367991e-19
"mitotic cell cycle phase transition",-2.35196999968351,2.42519383792778e-21,2.50805462739032e-19
"mitotic nuclear division",-2.59004731748319,8.89948351180598e-21,8.83540723052098e-19
"muscle contraction",2.45537522428177,1.73555138732163e-20,1.6567840551278e-18
"RNA splicing, via transesterification reactions",-2.5039137848336,2.85485710915805e-20,2.62435383145566e-18
"cardiac muscle tissue development",2.66717052717014,4.1455760642276e-20,3.67475706836175e-18
"regulation of heart contraction",2.71574752301039,8.69191093405968e-20,7.19110764611204e-18
"striated muscle cell differentiation",2.48226692244231,8.63499542056282e-20,7.19110764611204e-18
"meiotic cell cycle",-2.58172667757506,1.21305658869609e-19,9.71227888110871e-18
"regulation of muscle system process",2.63295431879586,1.66986534470614e-19,1.2951893079877e-17
"DNA integrity checkpoint signaling",-2.87194692514739,3.30751859296274e-19,2.48765489325258e-17
"negative regulation of mitotic cell cycle phase transition",-2.7310786418842,3.92030383551651e-19,2.86182179992705e-17
"myofibril assembly",3.04114979063458,4.90931642934993e-19,3.48140667932758e-17
"regulation of mitotic cell cycle phase transition",-2.41551472189725,5.91973817946819e-19,4.08133060040001e-17
"protein-RNA complex organization",-2.58054485099525,1.5425114676154e-18,1.03473336827606e-16
"telomere organization",-2.7466655161104,1.7627377622388e-18,1.15134608575702e-16
"negative regulation of mitotic cell cycle",-2.58599536521541,5.80448182680114e-18,3.69403176772319e-16
"positive regulation of DNA metabolic process",-2.48299970953045,8.23191970537199e-18,5.10790617718332e-16
"cardiac muscle contraction",2.78069259934571,1.61892870787729e-17,9.80044159256449e-16
"muscle organ development",2.32939313566622,4.47426080299341e-17,2.64407507453087e-15
"RNA splicing",-2.16118364687825,1.42238375316064e-16,8.21013133801094e-15
"meiotic cell cycle process",-2.59346378630887,2.31174848812675e-16,1.30403630625696e-14
"chromosome separation",-2.86059497349642,2.39470526111178e-16,1.32081299068432e-14
"positive regulation of cell cycle process",-2.48095610420633,4.0725621793904e-16,2.19741289766238e-14
"regulation of striated muscle contraction",2.79669095523994,5.1035989450804e-16,2.69513459184884e-14
"RNA localization",-2.53438575773113,5.98742474927825e-16,3.0959975474393e-14
"cell cycle G2/M phase transition",-2.64184019983962,8.0342808393242e-16,4.06960919249034e-14
"generation of precursor metabolites and energy",2.17402781902707,8.70449399769318e-16,4.3209108204549e-14
"regulation of chromosome segregation",-2.7065471861583,8.90560222872219e-16,4.33405975131147e-14
"striated muscle contraction",2.47326331871074,2.3045515753592e-15,1.09998019423876e-13
"cellular component assembly involved in morphogenesis",2.71977463063883,3.93025997705122e-15,1.84054816283795e-13
"DNA biosynthetic process",-2.60000894650009,4.91643206468793e-15,2.25973784899175e-13
"cellular respiration",2.33056320272125,5.45605131355239e-15,2.46216715640673e-13
"regulation of DNA replication",-2.70040799099877,5.84086864833348e-15,2.58875642592209e-13
"mitotic DNA integrity checkpoint signaling",-2.79989833274414,6.35904745000261e-15,2.76897469665026e-13
"actomyosin structure organization",2.43623873894022,7.64626394382238e-15,3.27207363940813e-13
"actin filament-based movement",2.61364368132315,1.17739968789367e-14,4.95306105991882e-13
"regulation of muscle contraction",2.57915641863541,1.49434958726104e-14,6.18162612596982e-13
"spliceosomal snRNP assembly",-2.8553172036001,2.9343060265345e-14,1.19293341484556e-12
"metaphase chromosome alignment",-2.68074025486007,2.97993036746271e-14,1.19293341484556e-12
"regulation of cell cycle G2/M phase transition",-2.68640867211772,3.30560273564621e-14,1.30230253807522e-12
"ribosomal small subunit biogenesis",-2.67673101070622,4.4609274346707e-14,1.73000342075823e-12
"chromosome localization",-2.61391877129617,8.721799552721e-14,3.33038561382362e-12
"actin-mediated cell contraction",2.62839927193507,9.18759934904786e-14,3.45509417944497e-12
"meiosis I cell cycle process",-2.64295879573573,1.06893081856348e-13,3.95983028608144e-12
"DNA replication initiation",-2.914877702593,1.19694729559751e-13,4.36885762893093e-12
"spindle organization",-2.39113614742844,1.59161034784978e-13,5.7251838889321e-12
"RNA modification",-2.4222486376978,3.2727290164713e-13,1.1604162026974e-11
"regulation of mitotic nuclear division",-2.57800087713486,4.97570341147044e-13,1.73939378412248e-11
"negative regulation of chromosome organization",-2.67778807058292,5.14499842960673e-13,1.77359529198388e-11
"regulation of cardiac muscle contraction",2.67785418854933,5.51099104985387e-13,1.87373695695032e-11
"positive regulation of chromosome organization",-2.64404548832835,6.03678439766626e-13,2.02477011824428e-11
"cell cycle DNA replication",-2.88261241174837,6.66601787700969e-13,2.20600751609841e-11
"microtubule cytoskeleton organization involved in mitosis",-2.41186527984203,7.11166690032779e-13,2.32252069034389e-11
"cardiocyte differentiation",2.45813686602433,8.67534684047766e-13,2.796391020528e-11
"cardiac cell development",2.65133471256917,1.01222658293641e-12,3.18018528968122e-11
"regulation of actin filament-based process",2.12737839295468,1.01026538888113e-12,3.18018528968122e-11
"DNA-templated DNA replication maintenance of fidelity",-2.81061172567522,1.18093101342581e-12,3.66383846915357e-11
"cardiac muscle cell differentiation",2.54613637534506,1.59394918355209e-12,4.88417515256332e-11
"regulation of nuclear division",-2.47035549693142,2.68948101799369e-12,8.14059986178089e-11
"cardiac chamber morphogenesis",2.49545472170802,2.93867576717123e-12,8.78770271580601e-11
"protein localization to chromosome",-2.61158747799414,3.20175584695734e-12,9.46042620493823e-11
"sarcomere organization",2.71487170412556,4.04490587724281e-12,1.1811125161549e-10
"RNA methylation",-2.63206208514541,4.33373576132348e-12,1.25073629762847e-10
"establishment of RNA localization",-2.39674049082545,4.56989543039169e-12,1.3037333860037e-10
"signal transduction in response to DNA damage",-2.28126975352713,6.49449480428385e-12,1.83174273911733e-10
"mitotic sister chromatid separation",-2.6947589922276,7.95194034158062e-12,2.21760853121383e-10
"cardiac chamber development",2.35173429617419,8.61448895743126e-12,2.34957819696092e-10
"endosomal transport",2.10865394422552,8.59809838015422e-12,2.34957819696092e-10
"heart morphogenesis",2.1975527992758,1.12210958896305e-11,3.02725652152858e-10
"positive regulation of cell cycle",-2.12689782309558,1.15505252743e-11,3.08262405707662e-10
"regulation of mitotic sister chromatid segregation",-2.63882737993224,1.37404670822103e-11,3.59326503396113e-10
"tRNA metabolic process",-2.24400168362596,1.3753431838288e-11,3.59326503396113e-10
"negative regulation of nuclear division",-2.64259139604815,2.04994036963057e-11,5.29994999731569e-10
"mitotic spindle organization",-2.45627240300282,2.15027195338485e-11,5.50203607041362e-10
"cardiac muscle tissue morphogenesis",2.56602256198114,2.17929206476927e-11,5.51939071914013e-10
"regulation of sister chromatid segregation",-2.47958000233724,2.53656465875014e-11,6.35934695254329e-10
"proton motive force-driven ATP synthesis",2.54177941574368,3.74382756101165e-11,9.29218000643092e-10
"ATP metabolic process",2.2361995029037,5.1037454150704e-11,1.25420753665393e-09
"kinetochore organization",-2.77953278711697,5.85784035412027e-11,1.4254078195026e-09
"regulation of mRNA metabolic process",-2.0208107533604,7.48193125865767e-11,1.80292751300858e-09
"DNA strand elongation",-2.75049874758848,8.38197372815964e-11,2.00039026858579e-09
"maturation of SSU-rRNA",-2.60996848834649,8.74743790831452e-11,2.06772770366063e-09
"regulation of DNA biosynthetic process",-2.55934570877064,8.92587281114037e-11,2.09000153936325e-09
"macromolecule methylation",-2.36845731746109,1.22343368487725e-10,2.83790879052835e-09
"muscle organ morphogenesis",2.49339486867458,1.6367413731817e-10,3.76147415577497e-09
"actin filament organization",1.94534766871306,2.31516865295846e-10,5.27178770334212e-09
"RNA export from nucleus",-2.48730010088366,2.45972524822107e-10,5.55003460553154e-09
"negative regulation of cell cycle G2/M phase transition",-2.53663447473464,2.51049456140067e-10,5.61355630756439e-09
"spliceosomal tri-snRNP complex assembly",-2.67217271512378,2.77463016662741e-10,6.14877863711538e-09
"ATP biosynthetic process",2.45933489689697,2.80076634098303e-10,6.15177173302645e-09
"positive regulation of DNA biosynthetic process",-2.70110675058759,2.84532792884946e-10,6.1948279994775e-09
"mRNA transport",-2.36864611608632,2.94848652482834e-10,6.36360309097734e-09
"ATP synthesis coupled electron transport",2.44321631431681,3.27983627546394e-10,7.01771865146682e-09
"mitotic G2/M transition checkpoint",-2.5995991853255,4.20342673451633e-10,8.84144504666908e-09
"ribosomal large subunit biogenesis",-2.4705910761999,4.18322578793312e-10,8.84144504666908e-09
"oxidative phosphorylation",2.34929469166601,4.76753624850032e-10,9.94371846115781e-09
"mismatch repair",-2.71905125367895,5.1317459418648e-10,1.05420703181629e-08
"telomere maintenance via telomere lengthening",-2.53754628771491,5.13936546534131e-10,1.05420703181629e-08
"nuclear export",-2.19771566201175,5.29275124585361e-10,1.07677119608268e-08
"meiotic chromosome segregation",-2.49515174950081,7.26012933888841e-10,1.46501146496919e-08
"RNA-templated DNA biosynthetic process",-2.56803747706217,8.30632835585717e-10,1.66260540155141e-08
"regulation of heart rate",2.37896247673283,9.55290819207621e-10,1.89682545061865e-08
"regulation of telomere maintenance",-2.39321090357426,1.06965664331592e-09,2.10705380056357e-08
"cardiac ventricle morphogenesis",2.45003817033913,1.08120991109109e-09,2.11304173175439e-08
"nuclear transport",-1.96055964352155,1.25044650814437e-09,2.4246939321987e-08
"regulation of DNA-templated DNA replication",-2.60475162575277,1.30071325451267e-09,2.50261263387631e-08
"regulation of DNA repair",-2.06525864442828,1.65753456273006e-09,3.1646159882277e-08
"cardiac conduction",2.39910587611992,1.7962161156122e-09,3.40321251828204e-08
"muscle adaptation",2.35617810954717,2.11807749826178e-09,3.95268297044041e-08
"Golgi vesicle transport",1.96059568642104,2.10298548587024e-09,3.95268297044041e-08
"maturation of 5.8S rRNA",-2.60858838746513,2.28934604059187e-09,4.24041557667837e-08
"microtubule organizing center organization",-2.19589870405137,2.38910679898296e-09,4.39241709264867e-08
"ventricular cardiac muscle tissue development",2.39339753718813,2.70548943059878e-09,4.93751821084278e-08
"spindle assembly",-2.26492161130839,4.69757170050719e-09,8.51049121215974e-08
"homologous recombination",-2.47286002471109,5.19086435270867e-09,9.33603284306009e-08
"regulation of double-strand break repair",-2.19165431729001,5.46044730628371e-09,9.75023756416991e-08
"attachment of spindle microtubules to kinetochore",-2.5051882075363,5.50166711475608e-09,9.75366984201757e-08
"positive regulation of telomere maintenance",-2.4097789766704,6.33542280214729e-09,1.11521414148437e-07
"regulation of monoatomic ion transmembrane transport",2.03229905703513,6.76636700420233e-09,1.18268471157959e-07
"muscle hypertrophy",2.34188603554013,9.08435305341e-09,1.57673876073872e-07
"macroautophagy",1.83570852820262,1.06581966442412e-08,1.83705861604213e-07
"mitotic metaphase chromosome alignment",-2.36440115677959,1.23357144780929e-08,2.10417424532705e-07
"response to calcium ion",2.20351527929369,1.23774955607474e-08,2.10417424532705e-07
"regulation of monoatomic ion transport",1.90813718852492,1.53623802332753e-08,2.59383862169996e-07
"regulation of actin filament-based movement",2.43478642712575,1.59814258617504e-08,2.68012831005841e-07
"electron transport chain",2.28575954583742,1.83986549013808e-08,3.06479607149175e-07
"methylation",-2.02892608971165,1.88181352086699e-08,3.09315308529263e-07
"regulation of actin filament organization",1.95921238722807,1.8695117769377e-08,3.09315308529263e-07
"spliceosomal conformational changes to generate catalytic conformation",-2.52863132005181,1.97869285578803e-08,3.22339851178174e-07
"positive regulation of cell cycle phase transition",-2.2783699180494,1.98702647986545e-08,3.22339851178174e-07
"nuclear-transcribed mRNA catabolic process",-2.13772239095809,2.00538238268176e-08,3.23205134663385e-07
"sister chromatid cohesion",-2.43613006861366,2.1732146194025e-08,3.47994753894e-07
"regulation of DNA recombination",-2.21913935786899,2.29219661120101e-08,3.64413528670645e-07
"calcium-mediated signaling",2.10984689997239,2.30511377926234e-08,3.64413528670645e-07
"RNA 3'-end processing",-2.29660111039211,2.39310419588084e-08,3.75929405960522e-07
"spliceosomal complex assembly",-2.34958378436873,2.70817701573142e-08,4.22748135411659e-07
"sarcoplasmic reticulum calcium ion transport",2.41579753588962,2.73252826785464e-08,4.23883447550951e-07
"positive regulation of mitotic cell cycle phase transition",-2.2681565974113,3.28741340922177e-08,5.06792551657667e-07
"regulation of release of sequestered calcium ion into cytosol by sarcoplasmic reticulum",2.46648749642246,3.33536553039694e-08,5.11010941138593e-07
"regulation of telomere maintenance via telomerase",-2.47438771786526,3.38146123684561e-08,5.14894895082871e-07
"vesicle organization",1.80982917955527,3.7087817426622e-08,5.61292456419975e-07
"positive regulation of chromosome separation",-2.51723904610692,4.07941180046578e-08,6.13642429621581e-07
"cardiac muscle cell contraction",2.26952262341438,4.35235375475561e-08,6.50755543331531e-07
"centrosome duplication",-2.31960816475537,5.42864845379784e-08,8.0682068636684e-07
"regulation of cardiac muscle contraction by calcium ion signaling",2.44010834125486,6.1702303511624e-08,9.11578079261017e-07
"cardiac ventricle development",2.16851268970664,6.63124111827919e-08,9.73889967785145e-07
"striated muscle adaptation",2.36837692557673,8.36148017462311e-08,1.21999850255259e-06
"regulation of calcium ion transmembrane transport",2.17578401083547,8.40530797487885e-08,1.21999850255259e-06
"negative regulation of DNA metabolic process",-2.15945331021544,9.19538548477048e-08,1.32691551006979e-06
"regulation of muscle adaptation",2.27193586685412,9.69554500259534e-08,1.39100246800241e-06
"regulation of telomere maintenance via telomere lengthening",-2.34385197523955,1.08487050093012e-07,1.54749918580951e-06
"nucleoside triphosphate metabolic process",1.92448419814154,1.09691685449066e-07,1.55574150448333e-06
"proton transmembrane transport",2.12210231806188,1.10946652139177e-07,1.56459994664453e-06
"protein localization to chromosome, centromeric region",-2.49374351263086,1.38137078921645e-07,1.92615859485125e-06
"regulation of mRNA processing",-2.06031239002089,1.38051530158749e-07,1.92615859485125e-06
"mitotic G2 DNA damage checkpoint signaling",-2.46951000707498,1.60659430635243e-07,2.22769109964622e-06
"negative regulation of mRNA metabolic process",-2.17060391081256,1.70541259625347e-07,2.35157447994506e-06
"mRNA catabolic process",-1.88166485464319,1.77925379619063e-07,2.43983863101942e-06
"release of sequestered calcium ion into cytosol by endoplasmic reticulum",2.3842975229611,2.0008135201308e-07,2.72858195437618e-06
"ventricular cardiac muscle tissue morphogenesis",2.3521490665143,2.02073055970313e-07,2.74068483561922e-06
"cell communication involved in cardiac conduction",2.26552738863271,2.05590768743491e-07,2.77324069576818e-06
"interstrand cross-link repair",-2.37920329902971,2.28406717520918e-07,3.06435390749686e-06
"cell-substrate adhesion",1.79053592424769,2.38653005838578e-07,3.18460623920081e-06
"heart growth",2.17242295950267,2.83857027985202e-07,3.7675569168945e-06
"protein localization to plasma membrane",1.86218334434156,2.88404928024899e-07,3.8075586774351e-06
"vacuolar transport",2.00027330669812,3.4230543365821e-07,4.49524913407236e-06
"nucleobase-containing compound transport",-1.91154179384505,3.48289325948763e-07,4.54975845792016e-06
"cell-matrix adhesion",1.90912988066712,3.73468072162703e-07,4.85312960789439e-06
"base-excision repair",-2.33035222890913,4.22889837831913e-07,5.46673217447296e-06
"positive regulation of chromosome segregation",-2.45116615180745,4.28625317699561e-07,5.51216600274772e-06
"centriole assembly",-2.39582996637026,4.785862127581e-07,6.12294319621446e-06
"regulation of double-strand break repair via homologous recombination",-2.19537145949451,5.20343839138566e-07,6.62304312175344e-06
"transcription by RNA polymerase I",-2.18507129487054,6.16080581110796e-07,7.8015918485561e-06
"maturation of 5.8S rRNA from tricistronic rRNA transcript (SSU-rRNA, 5.8S rRNA, LSU-rRNA)",-2.42893421886471,6.5164580056242e-07,8.21007551774582e-06
"tRNA processing",-2.03719940983078,8.74893054074623e-07,1.09670937384506e-05
"tRNA modification",-2.14958381180045,9.48551319458797e-07,1.18306752507374e-05
"regulation of release of sequestered calcium ion into cytosol",2.15889325607691,1.03684742400332e-06,1.28672765318812e-05
"regulation of transmembrane transport",1.75412804033525,1.04751177468812e-06,1.29349463919199e-05
"regulation of autophagy",1.73097790314172,1.12745336948078e-06,1.38531646685708e-05
"mitochondrial electron transport, NADH to ubiquinone",2.30689455488123,1.17681528339967e-06,1.43884509034383e-05
"cytoplasmic translation",-1.89092050322779,1.39183821328423e-06,1.69340315949581e-05
"regulation of supramolecular fiber organization",1.71812811769529,1.42986061715568e-06,1.73117758623434e-05
"rRNA modification",-2.34187116876275,1.49113701519616e-06,1.78823434635079e-05
"nucleosome organization",-2.12008349308592,1.491396090631e-06,1.78823434635079e-05
"response to metal ion",1.79677365683299,1.66096704400067e-06,1.98198086692773e-05
"outflow tract septum morphogenesis",2.32639058074603,1.73400992115026e-06,2.05924049009328e-05
"positive regulation of mitotic cell cycle",-2.00218456779592,1.79177443207927e-06,2.11770673353369e-05
"wound healing",1.72665075719788,1.80659389282475e-06,2.12510238956921e-05
"chromosome organization involved in meiotic cell cycle",-2.27683418717191,1.87803559557826e-06,2.19871903218172e-05
"multicellular organismal movement",2.20601075292211,1.89944796523146e-06,2.21334734727911e-05
"cytosolic transport",2.01531274566285,1.97387932013571e-06,2.28933106195179e-05
"regulation of calcium ion transport",1.92993968114998,2.05940053445198e-06,2.37741029139991e-05
"nucleoside triphosphate biosynthetic process",2.06911718383597,2.68380627996206e-06,3.08389221614159e-05
"regulation of cell cycle checkpoint",-2.23591492181448,2.69690460932838e-06,3.08466232274334e-05
"tricarboxylic acid cycle",2.29102085032887,2.87958868058403e-06,3.27850417670163e-05
"maturation of SSU-rRNA from tricistronic rRNA transcript (SSU-rRNA, 5.8S rRNA, LSU-rRNA)",-2.31522776777524,2.97389722638994e-06,3.37041685657527e-05
"lipid oxidation",2.06201907297567,3.30173148096228e-06,3.72495342534017e-05
"negative regulation of mRNA processing",-2.29670395142036,3.43393651944091e-06,3.85657486029517e-05
"striated muscle cell apoptotic process",2.19677252676989,3.45181436046792e-06,3.85919064985647e-05
"regulation of mRNA splicing, via spliceosome",-1.99977909857651,3.90287253347348e-06,4.34391463142654e-05
"lipid modification",1.93660322782599,4.21583644026272e-06,4.67129734139824e-05
"mRNA export from nucleus",-2.11322013413626,4.60907204553575e-06,5.0843185853421e-05
"mitotic spindle assembly",-2.12315209948606,4.83885841207876e-06,5.29076941796453e-05
"nucleus organization",-1.93752432816502,4.82031122458632e-06,5.29076941796453e-05
"protein localization to nucleus",-1.68444137918201,5.22244273173588e-06,5.68513283340722e-05
"muscle cell proliferation",1.88741672327608,5.41239707368426e-06,5.86618757069185e-05
"endocardial cushion development",2.15782985604765,5.53388614888446e-06,5.97178496588314e-05
"homologous chromosome segregation",-2.22738505980568,5.88614584213994e-06,6.32442163644646e-05
"protein-DNA complex organization",-1.91095525129534,6.22894710424282e-06,6.66389944514254e-05
"organ growth",1.89856449746662,6.31583129431209e-06,6.72785118990669e-05
"positive regulation of cell cycle G2/M phase transition",-2.29537196127045,6.78229965248682e-06,7.19387510148388e-05
"regulation of membrane potential",1.65767114423613,6.87107443081969e-06,7.25702414352957e-05
"chromosome condensation",-2.21412735653642,7.35517727609009e-06,7.73540254205746e-05
"nucleoside monophosphate biosynthetic process",-2.24917693474616,8.11635865175037e-06,8.49991652896389e-05
"snRNA processing",-2.27762274319807,8.33726576915644e-06,8.69457715926314e-05
"retrograde transport, endosome to Golgi",2.02629825650013,8.56443731264683e-06,8.87943288048408e-05
"response to oxygen levels",1.72973668190489,8.58607530747856e-06,8.87943288048408e-05
"double-strand break repair via nonhomologous end joining",-2.0744619994984,9.57786306898328e-06,9.86400669594046e-05
"fatty acid metabolic process",1.67286255556434,1.10886061970988e-05,0.00011372694455041
"positive regulation of monoatomic ion transport",1.95522378274075,1.12471426250304e-05,0.000114878222202985
"RNA 5'-end processing",-2.2232772994142,1.16245850098629e-05,0.000118246803256064
"positive regulation of DNA repair",-1.89896537024856,1.20155656827292e-05,0.000121725036834832
"maturation of LSU-rRNA",-2.2663077072553,1.2123494237754e-05,0.000122319157309371
"snRNA metabolic process",-2.11384303562632,1.38674229885251e-05,0.000139347950840159
"regulation of endocytosis",1.72513492035359,1.41692881707158e-05,0.000141807150160148
"glucan metabolic process",2.03975594486981,1.44769462062094e-05,0.000144304339292416
"actin filament depolymerization",2.08629501114903,1.53596861260111e-05,0.00015144261996922
"energy reserve metabolic process",2.03411025482444,1.53557912575942e-05,0.00015144261996922
"cardiac muscle cell action potential",2.00142274641441,1.53761241870441e-05,0.00015144261996922
"response to ionizing radiation",-1.87562391233062,1.54924151565496e-05,0.000151984879124728
"response to peptide hormone",1.61221245989819,1.73975262500946e-05,0.000170002599026515
"calcium ion homeostasis",1.72333671088367,1.76291187053052e-05,0.000171590088731637
"endothelial cell migration",1.75311612773686,1.83511303928944e-05,0.000177919943887359
"negative regulation of RNA splicing",-2.17643038386627,2.17354636727995e-05,0.000209912143330305
"negative regulation of actin filament polymerization",2.02723785395027,2.55861138870894e-05,0.000246142382433162
"positive regulation of DNA recombination",-2.0435225365951,2.57261515820743e-05,0.00024653400859733
"SMAD protein signal transduction",2.0017010411323,2.85146308951919e-05,0.000272205053391794
"autophagosome organization",1.86608699765118,2.90876352514329e-05,0.000276611152084507
"purine-containing compound biosynthetic process",1.71842994117572,2.97590331877375e-05,0.000281915726610551
"membraneless organelle assembly",-1.58019339213336,3.0421903825302e-05,0.000287099487811405
"cellular response to calcium ion",1.93915871201897,3.21908401335882e-05,0.000302642671255931
"ribonucleoside monophosphate biosynthetic process",-2.2048756279217,3.36958961835095e-05,0.000315597035198002
"ribose phosphate metabolic process",1.60120570775412,3.79364110962083e-05,0.000353978091506726
"regulation of transcription by RNA polymerase I",-2.10575650206312,3.84959866747433e-05,0.000356518801965347
"skeletal muscle organ development",1.7853560048837,3.84652336603021e-05,0.000356518801965347
"actin polymerization or depolymerization",1.7992389430175,3.87073739787302e-05,0.000357143874405979
"positive regulation of transcription by RNA polymerase I",-2.16746343976632,3.98037059673036e-05,0.000365899252632769
"smooth muscle cell proliferation",1.87943925606272,4.09157103969577e-05,0.000374733554262911
"rRNA methylation",-2.16441548413945,4.1856024280687e-05,0.000381936221561269
"cAMP/PKA signal transduction",2.02912648883491,4.65341369330407e-05,0.00042152455426207
"ribosome assembly",-1.99070018219432,4.64921064127453e-05,0.00042152455426207
"calcium ion transmembrane transport",1.68373720960475,4.87523688775952e-05,0.000440012289287969
"endosome organization",1.92359202862705,4.90280641469932e-05,0.000440897301495787
"regulation of heart growth",1.98524551558302,4.95093401673757e-05,0.000443617986626088
"cellular response to peptide hormone stimulus",1.63896962211624,5.3110698076437e-05,0.000474175369157254
"regulation of cardiac muscle cell action potential",2.1205409572692,5.43292081218958e-05,0.000483315751105897
"ventricular cardiac muscle cell action potential",2.09433079301424,5.59818076084934e-05,0.000496238737443859
"vascular process in circulatory system",1.68848295650159,5.92778876317356e-05,0.000523586181857536
"regulation of tube size",1.80613068192233,6.03442746362977e-05,0.000531115211515216
"negative regulation of protein polymerization",1.9795298611723,6.06698917028429e-05,0.000532094244545782
"endosome to lysosome transport",1.92790102359899,6.35725452921451e-05,0.000555588230334874
"regulation of spindle checkpoint",-2.17237052371649,6.49081893191122e-05,0.000564639693251043
"negative regulation of smooth muscle cell proliferation",1.99404887633464,6.50632362086214e-05,0.000564639693251043
"cardiac atrium development",2.04184054066835,6.67573951106928e-05,0.000577323535417211
"pharyngeal system development",2.09187214748829,6.82341518856184e-05,0.000588045711736475
"fatty acid beta-oxidation",1.95520926864752,6.89192583572159e-05,0.000591894807067854
"regulation of protein depolymerization",1.89720429417194,7.06980344272636e-05,0.000602567281854335
"negative regulation of supramolecular fiber organization",1.81472452519872,7.11110121340461e-05,0.000602567281854335
"vacuole organization",1.65270622119753,7.10863064212069e-05,0.000602567281854335
"calcium ion transport",1.59249813584646,7.11330433454151e-05,0.000602567281854335
"lipid catabolic process",1.65149667888107,7.17588413962091e-05,0.000605800831106772
"female meiotic nuclear division",-2.05752323040088,7.20186187694111e-05,0.000605932921307384
"negative regulation of actin filament depolymerization",1.99766261536932,7.3929988390588e-05,0.000615628769940624
"lysosomal transport",1.81187205547938,7.39297586780552e-05,0.000615628769940624
"post-Golgi vesicle-mediated transport",1.81145998889745,7.40608731379808e-05,0.000615628769940624
"protein localization to membrane",1.53583718342174,7.41631757503008e-05,0.000615628769940624
"regulation of microtubule-based process",-1.64484605100504,7.68134602243765e-05,0.000635503360923008
"skeletal muscle contraction",2.04409304960943,7.76334796016393e-05,0.000640153808542421
"GO:0051208",1.90398065482569,8.16439830433746e-05,0.000670994589118065
"tRNA methylation",-2.05016967975723,8.2734652799283e-05,0.000677714218639671
"glomerulus development",1.89733457410467,8.46263914655314e-05,0.00069092994611003
"positive regulation of double-strand break repair",-1.87128437225291,8.56803993390016e-05,0.000697241807080006
"regulation of mRNA catabolic process",-1.67406527120586,8.59634003448608e-05,0.000697258691686093
"cell cycle G1/S phase transition",-1.61709148025532,8.86715007522126e-05,0.000716881644517888
"polysaccharide metabolic process",1.92295715608224,9.52021749036642e-05,0.000767181162697709
"autophagosome maturation",1.92066100606112,9.69452415054952e-05,0.00077869931850045
"regulation of muscle hypertrophy",1.96718219323344,9.78685295198333e-05,0.000781880570292069
"protein localization to cell periphery",1.5683879025038,9.79713365676203e-05,0.000781880570292069
"somatic diversification of immune receptors",-1.95996642730732,9.85202766315142e-05,0.000783741431408392
"regulation of blood pressure",1.82283502763884,0.000100166500723043,0.000794291548864512
"regulation of macroautophagy",1.71071132379916,0.000105881734546702,0.000836937787085715
"regulation of centrosome cycle",-1.97737354833715,0.000111518021396992,0.000878691203515349
"cellular response to toxic substance",1.81883250520157,0.000113487852098316,0.000891382433253226
"attachment of mitotic spindle microtubules to kinetochore",-2.07057426640471,0.000122137138732703,0.000956291414304636
"nuclear-transcribed mRNA catabolic process, nonsense-mediated decay",-2.02771981000145,0.000126276719831242,0.000985593769248877
"positive regulation of monoatomic ion transmembrane transport",1.85786603082859,0.000136598334560698,0.00106281212031239
"negative regulation of gene expression, epigenetic",-1.66142962533247,0.00014112127688074,0.00109457190380624
"mRNA cis splicing, via spliceosome",-2.11652475528554,0.000142050804327086,0.0010983492097814
"regulation of actin filament length",1.76127243228431,0.000144680304056699,0.00111520656729419
"regulation of endothelial cell migration",1.73034487350074,0.000153438595971633,0.00117905447430834
"vesicle-mediated transport to the plasma membrane",1.74854691693307,0.000155499433132993,0.00119120244764225
"mitochondrial RNA metabolic process",-1.92483164139108,0.000160681076931136,0.00122710902444024
"regulation of heart rate by cardiac conduction",1.96881690840691,0.000161426013874778,0.0012290164614638
"regulation of protein-containing complex disassembly",1.75934393531283,0.000173577786647143,0.00131749255797618
"blastocyst development",-1.78573290965266,0.000174913899596364,0.00132358627682371
"regulation of collagen metabolic process",2.01773543735663,0.000178385396783348,0.00134575244625006
"nucleolar large rRNA transcription by RNA polymerase I",-2.0370057315107,0.000187157387441093,0.00140765041099634
"regulation of organ growth",1.88353553725853,0.000188574006421556,0.00141402019316707
"blood vessel endothelial cell migration",1.80468104258016,0.000192843165511089,0.00143734755795352
"negative regulation of protein-containing complex assembly",1.79128948597765,0.000192655574953687,0.00143734755795352
"cell communication by electrical coupling",2.03315076289197,0.000198936508356821,0.00147832459204081
"heart valve morphogenesis",1.8631135674318,0.000202060946080669,0.00149706050200663
"cardiac septum morphogenesis",1.86273874711759,0.000206796567097235,0.00152758654623612
"relaxation of muscle",2.0298888995181,0.000212656057068691,0.00156620870517653
"myoblast differentiation",1.80420211943307,0.000213961144807574,0.00157115846571715
"rRNA transcription",-1.96254411348049,0.000221922869616538,0.00161723936277535
"outflow tract morphogenesis",1.83342755654218,0.000222191225909104,0.00161723936277535
"Golgi organization",1.73846818703787,0.000221722687922121,0.00161723936277535
"mitochondrial RNA processing",-2.08184287956573,0.000223307078122469,0.00162060867807008
"calcineurin-mediated signaling",1.9201476515709,0.000228527477598527,0.00165365947346806
"response to ischemia",1.91930834234218,0.000244218872335217,0.00176206756144188
"maintenance of location",1.67349273871915,0.000247820144287024,0.00178286840034897
"muscle cell apoptotic process",1.86962573207998,0.000265036168935848,0.00190121321184617
"cellular response to vascular endothelial growth factor stimulus",1.8178811928462,0.000270858655934262,0.00193738093380069
"negative regulation of protein-containing complex disassembly",1.79060166860324,0.000272684925910987,0.00194483904054905
"fatty acid catabolic process",1.80607145725113,0.000279470439322738,0.00198752329627231
"regulation of calcineurin-mediated signaling",1.9494419564253,0.000282770222065215,0.00200524483190247
"positive regulation of transmembrane receptor protein serine/threonine kinase signaling pathway",1.79156591159765,0.000284144542003051,0.00200925000926374
"hemostasis",1.65384988931787,0.000285696643297509,0.00201448599052392
"multivesicular body sorting pathway",1.89454496534054,0.00028661666250359,0.00201524803494025
"epigenetic regulation of gene expression",-1.5090163726578,0.000296314464254891,0.00207754943582102
"integrin-mediated signaling pathway",1.79843369068662,0.000297326772139709,0.00207877478436833
"mitotic recombination",-2.05938999171188,0.000302492831421867,0.00210895283030639
"detoxification",1.76449190157137,0.000313768926060046,0.00218144110498889
"regulation of protein-containing complex assembly",1.49169799510397,0.000318304164253468,0.00220679032312041
"negative regulation of syncytium formation by plasma membrane fusion",-1.95685516853804,0.000344947897862291,0.00238484869775545
"regulation of cytokinesis",-1.76883092265165,0.000348168526789146,0.00240042856525183
"calcium ion transmembrane import into cytosol",1.71549733379843,0.000350863551390053,0.00241230840595599
"regulation of muscle cell differentiation",1.71562575503355,0.000352783209622218,0.00241880642619432
"nucleobase metabolic process",-1.9669205228558,0.000355857929400762,0.00243316633821678
"positive regulation of DNA replication",-1.94178722261462,0.0003596950803718,0.00245264612495277
"muscle cell migration",1.77397766227776,0.000360956418671978,0.00245450364696945
"heart trabecula morphogenesis",1.96427101947102,0.000362305788461406,0.00245492380024798
"negative regulation of transport",1.53601167075423,0.00036299638786906,0.00245492380024798
"tissue remodeling",1.67908458768677,0.000364608384418354,0.00245912502751727
"smooth muscle cell migration",1.83468685229451,0.000376559832050801,0.00253284960203276
"DNA synthesis involved in DNA replication",-2.02841287581408,0.000383922335322982,0.00257539253046389
"regulation of protein localization to plasma membrane",1.79830732631813,0.000390677221606042,0.00261364114292775
"response to leukemia inhibitory factor",-1.71943506471206,0.000396429639144388,0.00264499560310852
"pyrimidine-containing compound biosynthetic process",-1.9302975452867,0.000413202300179968,0.00274951235669351
"positive regulation of double-strand break repair via homologous recombination",-1.93366583322285,0.000415704864788625,0.00275876864814269
"negative regulation of cytoskeleton organization",1.70534788048013,0.000420537511509856,0.00278339760951324
"cardiac atrium morphogenesis",1.98000290901475,0.000426501631302328,0.00281536449173505
"membrane fission",1.9257563064528,0.000440718765015722,0.00289382003907149
"regulation of body fluid levels",1.55528331087844,0.000440154509989338,0.00289382003907149
"regulation of spindle organization",-1.89750217570355,0.000461507629300944,0.00302232700771753
"signal transduction by p53 class mediator",-1.60579197991655,0.000471714996485922,0.00308104374020542
"DNA damage tolerance",-2.00358101698386,0.000476601921248735,0.00310479256834478
"positive regulation of transmembrane transport",1.7110511226831,0.000483718039456336,0.00314290097887599
"mesenchyme morphogenesis",1.81295653361996,0.000495756818676134,0.00321271128969756
"cellular response to metal ion",1.66195732359661,0.000508777713212743,0.00328850594842195
"regulation of SMAD protein signal transduction",1.81022477792615,0.000517429036717124,0.00333573732242052
"monocarboxylic acid catabolic process",1.76439876797806,0.000535903648488172,0.00344588822680737
"response to activity",1.79078349276056,0.000556416075873112,0.00355934201112645
"regulation of myoblast differentiation",1.76057748941261,0.000555376045824751,0.00355934201112645
"receptor-mediated endocytosis",1.56873584839946,0.0005640567536316,0.00359894309129468
"cellular component disassembly",1.45161640322577,0.000587141482898842,0.0037366286168075
"DNA-templated transcription termination",-1.88004739453331,0.000624214673353449,0.00396240618737407
"cardiac muscle cell membrane repolarization",1.86996345515293,0.000634165502670556,0.00401530300415388
"actin filament bundle organization",1.63185675328366,0.00063789439074264,0.00402863582143316
"regulation of calcium-mediated signaling",1.77152677670545,0.000687751918086613,0.00433248797129689
"negative regulation of autophagy",1.81161349647433,0.000723043970500365,0.00454327882223267
"tissue migration",1.72753337029277,0.000752916064937116,0.00471903452821697
"semi-lunar valve development",1.82571102314096,0.000758546259793113,0.00474234714560833
"sodium ion homeostasis",1.88420215354488,0.000776255510994509,0.0048408697946944
"NADH dehydrogenase complex assembly",1.8615036878074,0.000795360570944871,0.00494758129595281
"response to purine-containing compound",1.68602681248701,0.000804928490094293,0.00499458128103509
"acyl-CoA metabolic process",1.71314089958515,0.000813552723916732,0.00503550588718536
"positive regulation of leukocyte mediated immunity",-1.70420829782788,0.000816641787108594,0.0050420520288645
"actin filament polymerization",1.67234439870227,0.000823471562658611,0.00507160401617536
"import into nucleus",-1.55932540065727,0.000851004094603097,0.00521528929087626
"protein polymerization",1.53024926641379,0.000850317310826197,0.00521528929087626
"amino acid activation",-1.85111711719025,0.000862004542082637,0.00526969279174657
"positive regulation of SMAD protein signal transduction",1.81744999529386,0.000866917343768854,0.00528670478435945
"membrane fusion",1.60041335715794,0.000873317893512291,0.00531268385219977
"negative regulation of RNA catabolic process",-1.70605596344672,0.000877096173434665,0.00532262274441281
"pyrimidine nucleotide biosynthetic process",-1.93018380517293,0.000879684231948085,0.00532530796023207
"positive regulation of cytokinesis",-1.90509970610968,0.000893917186748945,0.00539830281632818
"endoplasmic reticulum to Golgi vesicle-mediated transport",1.64601924940541,0.000901037306807161,0.00542809367838683
"mitochondrial gene expression",-1.55036461966803,0.000906352772246172,0.00544689486855932
"organelle membrane fusion",1.65331758929878,0.000949809413697272,0.00569426803090973
"cardiac muscle cell action potential involved in contraction",1.76020925672566,0.000994531669799997,0.00593372020298941
"regulation of cell-matrix adhesion",1.7087031446712,0.000993836672341282,0.00593372020298941
"receptor metabolic process",1.7403387782153,0.00101702125302781,0.00604717203771082
"sterol metabolic process",1.66531976622695,0.00101841978717289,0.00604717203771082
"small molecule catabolic process",1.48485060051109,0.00104116943560592,0.00616750009349376
"histone mRNA metabolic process",-1.90436328903662,0.00106412684503598,0.00628747433077541
"pyruvate metabolic process",1.70345399502287,0.00106648940098971,0.00628747433077541
"response to angiotensin",1.83033054547849,0.0010767088368388,0.00631287534300687
"regulation of ossification",1.73756096588195,0.00107661349184544,0.00631287534300687
"regulation of protein polymerization",1.53635071706292,0.0010809718053094,0.00631287534300687
"connective tissue development",1.51374986994826,0.00107971492834161,0.00631287534300687
"renal system vasculature development",1.90315658053512,0.00109252122691122,0.00636534667885833
"deoxyribonucleotide metabolic process",-1.91294360388018,0.00113073739474547,0.00654940125429705
"vesicle budding from membrane",1.71589717365022,0.00112760065175069,0.00654940125429705
"vasculogenesis",1.68639152458964,0.00113202785579913,0.00654940125429705
"mitotic sister chromatid cohesion",-1.90387796757564,0.00113804929403252,0.00655368526169077
"regulation of cellular response to growth factor stimulus",1.5248863600125,0.00113724223518806,0.00655368526169077
"negative regulation of mRNA catabolic process",-1.65686738532622,0.00115015385580076,0.00660805988448492
"regulation of membrane repolarization",1.89450629444696,0.00117575851211824,0.00673956726807731
"protein localization to Golgi apparatus",1.91806374191737,0.0012244797166617,0.00699732533960798
"vesicle targeting",1.76077789665662,0.00122674308027845,0.00699732533960798
"membrane docking",1.71363992599443,0.00122918366159109,0.00699732533960798
"positive regulation of macroautophagy",1.68921363968458,0.00124487408958978,0.00707042903972961
"regulation of cell-substrate adhesion",1.58972576729461,0.00126325285868774,0.00715843286589719
"anterior/posterior axis specification",-1.80978407748959,0.00127709865244566,0.00722040741542168
"action potential",1.61840577415048,0.0013013067621605,0.00734055314473264
"heart valve development",1.70792763110888,0.00130921132338998,0.00736839570216309
"intra-Golgi vesicle-mediated transport",1.85669949542782,0.0013238940672037,0.0074341743773746
"DNA modification",-1.88260436551011,0.00133019465768957,0.00745269331915464
"regulation of double-strand break repair via nonhomologous end joining",-1.92259995439101,0.00135237459762957,0.00755989583629861
"regulation of actin filament polymerization",1.67215370487483,0.00135762944204428,0.00757221634866045
"protein localization to chromatin",-1.80102512691981,0.00137121488931951,0.00763084160379153
"regulation of actin filament bundle assembly",1.67453555742151,0.00137915623853184,0.0076578652886712
"heterochromatin organization",-1.55438177769801,0.00143527298437356,0.00795166863217675
"regulation of phagocytosis",1.69864389580628,0.00146435804364391,0.00809473644615632
"phagocytosis",1.60194321345045,0.00149163751389256,0.00822720957662516
"regulation of developmental growth",1.50146233130658,0.00149627113026913,0.00823446772799993
"foam cell differentiation",1.92846638383647,0.00152472610461213,0.00837250042399845
"cell-substrate junction organization",1.69103560873367,0.00156946035232295,0.00857041350201902
"positive regulation of protein secretion",1.64540995694481,0.00156975346034951,0.00857041350201902
"positive regulation of endocytosis",1.60370149877108,0.00157224308344409,0.00857041350201902
"mitochondrion organization",1.4527387905173,0.00157458040166022,0.00857041350201902
"somatic diversification of immunoglobulins",-1.74345076050355,0.00162858489791446,0.00884496218079583
"endocardial cushion formation",1.84233025930855,0.0016434170041234,0.00890602839352461
"aortic valve morphogenesis",1.76625329494359,0.00165686110617426,0.00895932301857192
"cellular response to chemical stress",1.49105984553486,0.00168036753235401,0.00906667872891882
"organelle fusion",1.61474423805239,0.00171381641791122,0.00922709837148729
"pancreas development",1.68970204509087,0.00172323360508523,0.00925771819874792
"sodium ion transport",1.56480965908459,0.00173402632750481,0.00929557957854632
"positive regulation of heart growth",1.8280581089579,0.0017617093785709,0.0094236264603728
"cardiac septum development",1.7005924328965,0.00178113746405036,0.00950706061456559
"positive regulation of autophagy",1.59736413453784,0.00181008011379888,0.00964081296662839
"regulation of vascular endothelial growth factor receptor signaling pathway",1.83620787245917,0.00183799658680295,0.00976853860480711
"regulation of meiotic cell cycle",-1.69650595972864,0.00185506614545536,0.0098381926773936
"regulation of transmembrane receptor protein serine/threonine kinase signaling pathway",1.48808431581165,0.00191078349905239,0.0101120781335779
"positive regulation of mRNA metabolic process",-1.55745740339058,0.00195389697741712,0.010318238931807
"steroid metabolic process",1.5318762316509,0.00196015947380896,0.0103293329384158
"regulation of myotube differentiation",1.76870302056981,0.00200604023664385,0.0105487115833687
"regulation of small GTPase mediated signal transduction",1.44936542643318,0.00201630374366566,0.0105802661559792
"trabecula morphogenesis",1.75693370869373,0.00204062713727564,0.0106853091871691
"negative regulation of JNK cascade",1.77832211815415,0.00205805213786344,0.0107312718617165
"protein-containing complex disassembly",1.47888346336553,0.00205636275844048,0.0107312718617165
"organic acid catabolic process",1.5212485748276,0.00208047421456959,0.0108027970723049
"alcohol metabolic process",1.4651293241436,0.00207755752141512,0.0108027970723049
"regulation of action potential",1.70716903470213,0.00210351097017723,0.0108749330821008
"nutrient storage",1.6781699027879,0.00210042819152126,0.0108749330821008
"regulation of transferase activity",-1.43372971508007,0.00210751120567707,0.0108749330821008
"negative regulation of organelle organization",-1.38160270492328,0.0021129429355886,0.0108803410085704
"positive regulation of G1/S transition of mitotic cell cycle",-1.76809425138397,0.00212731064920694,0.0109316460276017
"positive regulation of endothelial cell migration",1.66207902935128,0.0021593993296358,0.0110736139176778
"external encapsulating structure organization",1.43107286622214,0.00217315872883636,0.0111211958040657
"positive regulation of smooth muscle cell proliferation",1.70603450329622,0.00221456219428172,0.0113097600127721
"negative regulation of cytokine production",1.50128629634455,0.00224278776062032,0.011430388545913
"pyrimidine nucleotide metabolic process",-1.75427711084097,0.00226565660746173,0.0115232780731967
"regulation of systemic arterial blood pressure mediated by a chemical signal",1.81974478235948,0.00227623250232132,0.0115468075912624
"cell surface receptor protein serine/threonine kinase signaling pathway",1.41793231827399,0.0022795873165667,0.0115468075912624
"homologous chromosome pairing at meiosis",-1.77699012162834,0.00237649460710503,0.0120131560383599
"focal adhesion assembly",1.64075366294966,0.00239926885402232,0.012103628649763
"membrane repolarization",1.73879329035451,0.00243537863940794,0.012254824993041
"female gamete generation",-1.58419298954898,0.00243911504696303,0.012254824993041
"autophagy of mitochondrion",1.64660127744391,0.00244898378526955,0.0122795510202808
"ribose phosphate biosynthetic process",1.58034166037938,0.00246555799834304,0.0123377317578376
"response to reactive oxygen species",1.5341503027048,0.00248256184660748,0.0123978239502611
"regulation of epithelial to mesenchymal transition",1.65657345768197,0.00249192146028908,0.0124195764346135
"regulation of RNA splicing",-1.53803011926192,0.00250697010577956,0.0124695386824546
"response to toxic substance",1.53560545762667,0.00253081275527458,0.012562954517183
"protein localization to vacuole",1.6556514463868,0.00255854415541423,0.0126752626621519
"regulation of translation",-1.37013674615764,0.00258411015825127,0.0127764171569316
"nucleotide-excision repair",-1.5954000504184,0.00269329055462302,0.0132897557784778
"protein depolymerization",1.6411221415476,0.00270470988465982,0.0133196228843764
"regulation of cartilage development",1.6799945702742,0.00271676579440064,0.0133261120587004
"regulation of potassium ion transport",1.67951358165743,0.00271676579440064,0.0133261120587004
"endocytic recycling",1.64745122278367,0.00280099114122434,0.0137121499260726
"vascular endothelial growth factor receptor signaling pathway",1.70291735475126,0.0029101260455633,0.0141904378096033
"mitophagy",1.66864395945512,0.00290893281357558,0.0141904378096033
"RNA surveillance",-1.7500909326114,0.00293561762092027,0.014286672421812
"establishment of protein localization to vacuole",1.65155769895052,0.00294376912123455,0.0142983071602821
"basement membrane organization",1.74216371691307,0.00301517269243206,0.0146165207472976
"acetyl-CoA metabolic process",1.73207758487723,0.00304153427358139,0.0146932334294133
"negative regulation of ossification",1.72769012365296,0.00304283722107914,0.0146932334294133
"regulation of fatty acid oxidation",1.78589990681231,0.003055464876946,0.0147255608244271
"regulation of lipid metabolic process",1.44848103918893,0.00309190372596754,0.0148722966043632
"mitochondrial respiratory chain complex assembly",1.63623993953368,0.00309813223564409,0.0148734317386241
"constitutive heterochromatin formation",-1.7051388922357,0.00316351594409323,0.0151580049676436
"animal organ regeneration",-1.74267391512176,0.00320869309298153,0.0153448482789598
"positive regulation of cartilage development",1.8442948251464,0.00322443226089518,0.0153754284461426
"mRNA 3'-end processing",-1.73331810033529,0.00322747712346506,0.0153754284461426
"male meiotic nuclear division",-1.82149350329553,0.00332727340157964,0.0157375560632444
"transforming growth factor beta production",1.77838615335383,0.00332251385058021,0.0157375560632444
"positive regulation of blood circulation",1.76061863624557,0.00333262696648309,0.0157375560632444
"late endosome to vacuole transport",1.72192864969231,0.00333519520115494,0.0157375560632444
"mitotic cytokinesis",-1.5786050527638,0.00332537152663358,0.0157375560632444
"negative regulation of immune effector process",1.61231059844961,0.00337726293706635,0.0159058189939254
"cytokinesis",-1.47475057811499,0.00345595375337883,0.0162456007876634
"collagen biosynthetic process",1.71166239853787,0.0034788496242943,0.0162915184292424
"establishment of protein localization to plasma membrane",1.67814231396749,0.00347419249242274,0.0162915184292424
"vasodilation",1.72762354761413,0.00350113937684292,0.0163650243565426
"cell fate commitment involved in formation of primary germ layer",-1.79121506152935,0.00351444028764604,0.0163963172818373
"cellular response to ionizing radiation",-1.66476760693469,0.00355255786126476,0.0165430555565837
"alpha-amino acid biosynthetic process",-1.69643508387532,0.00357915342203645,0.0166356906245215
"response to transforming growth factor beta",1.47965955965866,0.00362176752983329,0.0168022934748528
"positive regulation of cell cycle G1/S phase transition",-1.67877684181965,0.00364063218407966,0.0168583005240405
"regulation of potassium ion transmembrane transport",1.7426695768541,0.00365685066039893,0.0169018684154751
"positive regulation of B cell mediated immunity",-1.79303135048927,0.00370364571497685,0.0170302625388586
"multivesicular body organization",1.70355212438592,0.00370521425100065,0.0170302625388586
"reactive oxygen species metabolic process",1.51726655409196,0.00370138944346095,0.0170302625388586
"negative regulation of DNA repair",-1.74842431631127,0.00377689885012377,0.0173276579408636
"maintenance of cell number",-1.51174745912161,0.00383116336383809,0.0175441835222254
"ketone metabolic process",1.50631599536471,0.00390822162571495,0.0178640995856805
"regulation of cAMP/PKA signal transduction",1.70416117812782,0.00391795137979393,0.0178756531703098
"clathrin-dependent endocytosis",1.73848375604853,0.0039493956470989,0.0179860550387146
"neuron cellular homeostasis",1.69057550629244,0.00407329825563534,0.0184824977522613
"nucleoside phosphate biosynthetic process",1.3953649410466,0.00407059781639444,0.0184824977522613
"positive regulation of cell killing",-1.7310472750487,0.00408387143815252,0.0184966585939682
"smooth muscle cell differentiation",1.64507133526874,0.00412697265638047,0.0186341019345025
"response to radiation",-1.32409543868976,0.00412923290248846,0.0186341019345025
"regulation of actomyosin structure organization",1.63238084492934,0.00421648798453385,0.0189933270011126
"DNA methylation-dependent constitutive heterochromatin formation",-1.79744266997955,0.00427056071638589,0.0192020501776626
"vasoconstriction",1.69658698701922,0.00430792611016306,0.0193350318362111
"negative regulation of monoatomic ion transport",1.61548528822419,0.00431640431464354,0.0193381146370853
"endothelial cell differentiation",1.5981753050837,0.0043705366028656,0.019545354681644
"cognition",1.39796058347738,0.00438159744233296,0.0195595770717093
"response to prostaglandin",1.82521621764165,0.00441203201471196,0.0196341953583468
"regulation of protein localization to membrane",1.52163790528006,0.00441413417000706,0.0196341953583468
"cardiac muscle cell proliferation",1.71086110938245,0.00448903663752654,0.0199316438896974
"endocardial cushion morphogenesis",1.71551799486202,0.0045849189734737,0.0203210158788602
"B cell receptor signaling pathway",1.70307951103439,0.00459383904929758,0.0203242576120438
"response to interleukin-1",1.60546221153469,0.00461663041974801,0.0203525341062426
"response to mechanical stimulus",1.53820829670213,0.00461299355938972,0.0203525341062426
"regulation of cell division",-1.48192213985935,0.00470686307962045,0.0207135357510957
"negative regulation of locomotion",1.42260288587494,0.00474748205695988,0.0208553105581848
"learning or memory",1.46169729020004,0.00480187429301576,0.02105698232379
"embryonic heart tube morphogenesis",1.59527044894873,0.00490857420836459,0.0214869156704778
"cellular response to angiotensin",1.73898428209963,0.00498322932940436,0.021737039008052
"regulation of epithelial cell migration",1.66239949834104,0.00498322932940436,0.021737039008052
"positive regulation of organ growth",1.69743669737296,0.00501528084685627,0.0218384685296443
"memory",1.52501400952963,0.00503693107658996,0.021894330879328
"B cell homeostasis",1.7214040864612,0.00505191645403315,0.0219210780400529
"positive regulation of lipid metabolic process",1.61146610762483,0.00506836905907675,0.0219540872681126
"regulation of striated muscle cell differentiation",1.60682691634605,0.00512318722152441,0.0221528757557902
"positive regulation of calcium ion transmembrane transport",1.66951735300785,0.00530087001533451,0.0228415961424657
"response to organophosphorus",1.58608455250671,0.00529191164209995,0.0228415961424657
"phospholipase C-activating G protein-coupled receptor signaling pathway",1.59280950233551,0.00537696022206227,0.0230892997770909
"vesicle localization",1.45177563081139,0.00536997538704176,0.0230892997770909
"immunoglobulin production involved in immunoglobulin-mediated immune response",-1.65560143376107,0.00541565832079895,0.0232153090711969
"renal absorption",1.7111625110794,0.00545606146844643,0.023348180283938
"steroid biosynthetic process",1.5115098729266,0.00548088709899443,0.0234140478136044
"regulation of cardiac muscle cell proliferation",1.70647810140072,0.00551630730502723,0.0235248706719546
"mesenchyme development",1.42467901795984,0.00559146459646196,0.0238044856405122
"glucan biosynthetic process",1.70114107844055,0.00567736455271379,0.0241185471161294
"embryonic heart tube development",1.63332117616528,0.00569438703064134,0.0241185471161294
"glucose metabolic process",1.47554274141165,0.00569100547553727,0.0241185471161294
"positive regulation of mitotic nuclear division",-1.72423901053796,0.00574246318007197,0.0242807386932515
"positive regulation of epithelial cell migration",1.66853656118776,0.00576266666039738,0.0243247255971196
"negative regulation of telomere maintenance via telomere lengthening",-1.76542706331357,0.00588658091165601,0.024805592228744
"artery morphogenesis",1.5705763408398,0.00599947927187581,0.0251957826612449
"regulation of cellular component size",1.37700367093001,0.00599399553146416,0.0251957826612449
"positive regulation of cell adhesion",1.33874204833418,0.00602871516190282,0.0252757956618966
"detection of mechanical stimulus",1.65655778041671,0.0060521598648462,0.025331299805309
"positive regulation of bone mineralization",1.66895701115008,0.00607709046663314,0.0253928258218576
"negative regulation of blood pressure",1.69276045276983,0.00618352380900809,0.0257941278890052
"cellular response to reactive oxygen species",1.50993171778969,0.00623850031984084,0.0259797949561157
"membrane depolarization during action potential",1.68323815983954,0.00626435304210259,0.0260437592135655
"regulation of systemic arterial blood pressure",1.63464377422566,0.00629961206485364,0.0261465504096434
"pyrimidine-containing compound metabolic process",-1.61166340070188,0.00634370704357329,0.0262856108216175
"positive regulation of MAP kinase activity",-1.75252352074851,0.00635749771105932,0.0262988488647487
"axis specification",-1.56518615243407,0.00638230823678419,0.026357552485355
"regulation of mitochondrial fission",1.7604743150574,0.00643480937779468,0.0264980714839387
"nucleoside monophosphate metabolic process",-1.6101668363293,0.00643768618243959,0.0264980714839387
"segmentation",-1.54182350254622,0.00645573719003816,0.0265283769961502
"bone mineralization",1.54159488824745,0.00648322616008771,0.0265973013708061
"positive regulation of cell-substrate adhesion",1.56542116740316,0.00663367273870275,0.027169596926502
"B cell mediated immunity",-1.53242818466788,0.00664701484405049,0.0271793918334981
"very long-chain fatty acid metabolic process",1.6839301451009,0.00673129131066766,0.0274787253833505
"epithelial cell development",1.44844967980339,0.00677647264003721,0.0276177423523356
"late endosome to vacuole transport via multivesicular body sorting pathway",1.7332448151595,0.00683448198975064,0.0278084988501002
"positive regulation of adaptive immune response",-1.55313683601947,0.00685899253839379,0.0278625523409057
"somite development",-1.55412435356311,0.0069413330070305,0.0281509616396237
"potassium ion transport",1.46261977455442,0.00699864989458246,0.0283371109924204
"nucleoside diphosphate catabolic process",1.55799000548936,0.00711712117490443,0.0287698611663075
"regulation of biomineral tissue development",1.58109226032159,0.00714015426996311,0.0288160372325991
"positive regulation of blood vessel endothelial cell migration",1.61062370553925,0.00716496951343297,0.0288224543473916
"positive regulation of epithelial to mesenchymal transition",1.61030511139769,0.00716496951343297,0.0288224543473916
"DNA-templated transcription elongation",-1.45286811539984,0.0071858918404471,0.0288598439287859
"renal system process",1.58287752099637,0.0072964386374093,0.0292564793183358
"regulation of bone mineralization",1.63783404871965,0.00742596958146199,0.0297278330664333
"positive regulation of nuclear division",-1.63910837857297,0.00744649101242609,0.0297619817920154
"heterotypic cell-cell adhesion",1.62935068603981,0.0075943227862486,0.0303040340120081
"regulation of protein localization to cell periphery",1.52125500922429,0.00761216379075742,0.0303264695484108
"Rho protein signal transduction",1.53804127448256,0.00774243114559022,0.0307960161912739
"negative regulation of endothelial cell proliferation",1.67144495107558,0.007791967536178,0.0309434614796701
"nuclear envelope organization",-1.5863176357404,0.00784873354591314,0.0311191000973745
"JNK cascade",1.48754426231777,0.00796474615689467,0.0315257624998194
"renal system development",1.39253696846488,0.00798340660543817,0.0315257624998194
"amino acid metabolic process",-1.36080433725566,0.00798940556502273,0.0315257624998194
"transcription by RNA polymerase III",-1.56935816629096,0.00803164894634755,0.0316421471187851
"vascular associated smooth muscle cell proliferation",1.66066044959737,0.00816445662013672,0.032106176683001
"vascular endothelial growth factor signaling pathway",1.6145314286101,0.0081753036517553,0.032106176683001
"nucleoside diphosphate metabolic process",1.49947138886936,0.0082219761046045,0.0322384592284808
"response to gamma radiation",-1.62913030958009,0.00823720995590741,0.0322385854493228
"sprouting angiogenesis",1.49585795088853,0.00826097515945581,0.0322385854493228
"vesicle-mediated transport in synapse",1.42585984277697,0.00825175640730164,0.0322385854493228
"carbohydrate catabolic process",1.45333818920593,0.00829951657329655,0.0323103066056163
"lipid localization",1.34168006152397,0.0083053890468909,0.0323103066056163
"establishment of mitotic spindle localization",-1.65400378786333,0.00833515559512178,0.0323375097268169
"positive regulation of calcium ion transport",1.56860598537262,0.00835146806401678,0.0323375097268169
"endothelium development",1.47360600721672,0.00834672922685501,0.0323375097268169
"Golgi to plasma membrane protein transport",1.60439800788926,0.00845261391261214,0.0326781740359865
"cardiac conduction system development",1.65633511781459,0.0084911766375784,0.0327331170023168
"positive regulation of actin filament bundle assembly",1.59333678378378,0.00850639019600899,0.0327331170023168
"neuromuscular process",1.44352975846765,0.00849445512516345,0.0327331170023168
"virion assembly",1.64009371826588,0.00857144862963048,0.0329324078927908
"epithelial cell proliferation",1.37199341926161,0.00864770207626539,0.0331740286758744
"negative regulation of DNA biosynthetic process",-1.71237213896728,0.00876928020688094,0.0334851591899669
"regulation of cellular response to vascular endothelial growth factor stimulus",1.66162851383643,0.00876391426592494,0.0334851591899669
"hepaticobiliary system development",-1.4701910013395,0.00875828879161462,0.0334851591899669
"regulation of G protein-coupled receptor signaling pathway",1.50606994102359,0.0088357674977234,0.0336872118730407
"peroxisome organization",1.6770354433894,0.00901758783761158,0.0343276886701717
"cellular response to nutrient levels",1.39362260070906,0.00922528475285398,0.035064558585886
"cellular response to nutrient",1.60437672979682,0.00936778542353824,0.0355517483504922
"amine metabolic process",1.52106359438823,0.00942591152354537,0.0357177288571597
"positive regulation of cytoskeleton organization",1.43800377113391,0.00947945901628313,0.0358658799975834
"GO:0086019",1.7091315777143,0.00953127672908882,0.0359401674368728
"regulation of cyclin-dependent protein serine/threonine kinase activity",-1.67769148467006,0.00951776567578926,0.0359401674368728
"negative regulation of telomere maintenance",-1.67650945333545,0.00955701470924096,0.0359401674368728
"Golgi to plasma membrane transport",1.59855442929313,0.0095488946158339,0.0359401674368728
"neurotrophin signaling pathway",1.62368189360833,0.00969573723509724,0.0364066865620444
"stress fiber assembly",1.5109784432182,0.00982931602742891,0.0368525111481549
"positive regulation of small molecule metabolic process",1.48920969665811,0.00997937902826353,0.0373587009776019
"tRNA wobble base modification",-1.6957682378955,0.00999617731075969,0.0373652290441349
"positive regulation of protein import into nucleus",-1.64776202910391,0.0100616220028712,0.0375533019716185
"negative regulation of DNA recombination",-1.63839939632726,0.0100817147070728,0.0375548549580443
"face development",1.62494050367833,0.0101074307461618,0.0375548549580443
"cellular response to oxygen levels",1.426047962393,0.0100939624146292,0.0375548549580443
"ovulation cycle process",1.58371015968199,0.0101770110373534,0.037756863071317
"secondary metabolic process",1.61087598450451,0.0103475366446916,0.0382181338573282
"adherens junction organization",1.56479890951462,0.0103278270510827,0.0382181338573282
"receptor internalization",1.4767198246159,0.010333990165303,0.0382181338573282
"positive regulation of striated muscle cell differentiation",1.65035197772578,0.0106135825552934,0.0390844390240922
"regulation of canonical Wnt signaling pathway",1.39835210447016,0.0106031912299923,0.0390844390240922
"response to oxidative stress",1.32304990010471,0.0108246782080525,0.0398027426850166
"regulation of signal transduction by p53 class mediator",-1.50158575002146,0.0108476421333477,0.0398281771819066
"positive regulation of peptidyl-tyrosine phosphorylation",1.66073202986797,0.0111198449307252,0.0405901025535842
"regulation of endothelial cell differentiation",1.64629752446804,0.0110923819635663,0.0405901025535842
"phenol-containing compound metabolic process",1.56303726815513,0.0110862067930954,0.0405901025535842
"regulation of steroid metabolic process",1.51789962684936,0.0111205760420779,0.0405901025535842
"canonical Wnt signaling pathway",1.35859250052336,0.0111466084627409,0.040625377686524
"response to tumor necrosis factor",1.41995361411796,0.0114088816030407,0.0415202993236758
"negative regulation of endothelial cell migration",1.59386181425758,0.0116889520167977,0.0424772751181432
"somitogenesis",-1.5691188219547,0.0117497496210232,0.04257354534216
"amino acid biosynthetic process",-1.56752890042434,0.0117497496210232,0.04257354534216
"positive regulation of phagocytosis",1.59402045187121,0.0117691677281703,0.0425817409640216
"long-term synaptic potentiation",1.49102564746449,0.0118169863932748,0.042692518527086
"vesicle-mediated transport between endosomal compartments",1.61277851714656,0.0119509309363274,0.0430511038954494
"striated muscle cell proliferation",1.53935324763919,0.0119417300111292,0.0430511038954494
"regulation of peptidyl-tyrosine phosphorylation",1.57180552673765,0.0119740468569006,0.0430718613026482
"regulation of membrane depolarization",1.62350784606111,0.01221005490585,0.0438572449729662
"negative regulation of canonical Wnt signaling pathway",1.44817767895227,0.0123803917735443,0.0443949850534016
"cell-cell junction organization",1.43438087403481,0.0124134245072767,0.0443949850534016
"response to steroid hormone",1.38797972855553,0.0124060814866971,0.0443949850534016
"cytoplasmic translational initiation",-1.57551248584915,0.0125412714346892,0.0447876772674799
"positive regulation of cell-matrix adhesion",1.60942362328868,0.0125808220156538,0.0448000003484257
"positive regulation of response to wounding",1.56891483426046,0.0125808220156538,0.0448000003484257
"antigen processing and presentation of exogenous peptide antigen",-1.64248384319913,0.0125996270711422,0.0448026853733164
"regulation of cell fate commitment",-1.64100306590072,0.012951008838949,0.0458550698120846
"ubiquitin-dependent protein catabolic process via the multivesicular body sorting pathway",1.60785211442071,0.0129350497844941,0.0458550698120846
"positive regulation of protein localization to nucleus",-1.49571675920729,0.0129345482165876,0.0458550698120846
"purine-containing compound catabolic process",1.44312074629462,0.0129806460137603,0.0458945347665999
"regulation of neurotransmitter secretion",1.52389905436664,0.0134361549848999,0.0473028888971935
"negative regulation of monoatomic ion transmembrane transport",1.51568187916135,0.0134179865126604,0.0473028888971935
"temperature homeostasis",1.40908267165432,0.0134242588579753,0.0473028888971935
"developmental pigmentation",1.54855191557953,0.0134865441551508,0.047413034834397
"transforming growth factor beta receptor signaling pathway",1.39620060913396,0.0137280533393636,0.0481938166736922
"regulation of leukocyte mediated immunity",-1.39886973006881,0.0137822006482572,0.0483155678092857
"positive regulation of coagulation",1.68750679340428,0.0140222865978081,0.0489155900069121
"positive regulation of muscle cell differentiation",1.52540547196221,0.014015156701764,0.0489155900069121
"cytoskeleton-dependent cytokinesis",-1.38730507923486,0.0140321918150368,0.0489155900069121
"response to xenobiotic stimulus",1.31615321143171,0.0140239182307412,0.0489155900069121
"regulation of cell migration involved in sprouting angiogenesis",1.58119699624982,0.0141223471927909,0.0490919688130349
"cartilage development",1.39785488049212,0.0141105699115385,0.0490919688130349
"positive regulation of translation",-1.38583240082097,0.0142312266832185,0.0494012652136341
"regulation of isotype switching",-1.62211511118192,0.0144404845842717,0.0499878420336991
"fat cell differentiation",1.35870273456752,0.014422512859109,0.0499878420336991
"positive regulation of synaptic transmission",1.46341195850467,0.0145323632482111,0.0502358295014763
"regulation of transcription by RNA polymerase III",-1.62094303798545,0.0146198671933988,0.0504680255549593
"regulation of cytosolic calcium ion concentration",1.57137985521605,0.0146911262752349,0.0506435769654626
"response to fluid shear stress",1.49059504553189,0.0147247518223611,0.0506873393999192
"response to nutrient",1.46309511409831,0.0147446652081957,0.0506873393999192
"endocrine system development",1.48256053055414,0.0149241654802954,0.0512334422158967
"bile acid metabolic process",1.56023610321534,0.0150049173218904,0.0514395093825028
"glutathione metabolic process",1.59045032726927,0.0150828545469915,0.0515221558943826
"regulation of sodium ion transport",1.51954002409144,0.0150635682114065,0.0515221558943826
"membrane depolarization",1.47945261732218,0.0150913002962192,0.0515221558943826
"negative regulation of growth",1.35717597841686,0.0151544824165503,0.0516667930740082
"detection of abiotic stimulus",1.48838011605069,0.015253157706915,0.0519318757593458
"COPII-coated vesicle budding",1.56386275463967,0.0152771854916794,0.05194243067171
"homotypic cell-cell adhesion",1.50623349024983,0.0153198953398121,0.0520163888281993
"positive regulation of myoblast differentiation",1.52543897372696,0.0154722696745067,0.0523927696404978
"biomineral tissue development",1.46656411292206,0.0154729654095426,0.0523927696404978
"negative regulation of translational initiation",-1.61693646604627,0.0154996284063213,0.0524115500061165
"regulation of Rho protein signal transduction",1.47704423317767,0.0155604557559554,0.0525456478724916
"brown fat cell differentiation",1.56465851920296,0.0156651139956953,0.052827191490918
"cellular response to acid chemical",1.4722605777911,0.0158732261293004,0.0534373896044691
"regulation of inflammatory response",1.33223781966788,0.0158891190685327,0.0534373896044691
"regulation of reproductive process",-1.4090930396092,0.0160356422480064,0.0538571908789606
"positive regulation of developmental growth",1.4255203319559,0.0161188525461607,0.0540635027291498
"cellular response to fluid shear stress",1.58146197506653,0.0161655072772965,0.0541468138491903
"positive regulation of stress fiber assembly",1.5623930229277,0.0164143588382539,0.0548955797571912
"retrograde vesicle-mediated transport, Golgi to endoplasmic reticulum",1.53371176285372,0.0164332859627692,0.0548955797571912
"calcium ion transport into cytosol",1.65746126907385,0.0165198993174603,0.0551107393896997
"ventricular septum morphogenesis",1.57678926384242,0.0166629032061551,0.0555131889364792
"receptor recycling",1.57487614297624,0.0168287018768894,0.0559903995421441
"positive regulation of secretion",1.36266899000112,0.0172424354660835,0.0572901269435331
"regulation of cell killing",-1.48590807753051,0.0172743185780623,0.0573193298272066
"organic hydroxy compound transport",1.37966423337324,0.0174235742140166,0.0577373981297586
"regulation of vasculature development",1.36900002630218,0.0175183085949806,0.0579739225769891
"neural tube patterning",-1.60091322981889,0.0177270949643086,0.0585324121479712
"nuclear-transcribed mRNA catabolic process, deadenylation-dependent decay",-1.50299240125904,0.0177342360738414,0.0585324121479712
"negative regulation of macroautophagy",1.55390946553087,0.017858334906593,0.0588637280719306
"intrinsic apoptotic signaling pathway in response to DNA damage by p53 class mediator",-1.5726002057574,0.0179574456277416,0.059001393829829
"DNA damage response, signal transduction by p53 class mediator",-1.49203904066202,0.0179714156870873,0.059001393829829
"response to UV",-1.38505332672541,0.017971005629706,0.059001393829829
"vesicle targeting, to, from or within Golgi",1.60513910056217,0.0180764093071575,0.0592676986794781
"regulation of neurotransmitter transport",1.46290322861282,0.0182386851815396,0.0597208662540651
"plasma membrane organization",1.44347282558827,0.0182919750161929,0.0598164453098693
"p38MAPK cascade",1.5350727349116,0.0183963374766852,0.0600785652857009
"pyridine-containing compound catabolic process",1.47971342284985,0.0184814340770104,0.0602771608135873
"vesicle tethering",1.59885937849229,0.0187162657864565,0.0607879628926126
"response to chemokine",1.56503783406877,0.0186804507967884,0.0607879628926126
"positive regulation of biomineral tissue development",1.54391358899318,0.0187165831967822,0.0607879628926126
"regulation of cell cycle G1/S phase transition",-1.3652432785995,0.0187360159600518,0.0607879628926126
"regulation of extracellular matrix organization",1.45695255377498,0.0189687009704742,0.0614625532750876
"endothelial cell proliferation",1.43757611961118,0.0193844696259666,0.0627278404323978
"kidney epithelium development",1.40207767852713,0.0194508547959185,0.0628607052128514
"negative regulation of innate immune response",-1.41780151863683,0.0195300328156527,0.0630345142372561
"positive regulation of protein localization to plasma membrane",1.56893708211053,0.0196550590583607,0.0632734845432572
"regulation of receptor-mediated endocytosis",1.46399437711194,0.0196527667834194,0.0632734845432572
"cellular oxidant detoxification",1.48658151582218,0.0198450672345489,0.0638024052799876
"post-embryonic development",1.48960470579873,0.0200636800486807,0.0644218032093473
"animal organ formation",1.4927631191622,0.0202773590947593,0.0650237794227295
"response to insulin",1.3506769127904,0.0203345231889018,0.0651229503933605
"regulation of small molecule metabolic process",1.32817110593151,0.0205981541720117,0.0658822405347075
"face morphogenesis",1.58339203434033,0.0206358382249739,0.0659178255783592
"embryonic axis specification",-1.56777014703574,0.0206822600917566,0.0659811947914394
"regulation of antigen receptor-mediated signaling pathway",1.46497460418603,0.0209141635960236,0.0666353710466375
"acyl-CoA biosynthetic process",1.5328226699696,0.0209557673421996,0.0666823263376145
"regulation of epithelial cell proliferation",1.33731260897904,0.0212728063974564,0.0676044884487668
"regulation of protein localization to cell surface",1.53393402120645,0.0213922772143436,0.0678972276803078
"positive regulation of nucleotide metabolic process",1.55317859832984,0.0215066829471442,0.0681731635693637
"negative regulation of cellular response to growth factor stimulus",1.46497445135428,0.0216708950503394,0.068606073360896
"regulation of lipid storage",1.55655684661725,0.0221759773951632,0.0701156380825414
"endocrine process",1.50517665368416,0.0222591893178467,0.0702891957848544
"protein localization to endoplasmic reticulum",1.54472505269748,0.0224485650945774,0.0707971265117423
"atrioventricular valve development",1.54897692866818,0.0226599451802138,0.0713730760625514
"response to carbohydrate",1.36352433104044,0.0233336906606181,0.0734020535103347
"cellular response to oxidative stress",1.37181695486872,0.0234655324784268,0.0737233564701965
"establishment of spindle orientation",-1.61489332173946,0.0236220943845682,0.0741214137326146
"alternative mRNA splicing, via spliceosome",-1.45351114301665,0.0238036204086321,0.0745966993108901
"regulation of vasoconstriction",1.53009446291527,0.0238783725343422,0.0747365960028214
"regulation of intracellular transport",1.31571033597631,0.0239419070950619,0.0748410748236064
"regulation of spindle assembly",-1.57809617107899,0.024065933318725,0.0751341465372018
"regulation of mitochondrion organization",1.46211383859784,0.024269135233943,0.0754924045925438
"regulation of reactive oxygen species metabolic process",1.45427720793577,0.0242295740716715,0.0754924045925438
"ribonucleotide catabolic process",1.3710315371902,0.0242719334669017,0.0754924045925438
"positive regulation of peptide secretion",1.43748003613807,0.0243692095164508,0.0757000976468471
"response to laminar fluid shear stress",1.52288183748358,0.0245614492468929,0.0762018962884853
"response to corticosteroid",1.39986176149848,0.0247306307511767,0.0766309931640708
"antigen processing and presentation of exogenous antigen",-1.56451659325699,0.0248439268527355,0.0767903193630006
"telomere maintenance in response to DNA damage",-1.52819166731875,0.0248319850576504,0.0767903193630006
"antigen receptor-mediated signaling pathway",1.41013626161964,0.0249365616752921,0.0768851504075464
"stem cell proliferation",-1.389983395373,0.0249107438614395,0.0768851504075464
"blood vessel remodeling",1.48576820058861,0.0251293440271679,0.0773834142375071
"positive regulation of ossification",1.52129487275315,0.0251778562743246,0.0774367277235113
"regulation of vacuole organization",1.48438465125755,0.0252265561897488,0.0774904857214809
"negative regulation of epithelial cell proliferation",1.43774672229509,0.0252887904245314,0.0775856339106143
"proteinogenic amino acid biosynthetic process",-1.49419559437015,0.025450611055122,0.0779856995540898
"endothelial cell development",1.46492632677461,0.0255603383097225,0.0782253510292618
"Schwann cell differentiation",1.53619614084107,0.0256512869375154,0.0784070125356075
"protein quality control for misfolded or incompletely synthesized proteins",1.59123853184796,0.025925884318179,0.0791488866884627
"lung alveolus development",1.49328382173985,0.0260746437464972,0.0794945662827711
"negative regulation of MAPK cascade",1.38143544310087,0.0261031714425699,0.0794945662827711
"translational initiation",-1.37538073034221,0.0262339473459964,0.0797949231774057
"nephron development",1.40670942206393,0.0263313460181168,0.0798953555219633
"regulation of osteoblast differentiation",1.36210149688404,0.0263313460181168,0.0798953555219633
"DNA-templated transcription initiation",-1.30464710737559,0.0265603172583609,0.0804917062701487
"spindle localization",-1.48475404529005,0.0266923596559642,0.0807932154464672
"mesenchymal cell proliferation",1.53062974356122,0.0269583416370248,0.0813323854771074
"regulation of cell-substrate junction organization",1.40880674146067,0.0269687966348346,0.0813323854771074
"ameboidal-type cell migration",1.32638535220739,0.0269085408685293,0.0813323854771074
"platelet activation",1.40047008182552,0.0271191298034071,0.0816865050631752
"regulation of intracellular estrogen receptor signaling pathway",-1.51589530663441,0.0273994318279415,0.0824307755114554
"regulation of B cell mediated immunity",-1.51892980998645,0.0274716550811735,0.0824747924617051
"mononuclear cell migration",1.34663137442604,0.0275137502652264,0.0824747924617051
"exocytosis",1.30507351770231,0.0275002430484832,0.0824747924617051
"nucleotide biosynthetic process",1.37549480783403,0.0277192009047165,0.0829904181489824
"positive regulation of protein serine/threonine kinase activity",-1.51723536368169,0.027931916091037,0.0835265249854865
"collagen metabolic process",1.45698476173238,0.0280475385486402,0.0837713485893201
"regulation of glycolytic process",1.47637657586653,0.0282125413463598,0.0841628937760398
"polysaccharide biosynthetic process",1.49440759549,0.0283141567155424,0.0843646302136569
"membrane repolarization during action potential",1.58663930127729,0.0285621660681755,0.0848997559056427
"mRNA modification",-1.53618609126307,0.0285385766960616,0.0848997559056427
"adenylate cyclase-modulating G protein-coupled receptor signaling pathway",1.39272071572202,0.0287557797350996,0.0853730206967909
"response to ketone",1.35360729929941,0.028804271775125,0.085414817856464
"apoptotic mitochondrial changes",1.42235726996745,0.0293246336266211,0.0868541058010426
"cellular response to radiation",-1.28857603871521,0.0295690567631045,0.0874736577902567
"multicellular organismal-level chemical homeostasis",1.45356430434398,0.0297065272672263,0.0876713444438236
"regulation of lipid localization",1.35819079670165,0.0297059707176507,0.0876713444438236
"negative regulation of adaptive immune response",1.50244421118741,0.0297835531148558,0.0876901290997296
"regulation of membrane permeability",1.4338057876109,0.029780800848878,0.0876901290997296
"fertilization",-1.34447612128293,0.0299934929845845,0.0882036132556145
"cell fate specification",-1.40523595769442,0.0301161517203205,0.088459513100397
"cell junction disassembly",1.5123211322118,0.030233740785743,0.0886170181036827
"positive regulation of protein localization to membrane",1.45529198862753,0.0302411822456967,0.0886170181036827
"insulin-like growth factor receptor signaling pathway",1.46208799138804,0.0305223147199131,0.0892301356122782
"transcription elongation by RNA polymerase II",-1.3299563955565,0.0305090364268371,0.0892301356122782
"negative regulation of molecular function",1.28558563648972,0.0307304965045407,0.0897330497932589
"intracellular lipid transport",1.48544921210989,0.0308795100064094,0.0899877389704457
"metencephalon development",-1.35812547999814,0.0308902311050845,0.0899877389704457
"cardiac epithelial to mesenchymal transition",1.47005683983747,0.0309914405838533,0.0901767356730644
"protein N-linked glycosylation",-1.36912915039196,0.0313909772227961,0.0912323249027868
"regulation of JNK cascade",1.37806800272807,0.0316565824505637,0.0918966522132155
"positive regulation of steroid metabolic process",1.49611770439782,0.0318505639827065,0.0920292197963649
"microtubule depolymerization",-1.46248694577541,0.0318142499181414,0.0920292197963649
"response to osmotic stress",1.44723761619501,0.0318080692041884,0.0920292197963649
"protein targeting",1.31733550570632,0.031778106681607,0.0920292197963649
"determination of adult lifespan",-1.51475202791545,0.031891319983673,0.0920398327900888
"positive regulation of stem cell population maintenance",-1.46143850170383,0.0321619431966026,0.0927130580882319
"vesicle coating",1.42657234606049,0.0324503213193811,0.0934358439845754
"positive regulation of cell projection organization",1.26239039986266,0.0326274208224411,0.09383691596906
"regulatory ncRNA processing",-1.47711179196547,0.0328404652049697,0.0943403178689061
"ventricular septum development",1.37946509164985,0.0329206863136639,0.0944614374919235
"vesicle docking",1.503684527658,0.0329747744452686,0.0945073789528369
"ossification",1.26354278525567,0.0331128628037944,0.0947936856736075
"epithelial cell differentiation involved in kidney development",1.47378129039919,0.0331668605099983,0.0948388799375759
"regulation of microtubule cytoskeleton organization",-1.31430589475249,0.0332981736977559,0.0951047953024513
"substrate adhesion-dependent cell spreading",1.42449565657153,0.0334576939240576,0.095340983145248
"organophosphate catabolic process",1.31245833108302,0.0334478038123355,0.095340983145248
"mitochondrial transport",1.41244784190654,0.0335292666779962,0.0954353668518194
"respiratory system development",1.29950146238885,0.0336761164663446,0.0957435521987025
"ketone biosynthetic process",1.50982458535087,0.0338108571793268,0.0960166447586833
"response to monosaccharide",1.35648522943479,0.0340099386539004,0.096471620273121
"immunoglobulin production",-1.44032476947499,0.0343551617284933,0.0973396248973978
"regulation of cholesterol metabolic process",1.50860415077907,0.0345218870098538,0.097700482962893
"protein localization to cell surface",1.48122906826445,0.0348955764078608,0.0986455815994425
"cell differentiation involved in kidney development",1.46724819436552,0.034995375296996,0.0988151552754768
"protein-containing complex localization",-1.37580156388176,0.0352098680169841,0.0993078322933574
"sterol transport",1.37778193969364,0.035365957435982,0.0996348539796904
"sodium ion transmembrane transport",1.37900915178867,0.035660006096394,0.10034935955924
"mitochondrial fission",1.50349535765672,0.0358123879498442,0.100664039514737
"protein folding",-1.28066808975137,0.036118776792237,0.101410411762819
"regulation of autophagosome assembly",1.47459843511919,0.036246085870106,0.101652864553224
"humoral immune response",1.41141386088412,0.0363745132999395,0.101897902946332
"single fertilization",-1.35918772212794,0.0367273617859142,0.102770362968026
"regulation of nucleocytoplasmic transport",-1.3763937405999,0.0368123788270853,0.102892257036966
"neurotransmitter secretion",1.3579459083195,0.0368841387051926,0.10297686419155
"negative regulation of blood vessel endothelial cell migration",1.55457725786336,0.0370218889405927,0.103038743310813
"regulation of bone remodeling",1.45036145359865,0.037030845702355,0.103038743310813
"positive regulation of cytosolic calcium ion concentration",1.41377924897265,0.0370163987273147,0.103038743310813
"anterior/posterior pattern specification",-1.2899203644875,0.0372367076574857,0.103495530129764
"sterol biosynthetic process",1.47196349010685,0.0373753868357537,0.103648838129989
"presynaptic endocytosis",1.43067524300042,0.0373665992659241,0.103648838129989
"protein K48-linked ubiquitination",1.38887980883144,0.03778115364573,0.104657168915962
"regulation of protein binding",1.43616713962968,0.038293633217178,0.105958525802715
"dendritic spine development",1.40522806807971,0.0383621916223406,0.106030021833685
"alpha-amino acid metabolic process",-1.30429554878638,0.0384479216544723,0.106148767014906
"protein targeting to vacuole",1.48554119374664,0.0396068417225968,0.109105639462248
"catechol-containing compound metabolic process",1.485290905024,0.0396068417225968,0.109105639462248
"antigen processing and presentation of peptide antigen",-1.44130566912483,0.0400648855813295,0.110245062098514
"negative regulation of muscle cell apoptotic process",1.48609026461783,0.0403291503643895,0.110849336881965
"negative regulation of protein ubiquitination",-1.4029126064934,0.0408370139972438,0.11212109374022
"GO:0034248",1.41558291638013,0.0409889874458391,0.11241399650892
"regulation of lymphocyte mediated immunity",-1.31007610171314,0.0414585278576282,0.113576231945511
"extracellular matrix assembly",1.44909539634546,0.0420196583100478,0.114859903001695
"cellular response to osmotic stress",1.41761753058859,0.0420196583100478,0.114859903001695
"long-term memory",1.44476543044143,0.0421717467857865,0.11514881795635
"hormone-mediated signaling pathway",1.27303988863313,0.0426621160409556,0.116359749465552
"hindbrain development",-1.27990708234851,0.0437832392402916,0.119286498127776
"cellular response to starvation",1.28398785352204,0.0446735395189003,0.121578645927534
"protein-lipid complex organization",1.46482478386479,0.0448459237055756,0.121682554491452
"regulation of fatty acid metabolic process",1.4390508237807,0.0448114844567134,0.121682554491452
"multi-multicellular organism process",1.3430080518864,0.0448587982915708,0.121682554491452
"immune system development",-1.27106594323798,0.0451547623972164,0.122351659683287
"purine nucleoside monophosphate metabolic process",-1.45189609365744,0.0452891654393559,0.122582015943818
"G0 to G1 transition",-1.41583006642638,0.0453823530225645,0.122700435949896
"nuclear membrane organization",-1.41476063974764,0.0455698834069552,0.123073395664921
"SCF-dependent proteasomal ubiquitin-dependent protein catabolic process",1.38122543279005,0.0459558823529412,0.12398097826087
"negative regulation of Wnt signaling pathway",1.30841680044954,0.0461423230858886,0.124348801193459
"pyridine-containing compound metabolic process",1.3108350772338,0.0464445640035994,0.124972219907214
"myeloid cell differentiation",1.24299656177218,0.046474358974359,0.124972219907214
"regulation of wound healing",1.3554366083466,0.0467937608318891,0.125559042578107
"carbohydrate transport",1.35236857099806,0.0467937608318891,0.125559042578107
"positive regulation of cell division",-1.36712678485613,0.0471278281388169,0.1261962600983
"regulation of protein serine/threonine kinase activity",-1.34637953086591,0.0472164895535587,0.1261962600983
"intrinsic apoptotic signaling pathway in response to DNA damage",-1.3251733618099,0.0472137971901206,0.1261962600983
"response to acid chemical",1.32414638398782,0.0472854640980736,0.1261962600983
"regulation of generation of precursor metabolites and energy",1.32336602540142,0.0472854640980736,0.1261962600983
"positive regulation of neuron projection development",1.33918388183934,0.0474516695957821,0.126503806591548
"positive regulation of insulin secretion",1.40148693637737,0.0475319926873857,0.126581980525849
"adenylate cyclase-activating G protein-coupled receptor signaling pathway",1.34990849674235,0.0478723404255319,0.127215362886692
"monocarboxylic acid biosynthetic process",1.26521704487445,0.0478632478632479,0.127215362886692
"positive regulation of protein localization to cell periphery",1.37942614973046,0.0480591497227357,0.127575197445807
"response to starvation",1.30544826099239,0.0482268399623596,0.127883564942924
"sulfur compound metabolic process",1.26038886562875,0.0483333333333333,0.128029171113483
"glial cell migration",1.44190334642918,0.0490196078431373,0.129570465033724
"regulation of cell projection assembly",1.25902862748349,0.0489864864864865,0.129570465033724
"protein export from nucleus",-1.39211583352422,0.0492262428621361,0.129978228493427
"cellular response to interleukin-1",1.39062940074308,0.0494505494505494,0.130431736170312
"microtubule nucleation",-1.39219937671173,0.0498195924647928,0.131265635347787
"platelet aggregation",1.37799043209256,0.0499075785582255,0.131358016947525
"negative regulation of vasculature development",1.36482999556794,0.05,0.13146186440678
"endocrine pancreas development",1.44278070245982,0.050185873605948,0.131810939989379
"regulation of vascular permeability",1.42558414421942,0.0504854368932039,0.132317692047447
"positive regulation of protein transport",1.29938674972173,0.050483041249355,0.132317692047447
"regulation of mesenchymal cell proliferation",1.46727037846284,0.0508474576271186,0.133125938639777
"response to alcohol",1.25762370060673,0.0511073253833049,0.133665312540951
"positive regulation of fat cell differentiation",1.39468084180515,0.0513307984790875,0.134108465079047
"cellular response to cAMP",1.43783769465787,0.0517241379310345,0.134943374889224
"positive regulation of nucleocytoplasmic transport",-1.37534367072389,0.05175983436853,0.134943374889224
"regulation of lipid biosynthetic process",1.27572251021623,0.0518134715025907,0.134943374889224
"mitochondrial translation",-1.30469954885074,0.052141426876989,0.135655158814137
"hormone transport",1.24799312165316,0.0522875816993464,0.135892961023851
"lymphocyte mediated immunity",-1.25527528629664,0.0523473815573367,0.135906068018106
"potassium ion import across plasma membrane",1.39504243931382,0.0524271844660194,0.135971025960982
"mesenchymal cell differentiation",1.27655516835086,0.0528538567629387,0.136913807400342
"locomotory behavior",1.24141595773528,0.052901023890785,0.136913807400342
"response to cAMP",1.36502691799601,0.0531135531135531,0.137320665445665
"activin receptor signaling pathway",1.40481393153245,0.0532319391634981,0.137483530701147
"positive regulation of RNA splicing",-1.42162196865582,0.0535331905781585,0.138117857603939
"response to fatty acid",1.42158879392057,0.053639846743295,0.138249324628098
"miRNA processing",-1.3881954731304,0.0537928771585221,0.138499918161257
"lens development in camera-type eye",1.3579209519856,0.0539033457249071,0.138640522372248
"defense response to bacterium",1.31078947040374,0.0541958041958042,0.139248432726694
"regulation of natural killer cell mediated immunity",-1.45972742279279,0.0543478260869565,0.139494627040151
"negative regulation of epithelial to mesenchymal transition",1.39957145100411,0.0544747081712062,0.139675852976171
"oogenesis",-1.30464201052279,0.0545851528384279,0.139814602007201
"hormone metabolic process",1.28917833101462,0.0549058566423047,0.140491068233196
"regulation of ketone metabolic process",1.36754063881115,0.0552774850335547,0.141005876519304
"olefinic compound metabolic process",1.36130654305743,0.0552774798268809,0.141005876519304
"nucleoside phosphate catabolic process",1.26005997400749,0.0551724137931034,0.141005876519304
"cell migration involved in sprouting angiogenesis",1.39115774248962,0.0558766859344894,0.142096244353896
"mitochondrial membrane organization",1.3105159071613,0.0558464223385689,0.142096244353896
"carbohydrate homeostasis",1.24840682809491,0.0558375634517767,0.142096244353896
"nephron epithelium development",1.3478336199583,0.0562390158172232,0.142871276620622
"negative regulation of intracellular transport",1.40252984011641,0.0568181818181818,0.144195017661275
"deoxyribonucleotide catabolic process",-1.45293135110995,0.0568927789934354,0.144236851339843
"protein polyubiquitination",1.24016432309004,0.0573770491803279,0.145316159250585
"vesicle cargo loading",1.47670210122987,0.0579439252336449,0.146155307347466
"blastocyst formation",-1.37221428350044,0.0579043810238115,0.146155307347466
"smooth muscle contraction",1.35580905742598,0.0578358208955224,0.146155307347466
"response to BMP",1.28515692497476,0.0578947368421053,0.146155307347466
"regulation of cell growth",1.21501444311297,0.0586319218241042,0.147740538037997
"RNA decapping",-1.47151131241316,0.058695652173913,0.147751124437781
"positive regulation of smooth muscle cell migration",1.44697458134214,0.05893536121673,0.147755117717095
"pituitary gland development",-1.42151572069512,0.0588235294117647,0.147755117717095
"cholesterol efflux",1.3953868636136,0.05893536121673,0.147755117717095
"cellular senescence",-1.30466149401716,0.0588235294117647,0.147755117717095
"pigment cell differentiation",1.48006980850904,0.0590405904059041,0.147768066246134
"positive regulation of vasculature development",1.31054765762345,0.059059597790558,0.147768066246134
"regulation of Wnt signaling pathway",1.21635993535699,0.0592105263157895,0.14799650182859
"cytokine production involved in inflammatory response",1.4127067493284,0.0593869731800766,0.148123964389025
"regulation of response to wounding",1.30898409596358,0.0594405594405594,0.148123964389025
"epithelial to mesenchymal transition",1.26338102072958,0.0593220338983051,0.148123964389025
"cellular response to xenobiotic stimulus",1.30254214136574,0.0597539543057996,0.148606527642279
"neurotransmitter transport",1.22918809499535,0.0597269624573379,0.148606527642279
"intermediate filament-based process",1.38969120034919,0.060077519379845,0.149261664765541
"mitochondrion localization",1.38742703137193,0.0608365019011407,0.150845352366265
"regulation of alternative mRNA splicing, via spliceosome",-1.35753361874046,0.0607818716619291,0.150845352366265
"B cell differentiation",1.35585571256858,0.0621726332175719,0.153859664529727
"gland morphogenesis",1.30936230180181,0.0621761658031088,0.153859664529727
"entrainment of circadian clock",1.46339070143571,0.0623853211009174,0.154223473080156
"B cell activation involved in immune response",-1.34531260162351,0.0625,0.154353233830846
"monosaccharide transmembrane transport",1.33368554717718,0.0630630630630631,0.155588988590977
"establishment of endothelial barrier",1.37119107109436,0.0632183908045977,0.155817324704083
"oocyte differentiation",-1.33560853872604,0.0632911392405063,0.155841872614025
"T cell mediated cytotoxicity",-1.4185845949065,0.0636942675159236,0.156679060430646
"response to nicotine",1.3757746451985,0.063953488372093,0.157160948653005
"negative regulation of miRNA metabolic process",1.45488176645913,0.0642201834862385,0.157348958946539
"renal water homeostasis",1.45104996040759,0.0642201834862385,0.157348958946539
"positive regulation of intrinsic apoptotic signaling pathway",-1.32634178600438,0.0641821946169772,0.157348958946539
"protein dephosphorylation",1.33172528528224,0.0646950092421442,0.15835602853945
"dephosphorylation",1.29618013879786,0.0647985989492119,0.158453322750684
"developmental cell growth",1.29677374833449,0.0650387494597028,0.158727803499491
"Wnt signaling pathway",1.19953649109044,0.065015479876161,0.158727803499491
"response to interleukin-6",1.45536279408965,0.0652985074626866,0.159048965183894
"extrinsic apoptotic signaling pathway",1.23367794646964,0.0652920962199313,0.159048965183894
"response to cold",1.36152209084407,0.0658914728682171,0.160335917312662
"peripheral nervous system development",1.31643389823317,0.066543438077634,0.161621215911934
"regulation of carbohydrate metabolic process",1.2522574411953,0.0665499124343257,0.161621215911934
"digestion",1.31994458876176,0.0670391061452514,0.162650108946739
"establishment of epithelial cell polarity",1.45042694412515,0.0682656826568266,0.165464281595941
"leukocyte mediated immunity",-1.20684907967132,0.0683544303797468,0.165517752392714
"estrogen receptor signaling pathway",-1.33247789019879,0.0691056910569106,0.167011027461784
"negative regulation of proteolysis",1.29127980859002,0.0690846286701209,0.167011027461784
"canonical NF-kappaB signal transduction",1.21741803323299,0.0696920583468395,0.16826428873235
"positive regulation of type I interferon production",-1.29030967144443,0.0699152542372881,0.168597369031446
"cellular response to insulin stimulus",1.2269674912836,0.0699658703071672,0.168597369031446
"negative regulation of T cell receptor signaling pathway",1.44288646383283,0.0701107011070111,0.168618953631397
"positive regulation of protein-containing complex assembly",1.22456218614371,0.0700854700854701,0.168618953631397
"regulation of protein localization to nucleus",-1.24898499548573,0.0702947845804989,0.168898020647433
"GO:0009064",-1.38349297370074,0.0704673916538543,0.169094512572773
"regulation of stem cell population maintenance",-1.32164645222467,0.0705128205128205,0.169094512572773
"import across plasma membrane",1.23514865618208,0.0708263069139966,0.169518701794156
"positive regulation of phosphatidylinositol 3-kinase/protein kinase B signal transduction",1.22772894470179,0.0708263069139966,0.169518701794156
"microtubule polymerization or depolymerization",-1.29041508874789,0.0710710590939289,0.169940624924019
"endocrine hormone secretion",1.35042283324177,0.0714285714285714,0.170467032967033
"regulation of chondrocyte differentiation",1.34658857140225,0.0714285714285714,0.170467032967033
"lamellipodium organization",1.33176633582987,0.0716911764705882,0.17092939481268
"response to cocaine",1.33960992762919,0.0718446601941748,0.171130946834877
"regulation of chromatin organization",-1.40643157046485,0.0721868365180467,0.171750943286278
"regulation of organic acid transport",1.3640743466825,0.0722433460076046,0.171750943286278
"establishment of protein localization to membrane",1.21105834849854,0.0723684210526316,0.171883656509695
"tissue homeostasis",1.22096845169521,0.0726072607260726,0.172286062258233
"regulation of hormone secretion",1.21725167374202,0.0731292517006803,0.17319351404684
"regulation of synaptic plasticity",1.20615346109427,0.0731292517006803,0.17319351404684
"protein-containing complex remodeling",1.43163448595097,0.073394495412844,0.173655993912945
"negative regulation of phosphorus metabolic process",1.24232744572428,0.0735551663747811,0.173870402802102
"limbic system development",-1.27241224485933,0.0739030023094688,0.17452640507336
"regulation of ubiquitin-dependent protein catabolic process",1.23745445979183,0.0741379310344828,0.174914776452078
"mRNA splice site recognition",-1.40374121458766,0.0743099787685775,0.175154194970189
"positive regulation of establishment of protein localization",1.20592882915366,0.0745542949756888,0.175563339781461
"cartilage development involved in endochondral bone morphogenesis",-1.36106936897089,0.0749464668094218,0.176319555090981
"positive regulation of reactive oxygen species metabolic process",1.34092558056169,0.0757575757575758,0.177890542128953
"cellular extravasation",1.3352736239466,0.0757281553398058,0.177890542128953
"regulation of sodium ion transmembrane transport",1.42531714555184,0.0766355140186916,0.179612224546169
"secretion by tissue",1.42449384358842,0.0766355140186916,0.179612224546169
"artery development",1.28882846844649,0.0771929824561404,0.180748096656736
"positive regulation of growth",1.21694266946517,0.077834179357022,0.182077693839895
"exocytic process",1.32110423774774,0.0783582089552239,0.18278672427337
"negative regulation of transmembrane transport",1.31305976480808,0.0783582089552239,0.18278672427337
"regulation of transmembrane transporter activity",1.31048211754731,0.0782122905027933,0.18278672427337
"negative regulation of inflammatory response",1.27490805217846,0.0788091068301226,0.183665918452924
"response to ethanol",1.27960203572374,0.0790861159929701,0.184138592771625
"regulation of dendritic spine development",1.33206776156109,0.0795454545454545,0.185034506262248
"dendrite development",1.21487509442548,0.0796610169491525,0.185129816542881
"positive regulation of lipid biosynthetic process",1.29311315570004,0.0800744878957169,0.185742877530065
"regulation of GTPase activity",1.25769735305506,0.08,0.185742877530065
"adaptive thermogenesis",1.26241236002197,0.0804195804195804,0.186369186369186
"appendage development",1.21968143248314,0.080672268907563,0.186780383795309
"apoptotic cell clearance",1.38386995119976,0.0809792843691149,0.187316480712156
"bone remodeling",1.28750849746389,0.0813308687615527,0.187779736061557
"leukocyte migration",1.19642057388508,0.0813008130081301,0.187779736061557
"production of molecular mediator involved in inflammatory response",1.32506016323835,0.0822669104204753,0.189764378869535
"positive regulation of carbohydrate metabolic process",1.32314898815736,0.0823970037453183,0.18988798820416
"export across plasma membrane",1.31828473394922,0.0831792975970425,0.191335511247321
"regulation of DNA-templated transcription elongation",-1.24007143822725,0.0831408775981524,0.191335511247321
"megakaryocyte differentiation",1.32897737595242,0.0836501901140684,0.19206269367541
"cellular response to steroid hormone stimulus",1.20644431493194,0.083617747440273,0.19206269367541
"receptor catabolic process",1.4008742528373,0.083955223880597,0.192524504868156
"taxis",1.18985658914613,0.0840064620355412,0.192524504868156
"transcription initiation at RNA polymerase III promoter",-1.39128258611373,0.0847826086956522,0.19412401732713
"presynapse organization",1.31990121936787,0.0849420849420849,0.194309912282262
"roof of mouth development",1.29905343572621,0.0850277264325323,0.194326719157961
"positive regulation of hormone secretion",1.25276723684202,0.0856643356643357,0.195601546567508
"aorta morphogenesis",1.39947226515369,0.085981308411215,0.196144859813084
"positive regulation of extracellular matrix organization",1.40308130744119,0.0862385321100917,0.196370675869035
"cellular response to ketone",1.28819082295166,0.0861759425493716,0.196370675869035
"glycerolipid metabolic process",1.18518024351732,0.0866013071895425,0.19701598940829
"unsaturated fatty acid biosynthetic process",-1.32148652389456,0.0869565217391304,0.197642936773372
"kidney morphogenesis",1.30335941086127,0.0882352941176471,0.200365965233303
"regulation of T-helper cell differentiation",1.37008847878,0.0885122410546139,0.200811135555349
"regulation of mitochondrial gene expression",-1.33935258233859,0.089171974522293,0.202123142250531
"sterol homeostasis",1.28310697537431,0.0893854748603352,0.202422215878971
"multicellular organismal-level water homeostasis",1.38334566480716,0.0897196261682243,0.20299372119374
"regulation of nucleotide metabolic process",1.30851469800346,0.0905730129390018,0.204595244964539
"fatty acid biosynthetic process",1.24780325949334,0.0905923344947735,0.204595244964539
"regulation of hydrolase activity",1.23247161893807,0.0910683012259194,0.205483203311575
"negative regulation of endothelial cell apoptotic process",1.38312288970337,0.0914179104477612,0.206084699120203
"negative regulation of antigen receptor-mediated signaling pathway",1.3735585115334,0.091588785046729,0.206282544905609
"positive regulation of ubiquitin-dependent protein catabolic process",1.26714634227775,0.092057761732852,0.207150829212093
"cellular response to carbohydrate stimulus",1.25199202208674,0.0921501706484642,0.207170945244102
"regulation of tissue remodeling",1.30920794587704,0.092485549132948,0.207736771898622
"regulation of plasma lipoprotein particle levels",1.32011114039988,0.0934579439252336,0.209731118284295
"negative regulation of calcium ion transmembrane transport",1.38883821023421,0.0940959409594096,0.210972109721097
"lung morphogenesis",1.29358660014523,0.0945945945945946,0.211516922327733
"platelet-derived growth factor receptor signaling pathway",1.29192141477557,0.0945945945945946,0.211516922327733
"regulation of cell morphogenesis",1.19058621416691,0.0945945945945946,0.211516922327733
"negative regulation of muscle hypertrophy",1.36674851653444,0.096045197740113,0.214567219433808
"immune response-regulating cell surface receptor signaling pathway",1.18867016290724,0.0963455149501661,0.215044575635173
"positive regulation of osteoblast differentiation",1.30809922695343,0.097196261682243,0.216553969026326
"amyloid precursor protein catabolic process",1.28280847032208,0.0971428571428571,0.216553969026326
"positive regulation of chemotaxis",1.24560838621587,0.0973913043478261,0.216793916942874
"protein destabilization",1.29790205540141,0.0990291262135922,0.220242196471448
"signal transduction in absence of ligand",1.27915906461094,0.1003861003861,0.223060251708416
"enteroendocrine cell differentiation",1.36728089522237,0.100917431192661,0.223478703093866
"brain morphogenesis",1.36062570757988,0.100934579439252,0.223478703093866
"intermembrane lipid transfer",1.3206379970061,0.10077519379845,0.223478703093866
"L-amino acid metabolic process",-1.20392702632548,0.100702576112412,0.223478703093866
"regulation of ATP-dependent activity",1.37605887749694,0.101476014760148,0.224477244772448
"regulation of cellular response to transforming growth factor beta stimulus",1.23530536590485,0.101933216168717,0.225287838406728
"mitotic cytokinetic process",-1.29979586025923,0.102669404517454,0.226713044494947
"NAD+ metabolic process",1.32192292906027,0.103053435114504,0.227358778625954
"lipid homeostasis",1.2274981550244,0.103806228373702,0.228816215651447
"bone growth",-1.32301538761743,0.104033970276008,0.229114741992061
"regulation of amyloid precursor protein catabolic process",1.3164785222885,0.105058365758755,0.231165659408891
"intestinal absorption",1.36619730434415,0.105166051660517,0.231197644128789
"non-canonical NF-kappaB signal transduction",1.22911501471894,0.106194690265487,0.233252408176051
"negative regulation of lipid localization",1.35333519388795,0.106542056074766,0.233395748612154
"cellular response to alkaloid",1.33688472935312,0.106463878326996,0.233395748612154
"regulation of smooth muscle cell differentiation",1.32853420618995,0.106463878326996,0.233395748612154
"C21-steroid hormone metabolic process",1.36141168844024,0.107011070110701,0.234155931501888
"regulation of pH",1.25582062697711,0.10720887245841,0.234155931501888
"regulation of fat cell differentiation",1.23671509298863,0.107266435986159,0.234155931501888
"chondrocyte differentiation",1.23550437147848,0.107081174438687,0.234155931501888
"positive regulation of alpha-beta T cell activation",-1.26760226578881,0.107438016528926,0.234324391058694
"neuron projection regeneration",1.30925735136427,0.107954545454545,0.235244233378562
"type I interferon production",-1.22007759913755,0.108747044917258,0.236763303056696
"regulation of viral genome replication",-1.2330670551872,0.108974358974359,0.237050270792602
"protein methylation",-1.29874420484586,0.109278350515464,0.237295595782486
"cytokinetic process",-1.25042505118889,0.109278350515464,0.237295595782486
"cochlea development",-1.25133086736263,0.109704641350211,0.23801304181051
"plasma membrane repair",1.34360198606151,0.110091743119266,0.238228166017453
"response to type I interferon",-1.21097718306574,0.110070257611241,0.238228166017453
"multicellular organism growth",1.20488622790424,0.109947643979058,0.238228166017453
"positive regulation of transporter activity",1.34869813129421,0.11070110701107,0.239158274275768
"synaptic vesicle exocytosis",1.23753418720808,0.110714285714286,0.239158274275768
"negative regulation of response to biotic stimulus",-1.21314954139474,0.110854503464203,0.239252937041872
"GO:0043604",1.20009737217055,0.111304347826087,0.240015109734446
"fibroblast migration",1.29640701072275,0.111742424242424,0.240750605008417
"regulation of mononuclear cell migration",1.23021556527003,0.111913357400722,0.240909759816645
"amyloid-beta formation",1.31800046179077,0.112185686653772,0.241286719475443
"negative regulation of alpha-beta T cell activation",1.32424433049661,0.112994350282486,0.242815564849463
"amyloid precursor protein metabolic process",1.25770933646972,0.113594040968343,0.243893087961442
"hydrogen peroxide metabolic process",1.34219372548582,0.114391143911439,0.245299037286905
"cell adhesion mediated by integrin",1.24805068696824,0.114446529080675,0.245299037286905
"digestive system development",1.21217309664047,0.114782608695652,0.24580710507559
"positive regulation of protein catabolic process",1.18034329019575,0.115966386554622,0.248128078817734
"intrinsic apoptotic signaling pathway by p53 class mediator",-1.22841635014923,0.116228070175439,0.248473789987458
"response to alkaloid",1.2335208526489,0.116575591985428,0.249002254137549
"regulation of cellular senescence",-1.27533966255017,0.117525773195876,0.250815966528087
"negative regulation of cell cycle G1/S phase transition",-1.24104998607307,0.117768595041322,0.250902706345547
"positive regulation of MAPK cascade",1.14889527872369,0.117741935483871,0.250902706345547
"regulation of sprouting angiogenesis",1.31144862381375,0.117988394584139,0.251155399106204
"negative regulation of developmental growth",1.24789848314603,0.118299445471349,0.251171277724456
"neuron projection organization",1.22717264541093,0.118299445471349,0.251171277724456
"positive regulation of protein localization",1.14975758363491,0.118210862619808,0.251171277724456
"positive regulation of insulin secretion involved in cellular response to glucose stimulus",1.31497779754945,0.11864406779661,0.251517637407711
"GO:0046323",1.2732576935307,0.118867924528302,0.251517637407711
"neutral amino acid transport",-1.26535228142971,0.118852459016393,0.251517637407711
"transcription preinitiation complex assembly",-1.24450178840168,0.118681318681319,0.251517637407711
"leukocyte mediated cytotoxicity",-1.22438972740593,0.119305856832972,0.25222924758044
"vascular endothelial cell response to fluid shear stress",1.32394852056949,0.121100917431193,0.255806363458911
"sensory system development",1.15238411769298,0.121555915721232,0.256549135051103
"epithelial tube morphogenesis",1.15361134184169,0.121753246753247,0.256747288395547
"regulation of glucose metabolic process",1.22221014440591,0.121996303142329,0.257041446858456
"negative regulation of protein localization to nucleus",1.31211018526174,0.122370936902486,0.257393784230483
"regulation of erythrocyte differentiation",1.28596778542492,0.122330097087379,0.257393784230483
"regulation of myeloid leukocyte differentiation",1.21543874391544,0.123022847100176,0.25832716286179
"inorganic ion import across plasma membrane",1.2142012967317,0.123022847100176,0.25832716286179
"regulation of lipid catabolic process",1.2731239158773,0.123574144486692,0.259265449379518
"cell-cell junction assembly",1.20643937624334,0.12457337883959,0.261141153952587
"T cell lineage commitment",1.31971552506304,0.124770642201835,0.261333952696164
"renal tubule development",1.2232546802683,0.125,0.261593591905565
"diencephalon development",-1.22253830633594,0.126050420168067,0.263505930172597
"microtubule polymerization",-1.20685631626651,0.126126126126126,0.263505930172597
"regulation of protein exit from endoplasmic reticulum",1.31006298204371,0.126605504587156,0.264284997800943
"regulation of signaling receptor activity",1.26526672682989,0.126893939393939,0.264442281759662
"forebrain cell migration",1.25967580884391,0.126893939393939,0.264442281759662
"negative regulation of leukocyte migration",1.28270365539756,0.127102803738318,0.264655334629618
"negative regulation of signal transduction by p53 class mediator",-1.28923758418561,0.127615062761506,0.265499233674819
"heart formation",1.27696176369214,0.128971962616822,0.268097496829944
"viral release from host cell",1.32351646711515,0.129151291512915,0.268206893198113
"phosphatidylinositol 3-kinase/protein kinase B signal transduction",1.14724669753688,0.12924071082391,0.268206893198113
"negative regulation of cell growth",1.20150687373766,0.129757785467128,0.269054990417219
"vacuolar acidification",1.32513859737404,0.129943502824859,0.269215170293238
"homeostasis of number of cells",1.14745414471284,0.130081300813008,0.269275887087478
"lymph vessel development",1.30941570404435,0.1309963099631,0.270944034440344
"postsynaptic signal transduction",-1.2646188608366,0.131416837782341,0.271587503227119
"regulation of T cell receptor signaling pathway",1.2962742245917,0.131528046421663,0.271591190697644
"positive regulation of production of molecular mediator of immune response",-1.2011329970213,0.132450331125828,0.273268264218042
"synaptic membrane adhesion",1.31804611427649,0.132841328413284,0.27384732319084
"long-chain fatty acid metabolic process",1.23392908062844,0.132958801498127,0.273862029309836
"negative regulation of catabolic process",1.14303065715434,0.13365539452496,0.275068564851534
"synaptic vesicle recycling",1.21810567929207,0.134191176470588,0.27594241922121
"regulation of AMPA receptor activity",-1.29710679392907,0.134782608695652,0.276929167866398
"positive regulation of small GTPase mediated signal transduction",1.21738892535702,0.134935304990758,0.277013587251498
"myotube cell development",1.30763092746267,0.135593220338983,0.278134192463931
"labyrinthine layer development",1.28702389588636,0.136186770428016,0.279121027417287
"CD8-positive, alpha-beta T cell activation",-1.29315721783681,0.13695652173913,0.280416826280604
"ventricular system development",-1.27899967623438,0.137044967880086,0.280416826280604
"regulation of intrinsic apoptotic signaling pathway in response to DNA damage",-1.26595178240823,0.137860082304527,0.281852326424906
"negative regulation of reactive oxygen species metabolic process",1.30527694046427,0.138376383763838,0.282442585939017
"positive regulation of fatty acid metabolic process",1.30288076568584,0.138376383763838,0.282442585939017
"aorta development",1.24857104775829,0.138576779026217,0.282619199295868
"steroid hormone receptor signaling pathway",1.19314507762643,0.139130434782609,0.283282804865
"appendage morphogenesis",1.19293229933776,0.139130434782609,0.283282804865
"oocyte maturation",-1.31030627588129,0.139484978540773,0.283602805512893
"head morphogenesis",1.26636709679194,0.13953488372093,0.283602805512893
"regulation of immunoglobulin production",-1.2169202107241,0.139630390143737,0.283602805512893
"bile acid biosynthetic process",1.29305894900289,0.139925373134328,0.283969563466397
"regulation of D-glucose transmembrane transport",1.24430483340646,0.14018691588785,0.284267912772586
"intracellular sterol transport",1.27482633115553,0.140684410646388,0.284811343576129
"positive regulation of canonical Wnt signaling pathway",1.19043035108383,0.140597539543058,0.284811343576129
"response to growth hormone",1.29684107348247,0.141242937853107,0.285709023432284
"insulin secretion involved in cellular response to glucose stimulus",1.23727887743757,0.142585551330798,0.28819001498619
"negative regulation of muscle cell differentiation",1.24880345810401,0.143133462282398,0.289062045065023
"pyrimidine ribonucleotide metabolic process",-1.28336145993887,0.143478260869565,0.289287606399887
"developmental induction",-1.28240605862185,0.143478260869565,0.289287606399887
"TOR signaling",1.17141596754713,0.14453781512605,0.291187384044527
"negative regulation of response to wounding",1.20697090263126,0.145251396648045,0.292387645158513
"Notch signaling pathway",1.16828340150959,0.145973154362416,0.293602406100095
"phospholipid metabolic process",1.13621964831637,0.146381578947368,0.294185489026209
"positive regulation of axon extension",1.26072446801782,0.147663551401869,0.296042758141712
"reactive oxygen species biosynthetic process",1.24715770419007,0.147572815533981,0.296042758141712
"regulation of morphogenesis of an epithelium",1.23208062253726,0.147572815533981,0.296042758141712
"negative regulation of extrinsic apoptotic signaling pathway",1.1989257178033,0.147874306839187,0.29622601257051
"positive regulation of cold-induced thermogenesis",1.20034691787172,0.148351648351648,0.296942573555477
"regulation of mitochondrial membrane permeability",1.24162133581,0.149621212121212,0.299242424242424
"alcohol biosynthetic process",1.17880730056717,0.150087260034904,0.299932833660734
"pigmentation",1.18935422319957,0.150537634408602,0.300590835560861
"inner mitochondrial membrane organization",1.26499172759383,0.150870406189555,0.301013141609707
"regulation of release of cytochrome c from mitochondria",1.26212174150853,0.151456310679612,0.301939408117909
"rhythmic behavior",1.28884412388588,0.152416356877323,0.303609468514861
"calcium ion import",1.23034458857408,0.152830188679245,0.304189677868394
"regulation of carbohydrate biosynthetic process",1.1877084691231,0.153419593345656,0.305118133560832
"protein modification by small protein removal",1.17273007416319,0.153577661431065,0.305187954901443
"regulation of miRNA metabolic process",1.19525609306169,0.153846153846154,0.305476923076923
"cell junction maintenance",1.24462314069129,0.153992395437262,0.305522882074569
"erythrocyte homeostasis",1.16762350112176,0.154115586690018,0.305523072016472
"positive regulation of immunoglobulin production",-1.24543143556726,0.154320987654321,0.305678200415043
"intracellular pH reduction",1.2365561228264,0.154440154440154,0.305678200415043
"regulation of polysaccharide biosynthetic process",1.24909923201239,0.155140186915888,0.306574796118817
"interferon-beta production",-1.20502929877167,0.155136268343816,0.306574796118817
"regulation of stem cell proliferation",-1.23623244690107,0.15605749486653,0.308142165679178
"nephron morphogenesis",1.21298745541256,0.157303370786517,0.310355299119344
"GO:0006626",1.20922152159762,0.157598499061914,0.310690607364313
"negative regulation of wound healing",1.23417506458433,0.157996146435453,0.31122732972444
"NADP+ metabolic process",-1.24617510049701,0.15866388308977,0.312294811918168
"regulation of glycoprotein metabolic process",1.27928192779135,0.159851301115242,0.314382669863732
"monosaccharide metabolic process",1.14164155301221,0.16006600660066,0.314555683596863
"peptidyl-tyrosine modification",1.17478010208289,0.16036036036036,0.314884821530391
"vascular endothelial growth factor production",1.27680432893368,0.160516605166052,0.314942461677581
"viral genome replication",-1.18426974733888,0.160714285714286,0.31508124576845
"positive regulation of protein polymerization",1.1838054538665,0.161172161172161,0.315729521727943
"regulation of myeloid cell differentiation",1.15370640335802,0.161888701517707,0.316883089248381
"protein localization to extracellular region",1.12544293849379,0.162295081967213,0.317428206022556
"secondary palate development",1.24836341428067,0.163302752293578,0.319147583616268
"myotube differentiation",1.16509434736753,0.163478260869565,0.319239215954572
"vascular associated smooth muscle cell differentiation",1.26439558616761,0.164179104477612,0.319351518270715
"lens fiber cell differentiation",1.24340556263467,0.163841807909605,0.319351518270715
"epithelial cell apoptotic process",1.23128027813309,0.164092664092664,0.319351518270715
"dendrite morphogenesis",1.16696502317785,0.16382252559727,0.319351518270715
"regulation of proteolysis",1.12826336854909,0.163961038961039,0.319351518270715
"regulation of type I interferon-mediated signaling pathway",-1.21934430570271,0.166324435318275,0.32257971349353
"tight junction organization",1.20397072284508,0.166358595194085,0.32257971349353
"dicarboxylic acid metabolic process",1.17718319052388,0.166358595194085,0.32257971349353
"carbohydrate biosynthetic process",1.15914713844416,0.166101694915254,0.32257971349353
"negative regulation of lymphocyte activation",1.16067215782588,0.16695652173913,0.323486406679564
"phospholipid biosynthetic process",1.1357758088015,0.167224080267559,0.323752080518003
"regulation of response to oxidative stress",1.23750591080218,0.167608286252354,0.323990472335158
"axon extension",1.1672446361949,0.167567567567568,0.323990472335158
"ERBB signaling pathway",1.15847091892623,0.17039586919105,0.329122604927771
"response to zinc ion",1.24330979395586,0.171641791044776,0.331271326106636
"response to hydrogen peroxide",1.18097119208829,0.171903881700555,0.331519374033237
"regulation of non-canonical NF-kappaB signal transduction",1.17670146381746,0.173184357541899,0.333072172550465
"negative regulation of neuron apoptotic process",1.1528058279584,0.17338003502627,0.333072172550465
"regulation of leukocyte migration",1.15269570937,0.17338003502627,0.333072172550465
"myeloid leukocyte activation",1.15025289372308,0.173109243697479,0.333072172550465
"forebrain development",-1.10178140902095,0.173228346456693,0.333072172550465
"regulation of microtubule polymerization or depolymerization",-1.15801424171572,0.17420814479638,0.334404188232494
"positive regulation of excitatory postsynaptic potential",1.23368636895458,0.175141242937853,0.3359355216165
"purine nucleotide transport",1.23608387561245,0.176146788990826,0.337342847434591
"positive regulation of reproductive process",-1.19020182893191,0.176100628930818,0.337342847434591
"zymogen activation",1.22192309345261,0.176470588235294,0.337442218798151
"negative regulation of endocytosis",1.19942215748198,0.176470588235294,0.337442218798151
"superoxide anion generation",1.24216930872395,0.177121771217712,0.338262350936968
"regulation of protein secretion",1.12809996301386,0.17717206132879,0.338262350936968
"negative regulation of lipid metabolic process",1.17441574400638,0.177655677655678,0.338924974589848
"cell-cell recognition",-1.20651434584359,0.178053830227743,0.339163167018618
"endothelial cell apoptotic process",1.20318935059997,0.177949709864603,0.339163167018618
"negative regulation of intrinsic apoptotic signaling pathway in response to DNA damage",-1.23328931465252,0.178260869565217,0.339297145905575
"positive regulation of sodium ion transport",1.23353513049089,0.17910447761194,0.340641619488763
"positive regulation of phosphorus metabolic process",1.12137373419571,0.179276315789474,0.340707362779076
"negative regulation of inflammatory response to antigenic stimulus",1.23299873796759,0.179816513761468,0.341211458070308
"tube closure",-1.15490187058919,0.179775280898876,0.341211458070308
"response to dsRNA",1.24063635326061,0.180297397769517,0.341607513795257
"response to molecule of bacterial origin",1.12728742537517,0.180300500834725,0.341607513795257
"lung epithelium development",1.23440315822918,0.180582524271845,0.34188087356424
"regulation of steroid biosynthetic process",1.19442812851268,0.181146025878004,0.342686308101528
"heterophilic cell-cell adhesion",1.23982779244165,0.182156133828996,0.343041754368789
"transposition",-1.21885877824334,0.181628392484342,0.343041754368789
"negative regulation of reproductive process",-1.20702997555711,0.181818181818182,0.343041754368789
"secretory granule organization",1.19679501722101,0.182163187855787,0.343041754368789
"cellular component maintenance",1.18335549457331,0.181818181818182,0.343041754368789
"intracellular glucose homeostasis",1.14272859297677,0.182136602451839,0.343041754368789
"negative regulation of phosphorylation",1.15176592420332,0.183246073298429,0.344819373712435
"regulation of protein targeting",1.18215935243148,0.183864915572233,0.34572175791688
"spleen development",1.22860334509196,0.184466019417476,0.346237009137197
"negative regulation of cold-induced thermogenesis",1.22684372670533,0.184466019417476,0.346237009137197
"positive regulation of vascular associated smooth muscle cell proliferation",1.21166422479277,0.184557438794727,0.346237009137197
"response to iron ion",1.22393871218645,0.185321100917431,0.347407078910169
"negative regulation of synaptic transmission",1.20664524518257,0.185606060606061,0.34767867352773
"positive regulation of glucose metabolic process",1.23559230317254,0.186046511627907,0.348240906380441
"GO:1903050",1.11271613605606,0.186241610738255,0.348343389489336
"neural tube development",-1.12812542857641,0.186440677966102,0.348453134572187
"amino acid transmembrane transport",-1.15884500856753,0.186695278969957,0.348666427692576
"negative regulation of actin filament bundle assembly",1.22230328043057,0.187155963302752,0.348757848757849
"potassium ion homeostasis",1.22218824232899,0.186915887850467,0.348757848757849
"regulation of extrinsic apoptotic signaling pathway",1.14255694152294,0.18716577540107,0.348757848757849
"positive regulation of GTPase activity",1.16764880925215,0.188539741219963,0.351054491903937
"regulation of MAP kinase activity",-1.17357786864979,0.19047619047619,0.354394231455701
"epiboly",1.22682157832566,0.191204588910134,0.355482988520563
"specification of animal organ identity",1.20161781036841,0.192015209125475,0.356456057628594
"apical junction assembly",1.17977002815898,0.192015209125475,0.356456057628594
"skin development",1.11351464094339,0.192176870748299,0.356489531537578
"pyrimidine-containing compound catabolic process",-1.21949110308604,0.192560175054705,0.356667428720729
"skeletal muscle cell differentiation",1.1823206024845,0.192452830188679,0.356667428720729
"positive chemotaxis",1.19882272966515,0.193050193050193,0.357308410999686
"xenobiotic metabolic process",1.16007273293963,0.193308550185874,0.357519986260312
"response to temperature stimulus",1.13933774037538,0.193771626297578,0.357843137254902
"glycerophospholipid metabolic process",1.11131598322809,0.19376026272578,0.357843137254902
"positive regulation of BMP signaling pathway",1.19642726745274,0.193916349809886,0.357844148868503
"dopamine metabolic process",1.20428158132252,0.195167286245353,0.359479490761527
"adenylate cyclase-inhibiting G protein-coupled receptor signaling pathway",1.17650286717899,0.195075757575758,0.359479490761527
"regulation of Notch signaling pathway",1.14973853248141,0.19538188277087,0.359479490761527
"regulation of neuron projection development",1.09810726497704,0.195275590551181,0.359479490761527
"positive regulation of viral genome replication",-1.19773639564128,0.195652173913043,0.359694407682464
"release of cytochrome c from mitochondria",1.19672430722783,0.195817490494297,0.359694407682464
"cytokine production involved in immune response",1.17324754501704,0.195933456561922,0.359694407682464
"regulation of cilium assembly",1.14680536178228,0.19614711033275,0.359820493603758
"RNA polymerase II preinitiation complex assembly",-1.16860085524575,0.196687370600414,0.360545091455117
"transepithelial transport",1.20856509167422,0.198130841121495,0.362598094351575
"dendritic spine morphogenesis",1.19473891283537,0.198058252427184,0.362598094351575
"regulation of chemotaxis",1.13076814736927,0.198245614035088,0.362598094351575
"negative regulation of osteoblast differentiation",1.20730853782536,0.199226305609284,0.364123483447897
"cellular response to corticosteroid stimulus",1.18952699194582,0.2,0.365268579838116
"positive regulation of Notch signaling pathway",1.22483338527833,0.200381679389313,0.365696564885496
"regulation of filopodium assembly",1.19870659985318,0.201160541586073,0.366848247036469
"icosanoid biosynthetic process",-1.1805873270874,0.202928870292887,0.369801362751061
"inositol phosphate metabolic process",1.18905724804348,0.203422053231939,0.370258829529517
"positive regulation of Wnt signaling pathway",1.12787495121188,0.203478260869565,0.370258829529517
"regulation of dendritic spine morphogenesis",1.19643043811767,0.204280155642023,0.370360369834552
"positive regulation of muscle contraction",1.19446673656409,0.204280155642023,0.370360369834552
"negative regulation of small molecule metabolic process",1.14606506198127,0.204262877442274,0.370360369834552
"cell fate commitment",1.11760490064625,0.203703703703704,0.370360369834552
"regulation of cell junction assembly",1.10901585096915,0.204013377926421,0.370360369834552
"transcription initiation at RNA polymerase II promoter",-1.11411338003023,0.205314009661836,0.37196304524137
"leukocyte adhesion to vascular endothelial cell",1.19316050585904,0.205825242718447,0.37207447372701
"regulation of gluconeogenesis",1.1840563547676,0.205825242718447,0.37207447372701
"positive regulation of inflammatory response",1.14238610902077,0.205623901581722,0.37207447372701
"peripheral nervous system axon ensheathment",1.21273843045438,0.206642066420664,0.372916122288999
"regulation of viral life cycle",-1.13906812076385,0.206741573033708,0.372916122288999
"GO:1903052",1.1381163196073,0.206713780918728,0.372916122288999
"ovulation cycle",1.1693526693464,0.206963249516441,0.37304486949877
"negative regulation of oxidative stress-induced intrinsic apoptotic signaling pathway",1.19725987629387,0.207339449541284,0.373427853042636
"acidic amino acid transport",1.16955454267741,0.207476635514019,0.373427853042636
"lactation",-1.18162688185432,0.208067940552017,0.3742207452537
"T cell receptor signaling pathway",1.13098450818144,0.208406304728546,0.37455789162654
"positive regulation of TOR signaling",1.1595789788876,0.208791208791209,0.374978133299407
"presynapse assembly",1.21268446195249,0.209923664122137,0.376739359617603
"regulation of carbohydrate catabolic process",1.17712100592044,0.210227272727273,0.376806847251775
"rhythmic process",1.10765802288115,0.210264900662252,0.376806847251775
"protein targeting to lysosome",1.20473565230964,0.210820895522388,0.377530636858995
"primary alcohol metabolic process",1.16331887327978,0.211502782931354,0.37847866419295
"regulation of defense response to virus",-1.15665354546202,0.212371134020619,0.379758756944651
"positive regulation of TORC1 signaling",1.16529411610281,0.212765957446809,0.380190861326839
"maintenance of synapse structure",1.17918080546136,0.212927756653992,0.380206253248352
"positive regulation of type II interferon production",-1.15329976050417,0.214432989690722,0.382618749397822
"nuclear receptor-mediated signaling pathway",1.11941779453326,0.215254237288136,0.383808201831288
"regulation of postsynapse assembly",-1.17100941695024,0.215605749486653,0.384158987958272
"negative regulation of microtubule polymerization or depolymerization",1.18008457795609,0.215799614643545,0.384228582170215
"unsaturated fatty acid metabolic process",1.14426542578123,0.216014897579143,0.384336183363035
"negative regulation of calcium ion transport",1.19219062348476,0.217054263565891,0.385908798116435
"leukocyte homeostasis",1.12626251354307,0.2174688057041,0.386092686521871
"negative regulation of transmembrane receptor protein serine/threonine kinase signaling pathway",1.119237404718,0.217391304347826,0.386092686521871
"cerebral cortex cell migration",1.19331212406856,0.217973231357553,0.386711622751569
"motor behavior",1.19897329588852,0.218283582089552,0.386985607675906
"dorsal/ventral pattern formation",-1.13683679304452,0.219088937093275,0.388136146941834
"modified amino acid metabolic process",1.12295604258414,0.219895287958115,0.38928680792585
"regulation of DNA damage response, signal transduction by p53 class mediator",-1.17405694451012,0.221294363256785,0.391371744092194
"body fluid secretion",1.15880387843256,0.221388367729831,0.391371744092194
"hematopoietic stem cell differentiation",-1.19953020332139,0.223175965665236,0.394127019287481
"collagen fibril organization",1.15464224290008,0.223264540337711,0.394127019287481
"regulation of neuronal synaptic plasticity",1.16193002813258,0.223506743737958,0.394274156330924
"bicellular tight junction assembly",1.16541186926282,0.224334600760456,0.394957268474697
"amyloid-beta metabolic process",1.15833773749166,0.224371373307544,0.394957268474697
"cell maturation",-1.10682215663462,0.224056603773585,0.394957268474697
"thymic T cell selection",-1.17348023929672,0.225382932166302,0.396456724051567
"GO:1903051",1.14422321614896,0.22735674676525,0.399645499625602
"regulation of smooth muscle contraction",1.17064478305114,0.228136882129278,0.400733008807408
"response to axon injury",1.15055930512293,0.228519195612431,0.401120681407394
"neutral lipid metabolic process",1.12776656613511,0.229824561403509,0.403126898518381
"positive regulation of leukocyte migration",1.1192031100868,0.231182795698925,0.404936978775392
"positive regulation of proteolysis",1.10637948523185,0.231034482758621,0.404936978775392
"regulation of hematopoietic progenitor cell differentiation",-1.15955889613835,0.231732776617954,0.405505119595407
"sensory perception of mechanical stimulus",1.11098810098779,0.231833910034602,0.405505119595407
"negative regulation of post-translational protein modification",-1.13187232320345,0.232258064516129,0.405960926851431
"substrate-dependent cell migration",1.17179119910036,0.23302752293578,0.406447162281522
"substantia nigra development",1.16816120703184,0.233009708737864,0.406447162281522
"cerebral cortex development",-1.11883645739681,0.232941176470588,0.406447162281522
"negative regulation of smoothened signaling pathway",1.16246196775588,0.233644859813084,0.407237740207918
"regulation of BMP signaling pathway",1.12509190612467,0.233928571428571,0.407446115288221
"osteoblast proliferation",1.19301268845915,0.234317343173432,0.407837058735244
"organelle disassembly",1.14466957485742,0.23463687150838,0.408018660329196
"cytoplasmic microtubule organization",1.14120092999862,0.234750462107209,0.408018660329196
"T cell activation involved in immune response",1.11951284110016,0.234972677595628,0.408119094326347
"response to cadmium ion",-1.17025142462173,0.235546038543897,0.408543163987388
"tumor necrosis factor-mediated signaling pathway",1.11391575419458,0.235398230088496,0.408543163987388
"negative regulation of small GTPase mediated signal transduction",1.135343486483,0.235849056603774,0.408783071571624
"negative regulation of hydrolase activity",1.16836793244865,0.236697247706422,0.409395518332641
"corpus callosum development",1.16637887364466,0.236697247706422,0.409395518332641
"response to topologically incorrect protein",1.1104042931842,0.236577181208054,0.409395518332641
"detection of mechanical stimulus involved in sensory perception",1.17490844938104,0.236940298507463,0.409530515943957
"regulation of p38MAPK cascade",1.15530073954226,0.237383177570093,0.410010470931783
"regulation of protein ubiquitination",-1.09453576459211,0.238329238329238,0.411072390224579
"pallium development",-1.0921205822424,0.238329238329238,0.411072390224579
"negative regulation of viral genome replication",-1.15282827912672,0.240246406570842,0.414091375770021
"T-helper 17 cell differentiation",1.16328987412018,0.240776699029126,0.414142596666869
"regulation of DNA binding",-1.15593121637785,0.240740740740741,0.414142596666869
"negative regulation of cytoplasmic pattern recognition receptor signaling pathway",-1.12768230917413,0.240506329113924,0.414142596666869
"response to vitamin",1.12526725703027,0.241316270566728,0.414783229602921
"positive regulation of B cell activation",-1.1240926603564,0.241758241758242,0.415255332902392
"response to arsenic-containing substance",1.1604717289591,0.242201834862385,0.415442262701065
"endoplasmic reticulum organization",1.11049512483169,0.242105263157895,0.415442262701065
"phosphatidylinositol phosphate biosynthetic process",1.15531781253915,0.242424242424242,0.415536581282438
"regulatory T cell differentiation",-1.1375840157356,0.24435318275154,0.418553898957434
"myeloid cell homeostasis",1.10337321746603,0.245704467353952,0.420578267567247
"positive regulation of signal transduction by p53 class mediator",-1.15022034615542,0.246284501061571,0.421280586929579
"in utero embryonic development",-1.06194651485478,0.246575342465753,0.421487603305785
"positive regulation of molecular function",1.07358457411752,0.24685534591195,0.421675821440784
"metabolic compound salvage",-1.13930612156869,0.248459958932238,0.424124909263972
"regulation of proteasomal ubiquitin-dependent protein catabolic process",1.11180802255619,0.24956369982548,0.425716221970338
"regulation of protein maturation",1.15047778574441,0.25,0.426167582417582
"axonal transport",1.13613498771762,0.250943396226415,0.427363672365997
"nucleoside metabolic process",-1.12753256505058,0.251046025104602,0.427363672365997
"metanephros development",1.12674965116617,0.251396648044693,0.427667224432438
"morphogenesis of an epithelial sheet",1.146824259727,0.252371916508539,0.429032258064516
"G protein-coupled dopamine receptor signaling pathway",1.16208674399407,0.252767527675277,0.429410680143762
"positive regulation of dendritic spine development",1.15510399416005,0.253875968992248,0.430998738056607
"apoptotic process involved in development",1.15465965220456,0.254302103250478,0.431427081522684
"response to interleukin-4",-1.16561239426245,0.254777070063694,0.431642790374122
"regulation of myeloid leukocyte mediated immunity",-1.13870442453289,0.254620123203285,0.431642790374122
"negative regulation of striated muscle cell differentiation",1.13877271354339,0.25607476635514,0.433545409340694
"response to amine",-1.11571957669558,0.256673511293634,0.433967067459674
"embryonic appendage morphogenesis",1.10775017816596,0.256499133448873,0.433967067459674
"positive regulation of viral process",-1.13071119508737,0.257861635220126,0.435679086872942
"plasma lipoprotein particle clearance",1.14601515888569,0.258126195028681,0.435829398681079
"regulation of protein catabolic process",1.07278405599156,0.25974025974026,0.438256508956713
"long-term synaptic depression",1.1541975678895,0.260147601476015,0.438645616075726
"negative regulation of lipid biosynthetic process",1.13584593040468,0.260617760617761,0.438993453251771
"positive regulation of proteasomal ubiquitin-dependent protein catabolic process",1.12577998273866,0.260707635009311,0.438993453251771
"phospholipid dephosphorylation",1.14397443955817,0.261950286806883,0.440786855494701
"organic cation transport",-1.10406226770339,0.262921348314607,0.442121129076459
"signaling receptor ligand precursor processing",1.13330455214052,0.263653483992467,0.44255298511082
"lymphocyte homeostasis",1.11400065075785,0.263450834879406,0.44255298511082
"response to epidermal growth factor",-1.09903888520225,0.263713080168776,0.44255298511082
"negative regulation of ERK1 and ERK2 cascade",1.11067541215891,0.264150943396226,0.442988271290158
"protein sumoylation",-1.12496230224426,0.264830508474576,0.443828036484739
"purine-containing compound transmembrane transport",1.14102311862132,0.26605504587156,0.445278910217944
"neuroinflammatory response",1.12533917674755,0.265895953757225,0.445278910217944
"cellular response to virus",1.13484137252596,0.26937984496124,0.450236212251716
"carbohydrate derivative catabolic process",1.07649620127106,0.269360269360269,0.450236212251716
"acute inflammatory response",1.12389971699415,0.27027027027027,0.451116886893619
"sulfur compound biosynthetic process",1.0942284247155,0.270175438596491,0.451116886893619
"acylglycerol homeostasis",1.13345653803927,0.271559633027523,0.452964387885962
"regulation of neurotransmitter receptor activity",-1.14967326321468,0.271762208067941,0.452997851191826
"negative regulation of plasma membrane bounded cell projection assembly",1.13756676634653,0.275728155339806,0.458992140545539
"body morphogenesis",1.12437713518348,0.275728155339806,0.458992140545539
"phenol-containing compound biosynthetic process",1.12688313927346,0.276717557251908,0.460330413605387
"arachidonate metabolic process",1.11504713068902,0.278719397363465,0.46303985559312
"cell killing",-1.09265517216812,0.278688524590164,0.46303985559312
"negative regulation of viral process",-1.11011802510363,0.279411764705882,0.463879598662207
"cerebral cortex radially oriented cell migration",1.12756765225221,0.280442804428044,0.464516057585825
"T cell differentiation involved in immune response",1.09981910226407,0.280669144981413,0.464516057585825
"embryonic organ morphogenesis",1.07823464518524,0.280327868852459,0.464516057585825
"establishment or maintenance of cell polarity",1.07416343076173,0.280730897009967,0.464516057585825
"osteoblast differentiation",1.07412050579322,0.28034188034188,0.464516057585825
"regulation of behavior",1.11638759196287,0.281553398058252,0.465459629023459
"sensory perception of pain",1.11039333006006,0.281853281853282,0.465459629023459
"negative regulation of kinase activity",1.0978918781472,0.282051282051282,0.465459629023459
"odontogenesis",1.09540055992577,0.281961471103327,0.465459629023459
"protein localization to cell junction",1.08540772229591,0.282722513089005,0.465947727414948
"lymphocyte activation involved in immune response",-1.06779429535604,0.282555282555283,0.465947727414948
"neuron recognition",1.12694806313121,0.283524904214559,0.466846247206067
"L-alpha-amino acid transmembrane transport",-1.10624047166357,0.283643892339545,0.466846247206067
"positive regulation of cell-substrate junction organization",1.12075498782055,0.284369114877589,0.467729717114763
"membrane biogenesis",1.09944210908848,0.284644194756554,0.467872113500508
"mesonephric tubule morphogenesis",1.11627549991404,0.285163776493256,0.468118172490796
"positive regulation of cellular response to transforming growth factor beta stimulus",1.11505003807528,0.285171102661597,0.468118172490796
"regulation of establishment or maintenance of cell polarity",1.12398953866426,0.285977859778598,0.468934902153544
"mesoderm development",-1.07495548600895,0.286046511627907,0.468934902153544
"embryonic placenta development",1.10802614355864,0.287545787545788,0.471081613655871
"folic acid-containing compound metabolic process",-1.1202380615011,0.288840262582057,0.472890192433156
"positive regulation of immune effector process",-1.06890553289713,0.29064039408867,0.475523703446327
"modification of postsynaptic structure",1.11265718106466,0.291902071563089,0.477273347575485
"negative chemotaxis",1.1094545484516,0.292156862745098,0.477375466315558
"phospholipid catabolic process",1.11271536199284,0.293203883495146,0.478771078180889
"positive regulation of epithelial cell proliferation",1.07339426367525,0.294827586206897,0.481105896755764
"regulation of protein localization to mitochondrion",1.11331692219166,0.295366795366795,0.481669110447034
"icosanoid metabolic process",1.0936342281184,0.29608938547486,0.482530436473147
"replacement ossification",1.11013202063182,0.297047970479705,0.483774975545031
"production of molecular mediator of immune response",-1.06825739872045,0.297423887587822,0.48406956655277
"regulation of neuron apoptotic process",1.06778581463925,0.298305084745763,0.485185596552414
"establishment of mitochondrion localization",1.11404328425536,0.298892988929889,0.485823443696127
"L-glutamate import",1.09690274930083,0.299256505576208,0.486095973062925
"regulation of triglyceride metabolic process",-1.10368868356994,0.299568965517241,0.48628526645768
"cellular component disassembly involved in execution phase of apoptosis",-1.11793875136381,0.3,0.486666666666667
"establishment of organelle localization",1.05989602312286,0.301127214170692,0.488176189138902
"peptide metabolic process",1.11608997294261,0.302281368821293,0.489407930472569
"sulfur compound transport",-1.09464487958292,0.302277432712215,0.489407930472569
"Wnt signaling pathway, planar cell polarity pathway",1.10480744667975,0.302912621359223,0.490110251768965
"digestive system process",1.0849991620889,0.303142329020333,0.490162384774245
"insulin secretion",1.07120358996855,0.303448275862069,0.490337643678161
"protein homotetramerization",1.09800268556329,0.305609284332689,0.493508291290653
"negative regulation of protein serine/threonine kinase activity",1.10047622782626,0.306273062730627,0.493937453994423
"neuron projection extension",1.06706675779358,0.306228373702422,0.493937453994423
"response to estrogen",1.11148551579542,0.306513409961686,0.494004080210977
"cell-cell adhesion mediated by cadherin",1.10286515314571,0.306796116504854,0.494138845661939
"stem cell differentiation",-1.05504990575996,0.307125307125307,0.494348256994171
"positive regulation of neuron differentiation",1.08615168213223,0.307547169811321,0.494706464984898
"regulation of peptide transport",1.06747886326762,0.308219178082192,0.495466321243523
"positive regulation of actin filament polymerization",1.10717518593672,0.30873786407767,0.495978885851635
"negative regulation of canonical NF-kappaB signal transduction",1.08026501341804,0.310536044362292,0.498544930211649
"neurotransmitter reuptake",1.09626616932542,0.311808118081181,0.499940406380808
"positive regulation of lipid localization",1.08089185825018,0.311688311688312,0.499940406380808
"macrophage migration",1.10700044259905,0.312621359223301,0.499965315574908
"intrinsic apoptotic signaling pathway in response to oxidative stress",1.09326342500697,0.312138728323699,0.499965315574908
"regulation of protein import into nucleus",-1.08653037221096,0.312629399585921,0.499965315574908
"response to amino acid starvation",1.08348369196045,0.312380952380952,0.499965315574908
"miRNA metabolic process",1.06734282089747,0.313620071684588,0.501226669620829
"protein localization to microtubule organizing center",-1.08432678041307,0.314168377823409,0.50165800294335
"hippocampus development",-1.08243602621333,0.314410480349345,0.50165800294335
"regulation of kinase activity",-1.05115618433291,0.314496314496314,0.50165800294335
"fibroblast proliferation",1.07838509590761,0.315398886827458,0.502451885176991
"regulation of exocytosis",1.06217514445007,0.315254237288136,0.502451885176991
"endodermal cell differentiation",-1.09050631571214,0.316115702479339,0.503270797661141
"synaptic transmission, glutamatergic",1.0754255303755,0.316758747697974,0.503971289606649
"regulation of lymphocyte migration",1.09251131135894,0.318446601941748,0.506332137104047
"epigenetic programming of gene expression",-1.10602224423956,0.319565217391304,0.507742071893217
"positive regulation of organelle assembly",-1.07214073430473,0.319742489270386,0.507742071893217
"regulation of synaptic vesicle exocytosis",1.09575215104991,0.321083172147002,0.509002067369699
"regulation of fibroblast migration",1.09027015563791,0.321223709369025,0.509002067369699
"nucleotide transport",1.07833110946881,0.321561338289963,0.509002067369699
"adipose tissue development",1.06812452443528,0.321561338289963,0.509002067369699
"non-canonical Wnt signaling pathway",1.06633310254485,0.321495327102804,0.509002067369699
"regulation of microtubule-based movement",-1.07694637554882,0.322381930184805,0.509975749342693
"vitamin metabolic process",-1.09094614909804,0.323913043478261,0.511396509915906
"prostate gland development",1.09030702542955,0.323643410852713,0.511396509915906
"regulation of calcium ion import",1.0889298627533,0.32391713747646,0.511396509915906
"regulation of protein transport",1.05094288025317,0.324104234527687,0.511396509915906
"lamellipodium assembly",1.08973881258569,0.325095057034221,0.512634009884965
"regulation of lymphocyte differentiation",-1.05312357595558,0.326139088729017,0.513953789349473
"regulation of cytoplasmic pattern recognition receptor signaling pathway",-1.05887039843449,0.327944572748268,0.516471084746955
"organelle transport along microtubule",1.06374819303882,0.330357142857143,0.5199406649153
"monocarboxylic acid transport",1.05281567541317,0.332173913043478,0.522294301901648
"embryonic organ development",1.04167427447897,0.332273449920509,0.522294301901648
"positive regulation of ERBB signaling pathway",-1.09240492569024,0.332608695652174,0.522381033086643
"CD4-positive, alpha-beta T cell activation",1.05213804087325,0.332749562171629,0.522381033086643
"embryonic epithelial tube formation",-1.05793824648229,0.333333333333333,0.522966708807417
"regulation of cell shape",1.06151941030925,0.333922261484099,0.523559730261234
"organic acid biosynthetic process",1.0502018481768,0.334431630971993,0.524027340954853
"regulation of phosphorylation",1.04681830853596,0.335463258785943,0.525312181896977
"ERK1 and ERK2 cascade",1.05191852241481,0.336092715231788,0.525966027241676
"programmed necrotic cell death",-1.07027519445989,0.336776859504132,0.526704578002052
"hyperosmotic response",1.07532213433155,0.337614678899083,0.527682388556375
"prostanoid metabolic process",1.08069472407875,0.337864077669903,0.527739862036941
"positive regulation of interleukin-2 production",-1.06973273592981,0.341004184100418,0.531975100526234
"GO:0072655",1.05394247895806,0.340989399293286,0.531975100526234
"negative regulation of cell activation",1.05043993024051,0.342281879194631,0.533632929749418
"positive regulation of calcium-mediated signaling",1.08069372828931,0.342967244701349,0.534295273943956
"extracellular matrix disassembly",1.07566030207644,0.343137254901961,0.534295273943956
"neural tube formation",-1.04742236350402,0.343529411764706,0.53457053291536
"metanephric nephron development",1.08036418329429,0.344106463878327,0.534586838198911
"regulation of viral process",-1.05819954143534,0.344186046511628,0.534586838198911
"regulation of nervous system process",1.05321110900479,0.344086021505376,0.534586838198911
"positive regulation of leukocyte proliferation",1.04951094701204,0.346620450606586,0.538031243530673
"establishment of protein localization to endoplasmic reticulum",1.07573252864914,0.347572815533981,0.538555425967615
"regulation of D-glucose import across plasma membrane",1.07264770465831,0.347490347490348,0.538555425967615
"positive regulation of interleukin-12 production",-1.06185165601635,0.347826086956522,0.538555425967615
"neuron apoptotic process",1.04335077573988,0.347611202635914,0.538555425967615
"regulation of presynapse organization",1.06438914854959,0.348623853211009,0.538882342672602
"regulation of coagulation",1.06359385285736,0.349056603773585,0.538882342672602
"regulation of calcium ion-dependent exocytosis",-1.05663146721884,0.349075975359343,0.538882342672602
"positive regulation of ERK1 and ERK2 cascade",1.05373089587183,0.349122807017544,0.538882342672602
"regulation of mitochondrial membrane potential",1.05297803787993,0.349056603773585,0.538882342672602
"ear development",1.04631906342176,0.350083752093802,0.539694330867588
"gland development",1.03813940242095,0.35,0.539694330867588
"response to nerve growth factor",1.06645470249614,0.35361216730038,0.544147304323333
"regulation of postsynaptic membrane potential",-1.04413965404296,0.353629976580796,0.544147304323333
"microtubule-based transport",1.03908635282289,0.353333333333333,0.544147304323333
"tetrapyrrole biosynthetic process",-1.07179085541643,0.354347826086957,0.544239668532071
"negative regulation of exocytosis",1.06833857105646,0.354243542435424,0.544239668532071
"positive regulation of neural precursor cell proliferation",-1.06471661677015,0.354037267080745,0.544239668532071
"modification of synaptic structure",1.07199586631567,0.354961832061069,0.544845557931708
"glycerolipid biosynthetic process",1.04202301715408,0.356418918918919,0.54674397821802
"cell recognition",1.03657065840383,0.357512953367876,0.548083477615236
"negative regulation of protein localization to membrane",1.06720347374107,0.357815442561205,0.548208597800563
"regulation of epithelial cell differentiation",1.04009453106708,0.358260869565217,0.54855242335649
"gliogenesis",1.04055146334953,0.358642972536349,0.548798925915671
"B cell activation",-1.03729003461849,0.359413202933985,0.549638675096828
"positive regulation of interferon-beta production",-1.05547091935679,0.359832635983264,0.549941257703485
"positive regulation of neurogenesis",1.03944271683046,0.361016949152542,0.551411734028683
"exit from mitosis",-1.05964589248321,0.36304347826087,0.554133385314197
"epithelial structure maintenance",1.05395319626319,0.363302752293578,0.554133385314197
"isoprenoid biosynthetic process",1.05368470091387,0.363468634686347,0.554133385314197
"macrophage differentiation",1.05521158272231,0.364161849710983,0.554509025142736
"regulation of intrinsic apoptotic signaling pathway",-1.03859914923777,0.364077669902913,0.554509025142736
"modulation of excitatory postsynaptic potential",1.06756697726253,0.365900383141762,0.556367595570863
"positive regulation of protein-containing complex disassembly",1.05796366800061,0.366279069767442,0.556367595570863
"calcium-dependent cell-cell adhesion",1.0551426935306,0.366279069767442,0.556367595570863
"macrophage activation",1.04709561308209,0.365988909426987,0.556367595570863
"positive regulation of sterol transport",1.05854421643842,0.367158671586716,0.55736258280014
"bone resorption",1.04907453132839,0.367619047619048,0.557379643366204
"regulation of protein targeting to membrane",1.04855650082457,0.367537313432836,0.557379643366204
"cell surface receptor signaling pathway via JAK-STAT",1.04427466360881,0.367857142857143,0.557400139542997
"synaptic vesicle membrane organization",1.06295260349605,0.368224299065421,0.557616052642083
"response to dexamethasone",1.06410285173229,0.370722433460076,0.560905846718431
"calcium ion import across plasma membrane",1.05006294526379,0.370848708487085,0.560905846718431
"positive regulation of regulated secretory pathway",-1.03821423597911,0.372950819672131,0.563741738383818
"positive regulation of myeloid leukocyte differentiation",1.0602401899074,0.373563218390805,0.564323741963467
"glycerophospholipid biosynthetic process",1.03533293667843,0.374358974358974,0.565181857882588
"lipopolysaccharide-mediated signaling pathway",1.05370988186437,0.376699029126214,0.566829839838746
"regulation of leukocyte degranulation",-1.05116635676311,0.375796178343949,0.566829839838746
"anterograde axonal transport",1.04574380922535,0.376699029126214,0.566829839838746
"negative regulation of protein localization",1.0422902515432,0.376511226252159,0.566829839838746
"defense response to Gram-positive bacterium",-1.03673156892591,0.377049180327869,0.566829839838746
"axo-dendritic transport",1.03364209911454,0.376838235294118,0.566829839838746
"telencephalon development",-1.03361513658936,0.376884422110553,0.566829839838746
"nuclear-transcribed mRNA poly(A) tail shortening",-1.04402020347565,0.37791932059448,0.567794039779358
"lytic vacuole organization",1.02910310722855,0.378708551483421,0.568620964803859
"odontogenesis of dentin-containing tooth",1.02885470576781,0.378927911275416,0.568620964803859
"cell activation involved in immune response",-1.03029355899321,0.379652605459057,0.569364209516241
"mRNA transcription",-1.0421577215665,0.380165289256198,0.569788797061524
"positive regulation of T cell mediated immunity",-1.03386863438361,0.381443298969072,0.571359244442509
"regulation of translational initiation",-1.03914774158255,0.381898454746137,0.571695997997534
"regulation of microtubule polymerization",1.04083408293274,0.383018867924528,0.573027625189077
"icosanoid transport",-1.04081414831313,0.383297644539615,0.573099249245376
"regulation of nucleotide-excision repair",-1.04886386438802,0.384782608695652,0.574973169646363
"exploration behavior",-1.0359267686792,0.385438972162741,0.575607418115477
"positive regulation of G protein-coupled receptor signaling pathway",1.05148731755476,0.386915887850467,0.576972985726082
"regulation of fatty acid biosynthetic process",1.05048888120795,0.38728323699422,0.576972985726082
"neurotransmitter uptake",1.04504370954943,0.38728323699422,0.576972985726082
"protein autoubiquitination",1.02525803241461,0.386617100371747,0.576972985726082
"regulation of endocrine process",1.05189393907177,0.387832699619772,0.577269258039896
"neuron projection arborization",1.0378954926023,0.387947269303202,0.577269258039896
"sensory perception of light stimulus",1.02722325009867,0.388791593695271,0.577832775779439
"regulation of circadian rhythm",1.02640144128016,0.388591800356506,0.577832775779439
"negative regulation of nucleocytoplasmic transport",-1.03974716283834,0.389130434782609,0.577990268779434
"tissue regeneration",1.04831699700901,0.389733840304183,0.578194495896582
"energy homeostasis",1.04139993187072,0.38961038961039,0.578194495896582
"cellular response to UV",-1.04225993695255,0.390557939914163,0.579070971844058
"protein localization to lysosome",1.04814136861039,0.392045454545455,0.580929443690638
"Ras protein signal transduction",1.02609686757089,0.392982456140351,0.581970439224553
"molting cycle process",1.02003569977873,0.393382352941176,0.5822152653548
"positive regulation of defense response to virus by host",-1.04920671435,0.393873085339168,0.582247169631814
"cellular response to external stimulus",1.02517963757124,0.393715341959335,0.582247169631814
"hematopoietic progenitor cell differentiation",-1.01956490554702,0.394431554524362,0.582725665672301
"lipid droplet organization",1.04045574545682,0.395038167938931,0.583026367211861
"cellular response to molecule of bacterial origin",1.02899999273694,0.395104895104895,0.583026367211861
"cellular response to amyloid-beta",1.03702324062688,0.395480225988701,0.583233464589397
"vesicle docking involved in exocytosis",1.03526089826343,0.395793499043977,0.583348850728712
"regulation of protein export from nucleus",-1.02249184389979,0.396145610278373,0.583521308433781
"walking behavior",-1.02433528457309,0.397027600849257,0.584251196771232
"positive regulation of hydrolase activity",1.0196820896007,0.397111913357401,0.584251196771232
"regulation of macrophage activation",1.03382858843301,0.397705544933078,0.584777939883827
"morphogenesis of a branching structure",1.02552295798537,0.398625429553265,0.585783490912494
"monosaccharide catabolic process",1.02868969136836,0.3996138996139,0.586888579196271
"mesonephros development",1.02141519250651,0.4,0.587108219988173
"negative regulation of proteasomal protein catabolic process",1.04068009974014,0.401515151515151,0.587430083947564
"mitochondrial fusion",1.03962084964572,0.401129943502825,0.587430083947564
"type I interferon-mediated signaling pathway",-1.03933527331026,0.40084388185654,0.587430083947564
"phosphatidic acid metabolic process",1.02969384043348,0.401486988847584,0.587430083947564
"interleukin-12 production",-1.02294535996375,0.401639344262295,0.587430083947564
"triglyceride metabolic process",1.01766673409892,0.401486988847584,0.587430083947564
"cell chemotaxis",1.02568005025499,0.402376910016978,0.587863874568314
"sex differentiation",-1.02090366738541,0.402409638554217,0.587863874568314
"protein processing",1.02105386434124,0.403061224489796,0.588469387755102
"regulation of substrate adhesion-dependent cell spreading",1.01980702997652,0.403474903474904,0.588727049044509
"postsynaptic neurotransmitter receptor internalization",1.04281028906616,0.403738317757009,0.588765278891244
"endoderm development",1.02562584447776,0.404096834264432,0.588942068493435
"regulation of polysaccharide metabolic process",1.02917655303651,0.405825242718447,0.590421015490729
"regulation of lamellipodium organization",1.02903258003239,0.405825242718447,0.590421015490729
"cytoskeleton-dependent intracellular transport",1.02709193074792,0.405451448040886,0.590421015490729
"superoxide metabolic process",1.02714027587275,0.406189555125725,0.590604848167575
"neural crest cell differentiation",1.02277840510411,0.407142857142857,0.591559291032935
"positive regulation of lymphocyte differentiation",-1.01067903032908,0.407322654462243,0.591559291032935
"embryonic pattern specification",-1.03137885620032,0.407867494824017,0.591658166074348
"monosaccharide biosynthetic process",1.02490834757424,0.407821229050279,0.591658166074348
"negative regulation of G protein-coupled receptor signaling pathway",1.03317281215894,0.408477842003854,0.592159109851642
"lipid export from cell",1.02772864895425,0.408914728682171,0.592159109851642
"hematopoietic or lymphoid organ development",1.0274537894304,0.408928571428571,0.592159109851642
"positive regulation of catalytic activity",1.02144251490764,0.409539473684211,0.592532467532467
"chondrocyte development",-1.0174357076788,0.409663865546218,0.592532467532467
"positive regulation of gene expression, epigenetic",-1.0335966729263,0.411016949152542,0.593797478344942
"branching involved in blood vessel morphogenesis",1.02492555534288,0.410780669144981,0.593797478344942
"regulation of neuron differentiation",1.01399555984096,0.411764705882353,0.594531704479348
"interferon-mediated signaling pathway",-1.02857265174881,0.412903225806452,0.595743617870506
"astrocyte differentiation",1.02456583173825,0.413084112149533,0.595743617870506
"positive regulation of myeloid cell differentiation",1.02528724861332,0.414364640883978,0.59724334417772
"negative regulation of catalytic activity",1.0153715464241,0.414802065404475,0.597526828980793
"ERAD pathway",1.01247519188945,0.415357766143106,0.59798026425011
"regulation of neurogenesis",1.0175368322372,0.417207792207792,0.599947705828355
"ligand-gated ion channel signaling pathway",1.01026691569516,0.416974169741697,0.599947705828355
"negative regulation of axon extension",-1.03389982601937,0.417943107221007,0.60065708866389
"retinol metabolic process",1.03623146600255,0.418250950570342,0.600751654696522
"antigen processing and presentation",-1.01442073851421,0.418859649122807,0.601277992552231
"maternal placenta development",1.03002728173192,0.419962335216573,0.602088620377769
"intracellular protein transmembrane transport",1.02454196485992,0.419962335216573,0.602088620377769
"regulation of CD4-positive, alpha-beta T cell activation",1.0184492113773,0.420152091254753,0.602088620377769
"mesenchymal cell migration",1.01163212462215,0.420849420849421,0.602739909144987
"positive regulation of response to biotic stimulus",-1.01284696566654,0.421875,0.603860294117647
"vacuolar localization",1.00193777856778,0.422138836772983,0.603889678887922
"regulation of cellular respiration",1.02323411832593,0.423664122137405,0.605466272454944
"positive T cell selection",1.01781815608701,0.423728813559322,0.605466272454944
"positive regulation of miRNA metabolic process",1.00980289874297,0.424710424710425,0.606519720443771
"positive regulation of fibroblast proliferation",1.01668715521064,0.427184466019417,0.60691004273623
"neuron projection guidance",1.015836864082,0.426621160409556,0.60691004273623
"calcium-ion regulated exocytosis",1.01366281428079,0.426944971537002,0.60691004273623
"positive regulation of plasma membrane bounded cell projection assembly",1.01242686368492,0.425569176882662,0.60691004273623
"negative regulation of immune response",1.01184158637007,0.426369863013699,0.60691004273623
"defense response to Gram-negative bacterium",-1.01074456240097,0.425925925925926,0.60691004273623
"negative regulation of protein secretion",-1.00610126228502,0.426160337552743,0.60691004273623
"positive regulation of alpha-beta T cell differentiation",-1.00561468817455,0.427104722792608,0.60691004273623
"dicarboxylic acid transport",1.00551315643748,0.425650557620818,0.60691004273623
"response to glucagon",1.01195075663603,0.428044280442804,0.607783697974279
"positive regulation of cilium assembly",-1.00985247671314,0.429184549356223,0.609054346199054
"actin nucleation",1.01359114180728,0.429924242424242,0.609666979851759
"response to fibroblast growth factor",1.00863144825803,0.43010752688172,0.609666979851759
"specification of symmetry",1.00459078167484,0.431740614334471,0.611632536973834
"regulation of leukocyte proliferation",1.01692877206859,0.433219178082192,0.613377067883628
"salivary gland development",1.02040474403227,0.433644859813084,0.613629727512015
"positive regulation of microtubule polymerization or depolymerization",-1.00752617415812,0.435244161358811,0.615541885180951
"insulin receptor signaling pathway",1.00324347312467,0.436170212765957,0.616500266563273
"homeostasis of number of cells within a tissue",1.01854211889307,0.437383177570093,0.616809685641461
"collateral sprouting",-1.00123007304374,0.43695652173913,0.616809685641461
"cellular response to glucose starvation",1.000178139281,0.437262357414449,0.616809685641461
"protein acetylation",-0.996828828361024,0.436830835117773,0.616809685641461
"learning",1.00700522745766,0.437716262975779,0.616928883989712
"regulation of cholesterol efflux",1.01202334632206,0.43879472693032,0.617420278134564
"positive regulation of protein localization to mitochondrion",1.00918153524813,0.43879472693032,0.617420278134564
"placenta development",1.00711237835283,0.438811188811189,0.617420278134564
"glial cell proliferation",1.01540172932706,0.440839694656489,0.6199230153753
"response to estradiol",-1.01143545711395,0.441501103752759,0.620484732167023
"branching morphogenesis of an epithelial tube",1.00429532448123,0.441739130434783,0.620484732167023
"regulation of reactive oxygen species biosynthetic process",1.01032340776502,0.44256120527307,0.621134836340083
"T-helper 17 type immune response",1.00766400616461,0.443181818181818,0.621134836340083
"transition metal ion transport",-1.00328110901751,0.442982456140351,0.621134836340083
"interleukin-1 production",0.995877892541018,0.443202979515829,0.621134836340083
"positive regulation of cell-cell adhesion",1.01041116837617,0.445364238410596,0.623479171702522
"erythrocyte development",-0.995317583134794,0.445378151260504,0.623479171702522
"GO:0042886",1.0092056554229,0.447019867549669,0.623666841629161
"negative regulation of binding",1.00415840813139,0.446601941747573,0.623666841629161
"ganglioside metabolic process",1.00403487222302,0.445871559633028,0.623666841629161
"mammary gland morphogenesis",0.999449950999044,0.446601941747573,0.623666841629161
"cellular pigmentation",0.9987183697606,0.446969696969697,0.623666841629161
"alcohol catabolic process",0.998658628183522,0.446494464944649,0.623666841629161
"protein K63-linked ubiquitination",-1.00463421905456,0.447368421052632,0.623802483737434
"tetrapyrrole metabolic process",1.00640920056055,0.450676982591876,0.627146309161458
"synapse maturation",1.00478329966313,0.450381679389313,0.627146309161458
"positive regulation of intracellular transport",1.00331620219159,0.450777202072539,0.627146309161458
"regulation of extrinsic apoptotic signaling pathway in absence of ligand",1.00283679558517,0.450381679389313,0.627146309161458
"regulation of ERBB signaling pathway",0.989548136578614,0.452157598499062,0.628714375055838
"regulation of muscle organ development",1.00453108668576,0.45607476635514,0.632312385756412
"amine biosynthetic process",1.00046047175729,0.455743879472693,0.632312385756412
"negative regulation of cell junction assembly",0.997739732747791,0.455743879472693,0.632312385756412
"protein homooligomerization",0.996427334299099,0.45531197301855,0.632312385756412
"embryonic skeletal system development",0.994375807237108,0.456140350877193,0.632312385756412
"filopodium assembly",0.993909846152182,0.456273764258555,0.632312385756412
"L-glutamate transmembrane transport",0.999556574746807,0.458715596330275,0.634633283217248
"negative regulation of microtubule depolymerization",0.99906103816685,0.458715596330275,0.634633283217248
"formation of primary germ layer",-0.996819263659205,0.458715596330275,0.634633283217248
"negative regulation of response to external stimulus",0.999982743607191,0.459415584415584,0.635247621459321
"regulation of extrinsic apoptotic signaling pathway via death domain receptors",1.00493696351714,0.460194174757282,0.635360113150005
"extracellular transport",0.997130735141923,0.459923664122137,0.635360113150005
"peptide transport",0.994291093796451,0.460264900662252,0.635360113150005
"digestive tract morphogenesis",0.997346438903667,0.46078431372549,0.635723550120437
"positive regulation of mononuclear cell migration",0.989205112112772,0.461682242990654,0.636608515057113
"glycerophospholipid catabolic process",0.982573998734179,0.464944649446494,0.640751038271071
"protein monoubiquitination",0.998489214174155,0.466019417475728,0.641213206127057
"intracellular receptor signaling pathway",0.996303642961381,0.465709728867624,0.641213206127057
"sulfur compound catabolic process",0.995933996454984,0.46605504587156,0.641213206127057
"positive regulation of proteasomal protein catabolic process",0.989530147564965,0.466666666666667,0.641698984302862
"myeloid leukocyte differentiation",0.994944542041825,0.467576791808874,0.642342829845323
"keratinocyte differentiation",0.988349856387886,0.467652495378928,0.642342829845323
"leukocyte degranulation",-0.993365701339702,0.468172484599589,0.64270138649125
"regulation of oxidative stress-induced intrinsic apoptotic signaling pathway",0.985547903308649,0.468451242829828,0.642728570869891
"response to monoamine",-0.99178028443546,0.470225872689938,0.644450919942809
"fibroblast growth factor receptor signaling pathway",0.982371653572602,0.470037453183521,0.644450919942809
"development of primary sexual characteristics",-0.997096265817222,0.47242206235012,0.646534281594921
"regulation of dendrite morphogenesis",0.992682989294712,0.472061657032755,0.646534281594921
"miRNA transcription",0.984437419461135,0.472527472527473,0.646534281594921
"cellular response to abiotic stimulus",0.998194009621987,0.474025974025974,0.647188248236588
"endoderm formation",0.990967458237567,0.473988439306358,0.647188248236588
"biological process involved in interaction with host",0.98834409655632,0.474048442906574,0.647188248236588
"dendritic cell differentiation",0.986173029595302,0.473977695167286,0.647188248236588
"nucleus localization",0.996381081267429,0.475285171102662,0.648163623448795
"respiratory chain complex IV assembly",0.99604439552265,0.475285171102662,0.648163623448795
"regulation of endoplasmic reticulum unfolded protein response",0.981504534455846,0.476099426386233,0.648917504827365
"regulation of synaptic transmission, GABAergic",0.994194668828592,0.477186311787072,0.649329180841838
"cellular response to lipoprotein particle stimulus",0.993165606599509,0.477186311787072,0.649329180841838
"regulation of B cell proliferation",0.970506470783525,0.476833976833977,0.649329180841838
"positive regulation of interleukin-1 production",0.982469681192464,0.477669902912621,0.649631067961165
"positive regulation of B cell proliferation",0.979743796586398,0.47834274952919,0.650189870937267
"protein localization to cytoskeleton",-1.00004873391891,0.478813559322034,0.65047359290492
"negative regulation of BMP signaling pathway",0.983679010461344,0.479166666666667,0.650559135689464
"lipoprotein metabolic process",0.975912684596722,0.47940074906367,0.650559135689464
"positive regulation of epithelial cell differentiation",-0.995022195672207,0.483333333333333,0.653894993549898
"gastrulation",-0.993048365552868,0.483253588516746,0.653894993549898
"aminoglycan metabolic process",-0.988235806737953,0.483940042826552,0.653894993549898
"cellular response to hydrogen peroxide",0.987843938226329,0.483622350674374,0.653894993549898
"negative regulation of protein catabolic process",0.983248463615201,0.484210526315789,0.653894993549898
"positive regulation of endothelial cell proliferation",0.981666827336383,0.482439926062847,0.653894993549898
"embryonic camera-type eye development",0.976368570546361,0.483747609942639,0.653894993549898
"regulation of neuron migration",0.975907116723036,0.483558994197292,0.653894993549898
"protein transmembrane transport",0.975854912263581,0.484230055658627,0.653894993549898
"antimicrobial humoral immune response mediated by antimicrobial peptide",0.982057199061158,0.484496124031008,0.653898520850985
"glycerolipid catabolic process",0.987589457504471,0.485549132947977,0.654963558683086
"regulation of cytoplasmic translation",-0.974659051896657,0.48744769874477,0.657167402653188
"associative learning",0.98298389491876,0.490230905861456,0.658471878316236
"cerebellar cortex development",-0.981671500320384,0.489451476793249,0.658471878316236
"maintenance of blood-brain barrier",0.98128547955602,0.489719626168224,0.658471878316236
"negative regulation of coagulation",0.97797312413731,0.490272373540856,0.658471878316236
"vesicle fusion to plasma membrane",0.972783463800987,0.489908256880734,0.658471878316236
"regulation of binding",0.971801880452295,0.489285714285714,0.658471878316236
"protein deacylation",-0.967096890423582,0.489495798319328,0.658471878316236
"positive regulation of lymphocyte migration",0.963117263004737,0.490774907749078,0.658790330466853
"interleukin-8 production",0.982531260671004,0.49126213592233,0.659087903437418
"regulation of pattern recognition receptor signaling pathway",-0.997714062810518,0.493023255813954,0.660300589034322
"antimicrobial humoral response",0.982576653039546,0.493230174081238,0.660300589034322
"glycosaminoglycan metabolic process",-0.981657538371384,0.492813141683778,0.660300589034322
"cranial skeletal system development",0.978587114844761,0.49250936329588,0.660300589034322
"regulation of kidney development",0.970374364355135,0.493577981651376,0.660410000247286
"cell surface receptor signaling pathway via STAT",0.977615417594331,0.493848857644991,0.660416414156718
"negative regulation of response to endoplasmic reticulum stress",0.970492466834014,0.494296577946768,0.660659184956316
"adult locomotory behavior",0.976725188583451,0.495378927911275,0.661393490627104
"regulation of T cell migration",0.974915708507156,0.495327102803738,0.661393490627104
"regulation of intrinsic apoptotic signaling pathway by p53 class mediator",-0.971824851745519,0.495708154506438,0.661477225529558
"regulation of CD4-positive, alpha-beta T cell differentiation",0.97319553403646,0.496108949416342,0.661656320500463
"execution phase of apoptosis",-0.981770970256762,0.496746203904555,0.661794996291522
"regulation of adaptive immune response",-0.979325647784792,0.496487119437939,0.661794996291522
"negative regulation of gliogenesis",0.967037896184721,0.497175141242938,0.662011105453311
"protein stabilization",-0.984333070963583,0.497549019607843,0.662153708668454
"positive regulation of axonogenesis",0.965179873703294,0.49908592321755,0.663843119735241
"ensheathment of neurons",0.981917231330352,0.500878734622144,0.66515838380533
"regulation of insulin secretion",0.979014095996023,0.500860585197935,0.66515838380533
"positive regulation of kinase activity",0.977213930773424,0.50087260034904,0.66515838380533
"negative regulation of transforming growth factor beta receptor signaling pathway",0.966706197308809,0.501785714285714,0.666006493506494
"leukocyte cell-cell adhesion",0.984350643124444,0.503246753246753,0.667572413793104
"regulation of syncytium formation by plasma membrane fusion",-0.977090668073662,0.504132231404959,0.667572413793104
"central nervous system neuron axonogenesis",0.968256759535872,0.503875968992248,0.667572413793104
"regulation of synaptic transmission, glutamatergic",0.96791452444488,0.503861003861004,0.667572413793104
"regulation of defense response to virus by host",-0.963972219391934,0.504310344827586,0.667572413793104
"negative regulation of hormone secretion",0.9612223852457,0.505703422053232,0.668703193146575
"microtubule organizing center localization",0.959245608693411,0.505597014925373,0.668703193146575
"non-proteinogenic amino acid metabolic process",-0.990901953157241,0.506302521008403,0.668782787196837
"peptidyl-serine modification",-0.975135974765022,0.506302521008403,0.668782787196837
"sperm flagellum assembly",0.971495847429902,0.506796116504854,0.669078702747366
"carboxylic acid transmembrane transport",0.970641967787684,0.508833922261484,0.671055151462807
"porphyrin-containing compound metabolic process",0.96937215758359,0.50873786407767,0.671055151462807
"skeletal muscle tissue regeneration",0.96989472772868,0.509541984732824,0.671632079716872
"epidermis development",0.979086100023795,0.511475409836066,0.673465234595817
"regulation of embryonic development",-0.978012205859631,0.51131221719457,0.673465234595817
"negative regulation of apoptotic signaling pathway",0.979334708489364,0.514237855946399,0.676743562279407
"postsynapse assembly",-0.961875100471509,0.51528384279476,0.677401746724891
"cerebellar Purkinje cell layer development",-0.960839521851836,0.515217391304348,0.677401746724891
"extrinsic apoptotic signaling pathway via death domain receptors",0.968880140332558,0.515828677839851,0.67775901450424
"granulocyte differentiation",0.956410784755005,0.516791044776119,0.678305326882247
"ferroptosis",0.94518873033402,0.516605166051661,0.678305326882247
"circadian rhythm",0.976482962359124,0.517182130584192,0.678441995601912
"positive regulation of D-glucose transmembrane transport",0.956230790595779,0.517441860465116,0.678441995601912
"neuroblast proliferation",-0.975848706076571,0.518987341772152,0.678707224334601
"chemical synaptic transmission, postsynaptic",0.964208675316844,0.518918918918919,0.678707224334601
"regulation of alcohol biosynthetic process",0.959252630847154,0.518375241779497,0.678707224334601
"regulation of autophagy of mitochondrion",0.953426403737191,0.519011406844107,0.678707224334601
"innervation",0.947841796932424,0.518450184501845,0.678707224334601
"glial cell development",0.966823313484639,0.519298245614035,0.678724721229086
"protein K11-linked ubiquitination",0.96049115345863,0.520076481835564,0.679384119955721
"isoprenoid metabolic process",-0.977804276409416,0.520971302428256,0.679837419887977
"adult behavior",0.971546318606906,0.520905923344948,0.679837419887977
"positive regulation of erythrocyte differentiation",0.956484809284735,0.52165725047081,0.680374826940909
"negative regulation of secretion",0.962657824748983,0.521968365553603,0.680423047953804
"regulation of glycogen metabolic process",0.955856585675892,0.523540489642185,0.682114170756904
"negative regulation of cell-matrix adhesion",0.945387448215686,0.523985239852399,0.682335448747982
"negative regulation of signal transduction in absence of ligand",0.948656554757676,0.524770642201835,0.682999860485031
"regulation of multicellular organism growth",0.95789820002318,0.525096525096525,0.683065815141287
"photoreceptor cell development",-0.951171661410987,0.526748971193416,0.684856441331617
"negative regulation of ERBB signaling pathway",0.962829056147824,0.527881040892193,0.685027940575167
"neural nucleus development",0.961557359073489,0.527619047619048,0.685027940575167
"keratinocyte proliferation",0.957082486156988,0.528155339805825,0.685027940575167
"response to auditory stimulus",-0.953751936357351,0.528260869565217,0.685027940575167
"GPI anchor metabolic process",-0.952724347914034,0.528260869565217,0.685027940575167
"detection of light stimulus",0.950871839598352,0.529636711281071,0.686095155219007
"macrophage chemotaxis",0.940851433525455,0.529520295202952,0.686095155219007
"cilium organization",0.975616375514383,0.529968454258675,0.686166772806485
"response to antibiotic",0.958685551309905,0.530841121495327,0.686491791577445
"polyol metabolic process",0.952214688794225,0.530499075785582,0.686491791577445
"positive regulation of glial cell differentiation",-0.945658006460295,0.531049250535332,0.686491791577445
"male sex differentiation",-0.972114414749982,0.531615925058548,0.686509222682266
"diterpenoid metabolic process",-0.963002836968044,0.531512605042017,0.686509222682266
"development of primary female sexual characteristics",0.950208006034439,0.533928571428571,0.689137136914048
"regulation of stem cell differentiation",0.952476328193243,0.536178107606679,0.690962649574132
"embryonic digit morphogenesis",0.951076141880589,0.535645472061657,0.690962649574132
"synaptic transmission, GABAergic",0.939505952142043,0.536121673003802,0.690962649574132
"neutrophil mediated immunity",0.940664272221932,0.537614678899083,0.692454402193836
"T cell proliferation",0.962927589655412,0.539130434782609,0.693327325974318
"regulation of mitochondrial membrane permeability involved in apoptotic process",0.947322157632471,0.538910505836576,0.693327325974318
"maintenance of protein localization in organelle",0.946453873881847,0.538910505836576,0.693327325974318
"natural killer cell mediated immunity",-0.963916796081613,0.539915966386555,0.693618751848565
"negative regulation of cell-substrate adhesion",0.943707981886672,0.539772727272727,0.693618751848565
"negative regulation of leukocyte cell-cell adhesion",0.966543443702111,0.541012216404887,0.694667522564371
"ribosome disassembly",0.946018285603555,0.541747572815534,0.695252055702252
"cellular response to unfolded protein",0.949641956861937,0.543057996485061,0.696573616163268
"vascular transport",0.950485614617527,0.543438077634011,0.696701089198148
"phosphatidylinositol metabolic process",0.960135882517289,0.544041450777202,0.696754840469048
"stem cell development",0.94863360665738,0.543956043956044,0.696754840469048
"regeneration",0.969209563863465,0.544658493870403,0.697185343881557
"positive regulation of intracellular protein transport",-0.961255263918177,0.546840958605665,0.698178631306203
"negative regulation of fat cell differentiation",0.945402043618323,0.546666666666667,0.698178631306203
"T cell migration",0.937309368862672,0.546332046332046,0.698178631306203
"regulation of macrophage migration",0.937185869563348,0.546788990825688,0.698178631306203
"endothelial cell chemotaxis",0.936958223119397,0.546788990825688,0.698178631306203
"mesoderm morphogenesis",-0.957753361965866,0.549568965517241,0.700580468625472
"monocyte differentiation",0.945433162288,0.549429657794677,0.700580468625472
"positive regulation of receptor-mediated endocytosis",0.941446553379908,0.549514563106796,0.700580468625472
"negative regulation of peptide secretion",-0.935365568975148,0.549893842887473,0.700634762857654
"bone morphogenesis",0.953653326711572,0.550621669626998,0.70120214674921
"long-chain fatty acid transport",0.942846500851818,0.551456310679612,0.701904904157331
"negative regulation of hemopoiesis",0.954305764983347,0.551845342706503,0.70204005156204
"activation of protein kinase activity",0.936754155592159,0.552529182879377,0.702549913886585
"positive regulation of interleukin-6 production",-0.948422536437198,0.553145336225597,0.702773127732234
"regulation of inflammatory response to antigenic stimulus",0.943012686095585,0.553271028037383,0.702773127732234
"zinc ion transport",-0.931864549399611,0.553648068669528,0.702892330658705
"regulation of membrane lipid distribution",-0.949988832699949,0.555555555555556,0.704953419677346
"vesicle cytoskeletal trafficking",0.942696762723166,0.557874762808349,0.707534573985857
"regulation of nervous system development",0.966823742853646,0.561996779388084,0.71239836896896
"positive regulation of nervous system development",0.96270808567589,0.565,0.715053703289326
"biological process involved in symbiotic interaction",0.951737069715326,0.565436241610738,0.715053703289326
"diol metabolic process",0.937584383622935,0.564971751412429,0.715053703289326
"negative regulation of fatty acid metabolic process",0.935482234154211,0.566854990583804,0.715053703289326
"visual behavior",0.930749694593297,0.566731141199226,0.715053703289326
"catecholamine transport",-0.930557666817258,0.566735112936345,0.715053703289326
"positive regulation of T cell proliferation",0.929491020891755,0.566037735849057,0.715053703289326
"pteridine-containing compound metabolic process",-0.928733270726248,0.564755838641189,0.715053703289326
"fear response",0.92832870850634,0.566147859922179,0.715053703289326
"regulation of lysosomal lumen pH",0.919569518457363,0.56697247706422,0.715053703289326
"amino acid catabolic process",0.937282163941543,0.568306010928962,0.716371518093287
"regulation of long-term synaptic potentiation",0.933314675911635,0.568932038834951,0.716796609334188
"regulated exocytosis",0.955678718997066,0.569230769230769,0.716809116809117
"regulation of intracellular steroid hormone receptor signaling pathway",-0.948981439937137,0.572043010752688,0.719471739493194
"lymphocyte migration",0.937187817932226,0.572232645403377,0.719471739493194
"positive regulation of cell morphogenesis",0.928742547283385,0.572243346007605,0.719471739493194
"regulation of lamellipodium assembly",0.928070148140373,0.572504708097928,0.719471739493194
"retinoic acid receptor signaling pathway",0.934620408547612,0.574387947269303,0.721108186708351
"viral protein processing",0.925812554759681,0.574144486692015,0.721108186708351
"leukocyte chemotaxis",0.952453689154258,0.574912891986063,0.721402324524473
"fatty acid transport",0.936220651289512,0.576208178438662,0.722662303630499
"neuron maturation",0.923954318238418,0.579150579150579,0.725985725985726
"epithelial cell morphogenesis",0.920249440634691,0.579847908745247,0.726492937660628
"cortical actin cytoskeleton organization",-0.919275739855836,0.581108829568789,0.727705406150219
"neuromuscular process controlling balance",-0.934259345018734,0.583162217659138,0.729908534659596
"positive regulation of smoothened signaling pathway",-0.918082022172563,0.583864118895966,0.730418721320457
"oligosaccharide metabolic process",0.911248557973153,0.584291187739464,0.730584749606725
"neural precursor cell proliferation",-0.954316911572826,0.585034013605442,0.731145227476691
"establishment of protein localization to organelle",0.957216292416752,0.5859375,0.731187892001201
"myeloid leukocyte migration",0.941281455568531,0.585664335664336,0.731187892001201
"midbrain development",0.928025672070426,0.585951940850277,0.731187892001201
"positive regulation of gliogenesis",-0.935399201678354,0.589583333333333,0.735349664991625
"amyloid fibril formation",0.911931393250084,0.591254752851711,0.737063936000978
"regulation of immune effector process",0.952633667500568,0.594370860927152,0.740086112717692
"central nervous system neuron differentiation",0.945765818343036,0.594871794871795,0.740086112717692
"reactive nitrogen species metabolic process",0.929111683829728,0.594795539033457,0.740086112717692
"neuroepithelial cell differentiation",-0.909475357143516,0.59447983014862,0.740086112717692
"negative regulation of carbohydrate metabolic process",0.908561839201982,0.596116504854369,0.741263108741755
"anatomical structure maturation",-0.964137443251883,0.597590361445783,0.741481657695138
"pattern specification process",-0.957657541221249,0.597333333333333,0.741481657695138
"positive regulation of cell development",0.954132636761815,0.597110754414125,0.741481657695138
"protein acylation",-0.932246554892538,0.596638655462185,0.741481657695138
"response to pain",0.902438074529551,0.597785977859779,0.741481657695138
"autonomic nervous system development",0.917397382796066,0.598837209302326,0.742414562182004
"positive regulation of exocytosis",0.916734072621678,0.602996254681648,0.746481956344987
"positive regulation of nervous system process",-0.906395199033106,0.603004291845494,0.746481956344987
"positive regulation of Rho protein signal transduction",0.900706325134178,0.603321033210332,0.746481956344987
"dopaminergic neuron differentiation",0.897002468712939,0.603321033210332,0.746481956344987
"inner ear receptor cell stereocilium organization",0.916815973260718,0.604519774011299,0.747592465917312
"T cell differentiation",-0.957232041899082,0.605527638190955,0.748465935253959
"central nervous system neuron development",0.920347033121346,0.606284658040665,0.748655980724842
"negative regulation of intracellular protein transport",0.918025719095385,0.606118546845124,0.748655980724842
"oligodendrocyte development",-0.91079797130783,0.607758620689655,0.74973006786865
"regulation of microtubule depolymerization",0.90966090197566,0.607476635514019,0.74973006786865
"regulation of cellular extravasation",0.893109211983882,0.608856088560886,0.750710785796383
"positive regulation of apoptotic signaling pathway",-0.934723021089054,0.60958904109589,0.751188059252575
"glutamate receptor signaling pathway",0.905933718620284,0.609848484848485,0.751188059252575
"regulation of protein stability",0.949075533090555,0.610305958132045,0.751378664724075
"organic acid transport",0.947388723947855,0.611666666666667,0.752080538180183
"alpha-beta T cell activation",0.931914640045554,0.611785095320624,0.752080538180183
"cellular response to fatty acid",-0.897890480428739,0.611587982832618,0.752080538180183
"regulation of postsynapse organization",0.929415326056503,0.612173913043478,0.752185966422729
"fatty-acyl-CoA metabolic process",-0.90412126293864,0.613168724279835,0.753035513934959
"endochondral bone morphogenesis",0.915112454281644,0.613899613899614,0.753560258011297
"response to amyloid-beta",0.906269925172197,0.614643545279383,0.754100484124286
"negative regulation of myeloid cell differentiation",0.916476575057662,0.615384615384615,0.754264007597341
"neuropeptide signaling pathway",0.905967450739056,0.615238095238095,0.754264007597341
"receptor localization to synapse",0.914467184371377,0.617100371747212,0.755475811064611
"pigment granule organization",0.91035069400296,0.617590822179732,0.755475811064611
"respiratory system process",0.903240642387898,0.61747572815534,0.755475811064611
"nucleotide-sugar biosynthetic process",-0.892235158245588,0.617391304347826,0.755475811064611
"interleukin-2 production",0.896973951199825,0.61849710982659,0.755839402555192
"regulation of phospholipid metabolic process",0.888967537609178,0.618348623853211,0.755839402555192
"cellular response to topologically incorrect protein",0.924770637279768,0.620141342756184,0.757475793661835
"metallo-sulfur cluster assembly",0.887097169793471,0.623853211009174,0.761260407927616
"catecholamine secretion",0.886569395453035,0.623853211009174,0.761260407927616
"sphingolipid metabolic process",0.931727927384024,0.627177700348432,0.764198254619634
"anoikis",0.90199574555133,0.627118644067797,0.764198254619634
"positive regulation of substrate adhesion-dependent cell spreading",0.898004733450217,0.627184466019417,0.764198254619634
"cytoplasmic pattern recognition receptor signaling pathway",-0.933569716594412,0.628504672897196,0.765055712668387
"embryonic cranial skeleton morphogenesis",-0.900826333556317,0.628336755646817,0.765055712668387
"negative regulation of neuron differentiation",0.891099508837217,0.629277566539924,0.765621039290241
"synaptic vesicle transport",0.890643343523484,0.630268199233716,0.766450597990242
"positive regulation of cytokine production involved in immune response",-0.925057024044036,0.632352941176471,0.767898504456522
"host-mediated perturbation of viral process",0.898308079095369,0.632075471698113,0.767898504456522
"response to fungus",-0.887198541267096,0.632696390658174,0.767898504456522
"neurotransmitter receptor localization to postsynaptic specialization membrane",-0.887033446006177,0.632696390658174,0.767898504456522
"alpha-beta T cell differentiation",0.92764895287008,0.633507853403141,0.768507571919158
"spermatid differentiation",-0.937409216965298,0.634660421545667,0.769529636676281
"adaptive immune response based on somatic recombination of immune receptors built from immunoglobulin superfamily domains",0.940881576743952,0.636515912897823,0.769898877101557
"respiratory gaseous exchange by respiratory system",0.89798607300998,0.635838150289017,0.769898877101557
"hindbrain morphogenesis",-0.896790926990151,0.635610766045549,0.769898877101557
"regulation of morphogenesis of a branching structure",0.891349096450216,0.636186770428016,0.769898877101557
"regulation of Ras protein signal transduction",0.89109452003694,0.636363636363636,0.769898877101557
"GO:0043433",0.889511011344278,0.637931034482759,0.771234694391723
"mammary gland development",0.921796945299047,0.63986013986014,0.772814047266602
"protein localization to mitochondrion",0.896204554013407,0.639622641509434,0.772814047266602
"regulation of neural precursor cell proliferation",0.902529861368446,0.640595903165736,0.773326377265251
"cellular response to alcohol",0.905511871635478,0.641165755919854,0.773638019539659
"L-amino acid transport",-0.905931945426975,0.641791044776119,0.77401621629462
"hippo signaling",0.898158488709368,0.644486692015209,0.776889737533632
"intrinsic apoptotic signaling pathway in response to endoplasmic reticulum stress",-0.910384596469558,0.644957983193277,0.777080443828017
"response to acetylcholine",0.892894958431331,0.646271510516252,0.778285244590654
"developmental growth involved in morphogenesis",0.939005745300137,0.647863247863248,0.77957304295729
"inflammasome-mediated signaling pathway",0.881202723709748,0.647969052224371,0.77957304295729
"cell redox homeostasis",-0.902902180790345,0.648870636550308,0.780125177029558
"aldehyde metabolic process",0.893160996959058,0.649056603773585,0.780125177029558
"response to platelet-derived growth factor",0.869911092132952,0.64954128440367,0.780329848930256
"cellular response to type II interferon",0.906688013574174,0.652014652014652,0.782922286550734
"collagen catabolic process",0.862155692075241,0.653136531365314,0.783890169656049
"cellular process involved in reproduction in multicellular organism",-0.940015637323946,0.653846153846154,0.784231622076479
"reproductive behavior",-0.880536576980152,0.654320987654321,0.784231622076479
"negative regulation of myeloid leukocyte differentiation",0.872240130620331,0.654368932038835,0.784231622076479
"intrinsic apoptotic signaling pathway",-0.941748887877406,0.656488549618321,0.786392171888355
"regulation of programmed necrotic cell death",-0.869633428140005,0.658695652173913,0.788655382872963
"negative regulation of cell development",0.931195037091919,0.65989847715736,0.789333985688949
"cell volume homeostasis",-0.873154673326921,0.659663865546218,0.789333985688949
"motile cilium assembly",0.88936873808693,0.66358595194085,0.793362395335833
"peptidyl-threonine phosphorylation",0.875913720239349,0.664783427495292,0.794411394821047
"regulation of myelination",0.877626894917776,0.665391969407266,0.79475595190993
"GO:0046466",0.863980221377323,0.666019417475728,0.795122748520807
"sulfur amino acid metabolic process",-0.863754420481033,0.667381974248927,0.796366375041268
"postsynaptic density organization",0.872871036165291,0.669902912621359,0.798990403232203
"glycoprotein biosynthetic process",-0.941114117478665,0.671052631578947,0.799002609775727
"regulation of lymphocyte apoptotic process",-0.875608217886684,0.670807453416149,0.799002609775727
"positive regulation of extrinsic apoptotic signaling pathway",0.869990712894259,0.671844660194175,0.799002609775727
"regulation of androgen receptor signaling pathway",0.869444836723842,0.671641791044776,0.799002609775727
"dendrite extension",0.868632934608684,0.671641791044776,0.799002609775727
"regulation of homotypic cell-cell adhesion",0.865439095591216,0.671003717472119,0.799002609775727
"positive regulation of cell activation",-0.93696229972743,0.673629242819843,0.799975014678876
"positive regulation of membrane permeability",0.874964703369773,0.673151750972763,0.799975014678876
"activated T cell proliferation",0.867645921430216,0.673507462686567,0.799975014678876
"amine transport",-0.892464288628923,0.674948240165631,0.800392514138126
"maintenance of protein location",0.885646913990791,0.67490494296578,0.800392514138126
"negative regulation of Notch signaling pathway",0.872008450476634,0.674418604651163,0.800392514138126
"GO:0051091",-0.89805060691941,0.675496688741722,0.800660354086415
"positive regulation of receptor signaling pathway via STAT",-0.860152352720582,0.675965665236052,0.800833785735503
"regulation of intracellular protein transport",-0.916090204294066,0.676814988290398,0.801056356607417
"regulation of leukocyte chemotaxis",0.895472580866651,0.676579925650558,0.801056356607417
"myeloid leukocyte cytokine production",0.862246781033528,0.677121771217712,0.801056356607417
"positive regulation of cell growth",0.904141463899393,0.678321678321678,0.802006802721089
"regulation of insulin receptor signaling pathway",-0.893345514725531,0.678571428571429,0.802006802721089
"establishment of cell polarity",0.914897565158467,0.679509632224168,0.802090402522518
"regulation of axon extension",0.881387712049483,0.679174484052533,0.802090402522518
"coronary vasculature development",0.856558702153202,0.679611650485437,0.802090402522518
"protein targeting to membrane",0.898912745996349,0.681109185441941,0.803475759632556
"molting cycle",0.889579667282421,0.682226211849192,0.804411143852587
"synaptic vesicle localization",0.87932688684682,0.683712121212121,0.805780382169271
"activation of innate immune response",-0.932042923581295,0.684863523573201,0.806754278836585
"circadian regulation of gene expression",0.876386504930172,0.686907020872865,0.808473887421256
"negative regulation of chemotaxis",-0.86267417162435,0.686974789915966,0.808473887421256
"stress-activated protein kinase signaling cascade",0.860480136174349,0.687378640776699,0.808565775548705
"lymphocyte differentiation",0.926271435131285,0.688816855753647,0.809734155580192
"vitamin transport",-0.883633570708802,0.689024390243902,0.809734155580192
"negative regulation of protein modification process",0.913521631327251,0.689419795221843,0.809815395996505
"negative regulation of intracellular steroid hormone receptor signaling pathway",-0.867233391711253,0.691511387163561,0.811888014635742
"B cell proliferation",-0.892601690123309,0.693790149892934,0.813690169840453
"dopamine transport",0.847403929502895,0.694029850746269,0.813690169840453
"positive regulation of morphogenesis of an epithelium",0.842660956065117,0.693726937269373,0.813690169840453
"skin epidermis development",0.89665326728644,0.695575221238938,0.814438063986874
"regulation of axonogenesis",0.890759125947557,0.695652173913043,0.814438063986874
"multicellular organismal response to stress",0.889448875172109,0.695167286245353,0.814438063986874
"necroptotic process",-0.856586853391964,0.696390658174098,0.814918252516789
"transmission of nerve impulse",-0.884864720248574,0.69811320754717,0.816248235712772
"regulation of hormone metabolic process",-0.851914967256893,0.698513800424628,0.816248235712772
"endolysosomal toll-like receptor signaling pathway",-0.850524552653486,0.698513800424628,0.816248235712772
"regulation of organelle assembly",0.918100153572869,0.699664429530201,0.817208053691275
"amino acid transport",0.887063396995937,0.700692041522491,0.818023352332466
"negative regulation of nervous system development",0.900281990983664,0.701048951048951,0.818055240481192
"TORC1 signaling",0.896733844933868,0.70293609671848,0.819871894762814
"pigment metabolic process",0.862251562225175,0.703422053231939,0.820053328380307
"symbiont entry into host",0.89597765434145,0.705779334500876,0.821258466118694
"intracellular iron ion homeostasis",0.875137524747976,0.705660377358491,0.821258466118694
"antiviral innate immune response",0.874471130395506,0.705660377358491,0.821258466118694
"regulation of receptor internalization",0.873406607506749,0.705128205128205,0.821258466118694
"monoamine transport",0.859170061013259,0.706563706563707,0.821785904260131
"host-mediated activation of viral process",-0.860191995431071,0.707112970711297,0.822039528480299
"L-amino acid catabolic process",0.871329519861401,0.707547169811321,0.822159211363154
"myoblast fusion",-0.883543599249663,0.708423326133909,0.822702533455999
"cellular response to heat",-0.882199284252172,0.708677685950413,0.822702533455999
"positive regulation of lipid transport",0.864718165528685,0.711320754716981,0.825384812158741
"regulation of fibroblast growth factor receptor signaling pathway",0.837432573473482,0.712686567164179,0.826583205467987
"modified amino acid transport",-0.849835179478169,0.71551724137931,0.829109793664432
"regulation of neuron projection regeneration",0.844058889183669,0.715867158671587,0.829109793664432
"positive regulation of D-glucose import across plasma membrane",0.834679458414383,0.715630885122411,0.829109793664432
"response to food",0.842883000783051,0.717757009345794,0.830523495196392
"olfactory lobe development",-0.841260210065629,0.717622080679405,0.830523495196392
"negative regulation of intrinsic apoptotic signaling pathway",-0.892436166811825,0.718468468468468,0.830951019291771
"negative regulation of TOR signaling",0.858721193780286,0.719330855018587,0.830951019291771
"iron ion transport",-0.858377257503873,0.719262295081967,0.830951019291771
"regulation of stress-activated protein kinase signaling cascade",0.844592215957144,0.719465648854962,0.830951019291771
"genitalia development",-0.847265075782837,0.721627408993576,0.832672816886125
"response to interferon-beta",0.828787269374735,0.72140221402214,0.832672816886125
"stem cell division",0.832954642267359,0.722014925373134,0.832732827498197
"response to pH",-0.840963054435564,0.723913043478261,0.834534219188594
"regulation of post-translational protein modification",-0.916479233351856,0.725,0.835399257195915
"embryonic eye morphogenesis",-0.822820142756878,0.728237791932059,0.838740695858641
"GO:0046467",-0.891942701197501,0.729411764705882,0.839703153988868
"leukocyte apoptotic process",0.870245461819505,0.730129390018484,0.840139613363875
"forebrain generation of neurons",-0.873997127391215,0.731868131868132,0.841750094206072
"regulation of B cell activation",0.876939459193166,0.733800350262697,0.84319095803334
"T cell differentiation in thymus",-0.874038609046615,0.733475479744137,0.84319095803334
"interleukin-6 production",-0.881545839876502,0.734234234234234,0.843299106603133
"protein O-linked glycosylation",-0.891102047580917,0.734883720930233,0.843654669449046
"regulation of response to cytokine stimulus",0.888371042186777,0.735395189003436,0.843851529868946
"feeding behavior",-0.865003848305967,0.73661670235546,0.84406773307008
"regulation of animal organ morphogenesis",0.853663683412364,0.736263736263736,0.84406773307008
"regulation of platelet activation",0.835812164499086,0.736943907156673,0.84406773307008
"negative regulation of proteasomal ubiquitin-dependent protein catabolic process",0.829238695501572,0.736641221374046,0.84406773307008
"positive regulation of protein ubiquitination",0.865463460817552,0.7375,0.844315036900369
"negative regulation of translation",-0.895116416816014,0.738717339667458,0.845307000219443
"cortical cytoskeleton organization",0.847114010525238,0.739047619047619,0.845307000219443
"Rac protein signal transduction",0.841612698402352,0.739884393063584,0.845874280784807
"tumor necrosis factor superfamily cytokine production",0.875949708558976,0.74061433447099,0.84592948833732
"ephrin receptor signaling pathway",-0.872415087314875,0.740506329113924,0.84592948833732
"GO:0032088",0.818386504731853,0.741996233521657,0.847118055014146
"inorganic anion transport",-0.889376485823714,0.742924528301887,0.847620412844037
"negative regulation of interleukin-6 production",0.821711188556579,0.743119266055046,0.847620412844037
"mechanoreceptor differentiation",-0.86782166883484,0.744034707158351,0.848098772147287
"hormone biosynthetic process",0.834036226597976,0.745210727969349,0.848098772147287
"regulation of gene silencing by regulatory ncRNA",-0.832376113053083,0.745182012847966,0.848098772147287
"stress granule assembly",-0.828180796646817,0.745222929936306,0.848098772147287
"glial cell activation",0.816262261284294,0.745247148288973,0.848098772147287
"lipid translocation",-0.868202402550299,0.745798319327731,0.848337043341626
"regulation of leukocyte apoptotic process",0.833003477320043,0.747628083491461,0.850028815037016
"developmental maturation",0.895971835478673,0.749598715890851,0.851879126758741
"GO:0006643",-0.905703663989992,0.75,0.851945080091533
"GO:0051090",-0.891034470068676,0.750566893424036,0.852199007080722
"steroid hormone biosynthetic process",0.823845270087917,0.751412429378531,0.852768929911986
"placenta blood vessel development",0.816974317491645,0.751865671641791,0.852893325875194
"positive regulation of JNK cascade",0.855540485310429,0.752276867030965,0.852969933289564
"regulation of platelet aggregation",-0.811118589673095,0.7527352297593,0.85309992706054
"ear morphogenesis",0.875482478297446,0.753496503496504,0.853572944627258
"leukocyte proliferation",0.902665352636861,0.755852842809365,0.85585162219564
"regulation of granulocyte chemotaxis",0.805396322766887,0.757009345794392,0.856770267333188
"negative regulation of ubiquitin-dependent protein catabolic process",0.835659981165138,0.757575757575758,0.857020524294909
"mammary gland epithelium development",0.831832530089028,0.758490566037736,0.857664503373877
"negative regulation of extrinsic apoptotic signaling pathway via death domain receptors",0.811886665338771,0.760147601476015,0.859146788189193
"positive regulation of phosphorylation",0.898022135317164,0.760683760683761,0.859361444705095
"myeloid cell activation involved in immune response",-0.849408505144363,0.761388286334056,0.859766026697511
"response to retinoic acid",0.857318350049739,0.7625,0.860629831741701
"regulation of hemopoiesis",0.901541773634219,0.764895330112721,0.861799716804087
"reproductive system development",0.897250578331638,0.764510779436153,0.861799716804087
"negative regulation of cell projection organization",0.870815832653095,0.764406779661017,0.861799716804087
"forebrain neuron development",0.809109005584991,0.764925373134328,0.861799716804087
"regulation of vesicle fusion",-0.809318595341622,0.766094420600858,0.862725205050513
"positive regulation of animal organ morphogenesis",-0.814840215695346,0.766806722689076,0.863135730482669
"negative regulation of defense response",0.890488801460042,0.767284991568297,0.863282569842481
"ruffle assembly",-0.823209705745182,0.76844262295082,0.864193289607582
"liposaccharide metabolic process",-0.881258636550644,0.768867924528302,0.864279976756905
"epithelial tube branching involved in lung morphogenesis",0.805800200911011,0.769372693726937,0.864455874074359
"mast cell activation involved in immune response",-0.822524844981969,0.770491803278688,0.864539175288293
"protein insertion into ER membrane",-0.804088288864908,0.770386266094421,0.864539175288293
"GO:0090151",0.794635532642555,0.770093457943925,0.864539175288293
"rescue of stalled cytosolic ribosome",0.824818857311071,0.771317829457364,0.865074944741608
"regulation of osteoclast differentiation",-0.846453277107099,0.772256728778468,0.865736766408382
"protein localization to synapse",0.845814777728899,0.774674115456238,0.867662975885552
"embryo implantation",0.821015731283008,0.774566473988439,0.867662975885552
"cellular response to light stimulus",0.850816757523819,0.77737881508079,0.870299602629915
"T cell mediated immunity",-0.862946408245681,0.779475982532751,0.872254007505089
"granulocyte chemotaxis",0.836389179734068,0.78003696857671,0.872375455537673
"pigment biosynthetic process",-0.828543115053923,0.780287474332649,0.872375455537673
"inner ear morphogenesis",-0.857798145351524,0.781456953642384,0.872582695523707
"modulation of process of another organism",0.845924493705237,0.781527531083481,0.872582695523707
"regulation of alpha-beta T cell differentiation",0.824303282162,0.780952380952381,0.872582695523707
"regulation of glial cell differentiation",-0.832086092124474,0.782608695652174,0.873396934626212
"regulation of actin nucleation",0.792904507968748,0.783269961977186,0.873742042978596
"modified amino acid biosynthetic process",0.81717096986913,0.784200385356455,0.874386952585229
"cell surface pattern recognition receptor signaling pathway",0.822293611914438,0.784761904761905,0.874620138131589
"regulation of nitric oxide metabolic process",0.810557381788216,0.78735632183908,0.87711776966095
"organic anion transport",0.889144955281777,0.78921568627451,0.878794676237476
"mast cell activation",-0.811155329997626,0.789583333333333,0.878809790732436
"cerebellar cortex morphogenesis",-0.808595695828899,0.790149892933619,0.87904618299473
"positive regulation of binding",0.807434770245776,0.790697674418605,0.879261482037176
"postsynaptic density assembly",0.791151978010605,0.791512915129151,0.879749559096446
"establishment of tissue polarity",-0.78934263498098,0.791845493562232,0.879749559096446
"monocyte chemotaxis",0.776333015797495,0.792843691148776,0.880464448067679
"neuron migration",0.859709424712045,0.793220338983051,0.880488766259362
"positive regulation of response to cytokine stimulus",0.813236596613446,0.79383429672447,0.880697050938338
"cell fate determination",-0.801705904473813,0.794117647058823,0.880697050938338
"positive regulation of canonical NF-kappaB signal transduction",0.869183804387243,0.797927461139896,0.883467142432352
"female sex differentiation",0.849444786977749,0.797891036906854,0.883467142432352
"regulation of alpha-beta T cell activation",0.835368840487342,0.797020484171322,0.883467142432352
"cytochrome complex assembly",0.803923509199981,0.798039215686275,0.883467142432352
"biological process involved in intraspecies interaction between organisms",0.80663943681284,0.799227799227799,0.884388496515113
"regulation of smoothened signaling pathway",0.839197452396402,0.799635701275046,0.884445548379975
"exocrine system development",0.801544859094421,0.8,0.88445434298441
"phosphatidylinositol biosynthetic process",0.845078226266516,0.800693240901213,0.884826635759934
"Fc receptor mediated stimulatory signaling pathway",-0.779516392866609,0.802173913043478,0.886068381029779
"synapse assembly",0.878263922555565,0.802675585284281,0.886228115069211
"viral process",0.887224057703782,0.803921568627451,0.886814814814815
"inclusion body assembly",0.78850999198308,0.803669724770642,0.886814814814815
"negative regulation of neuron projection development",0.853332652532335,0.805217391304348,0.887849651362679
"defense response to virus",-0.893798092340383,0.808457711442786,0.889123528184644
"regulation of postsynaptic membrane neurotransmitter receptor levels",0.843341511688507,0.808849557522124,0.889123528184644
"cellular response to retinoic acid",0.812518683523792,0.807619047619048,0.889123528184644
"neuromuscular junction development",0.809550635912976,0.808880308880309,0.889123528184644
"regulation of sterol transport",0.802854786272979,0.807984790874525,0.889123528184644
"integrated stress response signaling",0.802634146602872,0.808712121212121,0.889123528184644
"positive regulation of CD4-positive, alpha-beta T cell activation",0.780005197480812,0.808118081180812,0.889123528184644
"T-helper 1 type immune response",0.79594525904616,0.810344827586207,0.890339027033628
"regulation of apoptotic signaling pathway",0.883131048145955,0.813008130081301,0.892475090164435
"organophosphate ester transport",0.853196933318406,0.812824956672444,0.892475090164435
"lipoprotein biosynthetic process",0.793775979529104,0.813725490196078,0.892867668729738
"sphingolipid biosynthetic process",-0.857236732103581,0.817551963048499,0.89540735590491
"inner ear receptor cell development",-0.799964387348162,0.816666666666667,0.89540735590491
"positive regulation of non-canonical NF-kappaB signal transduction",0.795733136683256,0.817490494296578,0.89540735590491
"somatic stem cell population maintenance",0.787733195779124,0.817647058823529,0.89540735590491
"negative regulation of epithelial cell differentiation",0.766711549477767,0.817843866171004,0.89540735590491
"axoneme assembly",0.816293562254553,0.819012797074954,0.895896766126063
"ceramide biosynthetic process",0.803049906430822,0.818691588785047,0.895896766126063
"presynaptic modulation of chemical synaptic transmission",-0.758872194227496,0.822757111597374,0.899596101755367
"protein complex oligomerization",-0.885201251485478,0.823821339950372,0.900363084877509
"retina development in camera-type eye",-0.855413742828039,0.824355971896956,0.900550846059966
"protein exit from endoplasmic reticulum",0.794346063818052,0.825757575757576,0.901685131117599
"protein autophosphorylation",0.833477068789806,0.827288428324698,0.902166027724912
"protein tetramerization",0.823608277360672,0.82695810564663,0.902166027724912
"central nervous system projection neuron axonogenesis",0.766775121894293,0.826568265682657,0.902166027724912
"intraciliary transport",0.786725635429091,0.829545454545455,0.90423004751068
"regulation of cell adhesion mediated by integrin",0.784538045457997,0.830443159922929,0.904811204095131
"neutrophil chemotaxis",-0.793731739704757,0.831932773109244,0.905639097744361
"regulation of endoplasmic reticulum stress-induced intrinsic apoptotic signaling pathway",-0.772873931745573,0.831932773109244,0.905639097744361
"regulation of Rac protein signal transduction",0.750740911262395,0.834274952919021,0.907790632680846
"ovarian follicle development",-0.809894582589017,0.837552742616034,0.910957890960997
"morphogenesis of embryonic epithelium",-0.863760184477798,0.837962962962963,0.911004850667575
"Fc receptor signaling pathway",-0.791086717417403,0.839506172839506,0.912282977665348
"polyol biosynthetic process",0.783778812944945,0.840776699029126,0.913263792993563
"positive regulation of post-translational protein modification",0.832474724216576,0.842657342657343,0.91435182193038
"regulation of dendrite development",0.819019537064668,0.842857142857143,0.91435182193038
"regulation of gliogenesis",0.8124831039735,0.842883548983364,0.91435182193038
"protein O-linked glycosylation via N-acetyl-galactosamine",0.747146334587072,0.847908745247148,0.918999784149966
"regulation of inflammasome-mediated signaling pathway",0.747120595203059,0.847583643122677,0.918999784149966
"regulation of regulated secretory pathway",-0.844112339286774,0.849884526558891,0.919457230286589
"regulation of extent of cell growth",0.813601800670841,0.848816029143898,0.919457230286589
"myeloid leukocyte mediated immunity",-0.806166525892213,0.850325379609544,0.919457230286589
"toll-like receptor signaling pathway",-0.793142577114853,0.850102669404518,0.919457230286589
"Arp2/3 complex-mediated actin nucleation",0.766043528509333,0.850194552529183,0.919457230286589
"regulation of ruffle assembly",0.75047261972486,0.850553505535055,0.919457230286589
"membrane invagination",0.773069296449083,0.852427184466019,0.921081528883178
"regulation of T cell mediated immunity",-0.797761479913431,0.852941176470588,0.921235857267189
"maternal process involved in female pregnancy",0.757853391656884,0.854368932038835,0.922376550378594
"chloride transport",0.800945101002202,0.855018587360595,0.922676579925651
"membrane protein ectodomain proteolysis",0.765932377576135,0.855491329479769,0.922785519238934
"regulation of synapse structure or activity",0.863413585444495,0.856209150326797,0.923158606043054
"regulation of leukocyte differentiation",-0.87371315550323,0.858247422680412,0.923737093805737
"nerve development",0.799222693571425,0.858472998137803,0.923737093805737
"postsynaptic membrane organization",-0.77589176856749,0.858606557377049,0.923737093805737
"postsynaptic specialization organization",0.770255974051898,0.858252427184466,0.923737093805737
"response to amphetamine",0.735171575208436,0.857933579335793,0.923737093805737
"viral life cycle",0.859641729413867,0.859531772575251,0.924331828220005
"peptidyl-lysine modification",-0.835028544456457,0.860730593607306,0.925220153024397
"positive regulation of leukocyte chemotaxis",0.782449507667136,0.862264150943396,0.92634505733245
"response to tumor cell",0.732777907925746,0.862523540489642,0.92634505733245
"regulation of tumor necrosis factor-mediated signaling pathway",-0.783390941432177,0.865546218487395,0.929189322787939
"homophilic cell-cell adhesion",0.819177402334695,0.866900175131349,0.930240481917859
"positive regulation of tumor necrosis factor superfamily cytokine production",-0.814295144776241,0.867549668874172,0.930535124522772
"neuron fate commitment",-0.772746086621712,0.868200836820084,0.930831307553973
"carbohydrate derivative transport",0.78759898171519,0.868913857677903,0.931193521052053
"GO:0051092",-0.795070199866858,0.870762711864407,0.932772141064936
"type II interferon production",0.789577875030035,0.871508379888268,0.932823612017538
"translational elongation",0.780662062446313,0.872458410351202,0.932823612017538
"amino acid import across plasma membrane",-0.76777768378825,0.872689938398357,0.932823612017538
"negative regulation of T cell proliferation",0.758177041755036,0.872623574144487,0.932823612017538
"positive regulation of neuron apoptotic process",0.755066155413801,0.872623574144487,0.932823612017538
"negative regulation of leukocyte apoptotic process",0.730119271937397,0.873822975517891,0.933632641082826
"regulation of acute inflammatory response",0.734528864773225,0.874538745387454,0.933995338232212
"cellular response to biotic stimulus",0.829035306142085,0.875838926174497,0.93457962801595
"androgen receptor signaling pathway",0.741757793321432,0.875728155339806,0.93457962801595
"positive regulation of protein modification process",0.861091054848322,0.876221498371335,0.934586058855889
"urogenital system development",0.742837441428859,0.876893939393939,0.934901528168281
"excitatory synapse assembly",0.73758364006778,0.877669902912621,0.93532704981929
"negative regulation of cellular response to insulin stimulus",-0.759569516463414,0.879098360655738,0.936045530307825
"establishment or maintenance of bipolar cell polarity",0.736438664633078,0.878787878787879,0.936045530307825
"regulation of T cell activation",0.859227069226466,0.87987012987013,0.936064150166165
"thymus development",0.73770488715128,0.879611650485437,0.936064150166165
"myeloid cell development",-0.788225229171502,0.881318681318681,0.937203499157227
"ceramide metabolic process",0.794893608876506,0.883928571428571,0.939277899343545
"protein catabolic process in the vacuole",-0.726587916178168,0.884026258205689,0.939277899343545
"regulation of cellular response to insulin stimulus",-0.782935726471717,0.885032537960954,0.939944697997043
"neutral lipid catabolic process",0.713458767232258,0.885931558935361,0.940497061282107
"mesodermal cell differentiation",-0.70316357997484,0.888412017167382,0.942727074223789
"regulation of production of molecular mediator of immune response",0.807959953452412,0.891608391608392,0.944935107947775
"lymphocyte apoptotic process",0.737196863165101,0.891634980988593,0.944935107947775
"fatty acid derivative biosynthetic process",0.702462695209027,0.891221374045801,0.944935107947775
"positive regulation of multicellular organism growth",0.690851479597378,0.893577981651376,0.946590077020365
"proteoglycan biosynthetic process",-0.787929918245958,0.894623655913979,0.94725310614791
"DNA catabolic process",-0.715991513428479,0.894967177242888,0.94725310614791
"response to virus",0.851290357418544,0.896440129449838,0.948407673186061
"positive regulation of pattern recognition receptor signaling pathway",0.745865305506825,0.8996138996139,0.951359905769791
"retina homeostasis",-0.738456175225475,0.9,0.951362862010222
"positive regulation of leukocyte cell-cell adhesion",-0.843772224093519,0.901204819277108,0.951420825795739
"semaphorin-plexin signaling pathway",0.725120912835407,0.900970873786408,0.951420825795739
"disruption of anatomical structure in another organism",0.7141320200347,0.900970873786408,0.951420825795739
"bone development",0.817915166247795,0.901694915254237,0.951533494753834
"microtubule bundle formation",0.788258032678806,0.903460837887067,0.951600737381419
"granulocyte migration",0.756658006005324,0.902930402930403,0.951600737381419
"vesicle transport along microtubule",0.741119391746154,0.903041825095057,0.951600737381419
"positive regulation of response to endoplasmic reticulum stress",-0.736975943707904,0.903765690376569,0.951600737381419
"lymphocyte costimulation",0.704203664790846,0.904059040590406,0.951600737381419
"interleukin-10 production",0.701865108521998,0.902485659655832,0.951600737381419
"xenobiotic transport",-0.75063637839985,0.905349794238683,0.95255540029691
"regulation of hippo signaling",0.729664412299345,0.905882352941176,0.95271186440678
"sensory organ morphogenesis",0.826862897777173,0.907590759075908,0.953807073536117
"glycosphingolipid metabolic process",-0.757388532255168,0.907692307692308,0.953807073536117
"spinal cord development",-0.770380107443983,0.911062906724512,0.956943772530782
"negative regulation of axonogenesis",-0.746049417112733,0.91260162601626,0.957749359734612
"receptor clustering",0.713379205691852,0.91254752851711,0.957749359734612
"protein localization to postsynapse",-0.740894547938055,0.913757700205339,0.958557316952515
"response to light stimulus",-0.835052466734697,0.914507772020725,0.958938863606016
"positive regulation of cell junction assembly",0.77587617969384,0.917414721723519,0.959848362667111
"photoreceptor cell maintenance",-0.734163595279426,0.917695473251029,0.959848362667111
"macromolecule deacylation",-0.73020308337024,0.917525773195876,0.959848362667111
"regulation of oligodendrocyte differentiation",0.693127553705787,0.916349809885932,0.959848362667111
"granulocyte activation",0.663059768450116,0.917431192660551,0.959848362667111
"postsynaptic modulation of chemical synaptic transmission",0.662470598286027,0.917431192660551,0.959848362667111
"protein localization to cilium",0.753271981035764,0.919117647058823,0.960001820167455
"inflammatory response to antigenic stimulus",-0.731967057464147,0.919421487603306,0.960001820167455
"positive regulation of chemokine production",-0.728067651895563,0.919587628865979,0.960001820167455
"neuronal action potential",0.685915982019532,0.919776119402985,0.960001820167455
"endoplasmic reticulum to cytosol transport",-0.678088902320694,0.919565217391304,0.960001820167455
"glycolipid biosynthetic process",-0.780191366449379,0.920600858369099,0.960458734960951
"regulation of response to endoplasmic reticulum stress",0.761450276665435,0.921428571428571,0.960855355145414
"negative regulation of leukocyte mediated immunity",-0.723160340579513,0.922764227642276,0.960855355145414
"negative regulation of organelle assembly",-0.721255446469734,0.922764227642276,0.960855355145414
"T cell homeostasis",-0.721066450211503,0.922916666666667,0.960855355145414
"hair cell differentiation",-0.706255504250447,0.922268907563025,0.960855355145414
"negative regulation of cell adhesion",0.82043638849059,0.924242424242424,0.961726423002104
"innate immune response activating cell surface receptor signaling pathway",0.730395222622248,0.924528301886792,0.961726423002104
"columnar/cuboidal epithelial cell differentiation",0.740203513999764,0.927374301675978,0.964222529044587
"neutrophil migration",-0.736101527119361,0.928571428571429,0.964222529044587
"protein insertion into membrane",0.716803790969872,0.928838951310861,0.964222529044587
"negative regulation of lymphocyte differentiation",0.7142856816059,0.928709055876686,0.964222529044587
"chondroitin sulfate proteoglycan metabolic process",-0.706924911412419,0.928870292887029,0.964222529044587
"peptidyl-amino acid modification",0.841038224432872,0.929373996789727,0.96434208195322
"T cell apoptotic process",0.690494351200102,0.930635838150289,0.9644418164046
"negative regulation of type I interferon production",0.688888700289587,0.930635838150289,0.9644418164046
"chondroitin sulfate proteoglycan biosynthetic process",-0.670288671902404,0.930434782608696,0.9644418164046
"fatty acid derivative metabolic process",0.71030174710397,0.932075471698113,0.96553060131666
"regulation of synapse assembly",0.792796887692418,0.934931506849315,0.967278032513547
"response to heat",0.752208058073001,0.934426229508197,0.967278032513547
"morphogenesis of a polarized epithelium",-0.717685896614374,0.934599156118143,0.967278032513547
"negative regulation of response to cytokine stimulus",0.733350484076247,0.936329588014981,0.968320848938826
"response to vitamin D",0.65416838816966,0.939114391143911,0.970796301049225
"eye photoreceptor cell differentiation",0.66354625056865,0.939922480620155,0.971227142755714
"viral gene expression",0.732155471133587,0.940409683426443,0.971326189872839
"response to endoplasmic reticulum stress",0.822315224881596,0.943181818181818,0.973379323379323
"glycosphingolipid biosynthetic process",-0.690757857375027,0.943089430894309,0.973379323379323
"cell differentiation in spinal cord",-0.670408119412451,0.945378151260504,0.975240470252939
"regulation of cell size",0.782410669739361,0.945898778359511,0.975372151179189
"positive regulation of hemopoiesis",0.779107411952738,0.94636678200692,0.975449482118429
"eye morphogenesis",0.775068804824668,0.949740034662045,0.975587190895867
"negative regulation of establishment of protein localization",-0.774430103313093,0.948235294117647,0.975587190895867
"monoatomic anion transport",-0.757721542030555,0.950354609929078,0.975587190895867
"photoreceptor cell differentiation",-0.704365587967588,0.950310559006211,0.975587190895867
"regulation of receptor signaling pathway via JAK-STAT",0.696240998925073,0.948571428571429,0.975587190895867
"aminoglycan biosynthetic process",-0.687556328701635,0.947698744769874,0.975587190895867
"chemokine production",0.682526931896052,0.94990366088632,0.975587190895867
"phagocytosis, engulfment",-0.657080579612122,0.950431034482759,0.975587190895867
"phagosome maturation",-0.651053287853963,0.947483588621444,0.975587190895867
"regulation of biological process involved in symbiotic interaction",-0.647833565989926,0.947483588621444,0.975587190895867
"positive regulation of translational initiation",-0.636786420556848,0.951859956236324,0.976650025373525
"heparan sulfate proteoglycan biosynthetic process",-0.646975999871857,0.953290870488323,0.977714025021495
"glycoprotein catabolic process",-0.680460390475329,0.95397489539749,0.978011437578095
"negative regulation of leukocyte proliferation",0.664926592506899,0.954372623574145,0.978015215405048
"smoothened signaling pathway",0.768623222048107,0.954939341421144,0.978192094679026
"phosphatidylcholine metabolic process",0.689592935588578,0.957528957528958,0.980276433476943
"retina morphogenesis in camera-type eye",-0.673296111276415,0.957805907172996,0.980276433476943
"cyclic nucleotide metabolic process",-0.663809532779622,0.9581589958159,0.980276433476943
"positive regulation of DNA-templated transcription initiation",0.708688641736885,0.958724202626642,0.980345423609798
"heparan sulfate proteoglycan metabolic process",-0.678760700350693,0.959016393442623,0.980345423609798
"tube formation",-0.778537481978519,0.960556844547564,0.981234910671173
"amino sugar metabolic process",0.657520258753246,0.960966542750929,0.981234910671173
"angiogenesis involved in wound healing",0.612460081244824,0.961467889908257,0.981234910671173
"neuromuscular synaptic transmission",0.610801894408196,0.961467889908257,0.981234910671173
"amyloid-beta clearance",0.633683347532259,0.961977186311787,0.98135116170401
"glycosaminoglycan biosynthetic process",0.618078132716885,0.962686567164179,0.981671347453366
"negative regulation of phosphatidylinositol 3-kinase/protein kinase B signal transduction",0.674832710446828,0.963320463320463,0.981914328526238
"proteoglycan metabolic process",0.743091909497842,0.963730569948187,0.981929094668062
"regulation of DNA-templated transcription initiation",0.700909070948598,0.965009208103131,0.982425288971276
"postsynaptic specialization assembly",0.654080743927611,0.964684014869889,0.982425288971276
"postsynapse organization",0.776982695585609,0.966159052453469,0.982516604929849
"neural retina development",-0.687723017704401,0.966873706004141,0.982516604929849
"neutral lipid biosynthetic process",-0.671137567865993,0.967078189300412,0.982516604929849
"cranial nerve development",0.646508740621759,0.966666666666667,0.982516604929849
"negative regulation of tumor necrosis factor superfamily cytokine production",0.635888950506893,0.967054263565892,0.982516604929849
"cilium movement",-0.782370780315842,0.968446601941748,0.983504282332004
"positive regulation of interleukin-8 production",0.631163375546686,0.969052224371373,0.983716818359815
"glycoprotein metabolic process",-0.816721318490097,0.970666666666667,0.984675141242938
"glial cell differentiation",0.755410791567617,0.971186440677966,0.984675141242938
"nucleotide-sugar metabolic process",-0.658071634531092,0.971014492753623,0.984675141242938
"regulation of epidermis development",0.644237996505127,0.973484848484849,0.985949084158739
"regulation of receptor signaling pathway via STAT",0.638163932085837,0.973584905660377,0.985949084158739
"T-helper 1 cell differentiation",0.595697147666814,0.973634651600753,0.985949084158739
"response to type II interferon",0.707364170897367,0.975652173913043,0.987085295656724
"osteoclast differentiation",0.677789071204383,0.976660682226212,0.987085295656724
"protein O-linked glycosylation via xylose",0.662075684563525,0.977142857142857,0.987085295656724
"T cell selection",0.653599402194726,0.976878612716763,0.987085295656724
"positive regulation of synapse assembly",-0.643282406334983,0.976939203354298,0.987085295656724
"positive regulation of mitochondrial membrane permeability",0.607126556994199,0.976744186046512,0.987085295656724
"syncytium formation",-0.687145842911186,0.978213507625272,0.987442119883877
"natural killer cell activation",0.652046941944507,0.978723404255319,0.987442119883877
"regulation of keratinocyte proliferation",0.596995719367665,0.979087452471483,0.987442119883877
"positive regulation of lamellipodium organization",0.596821681287234,0.979087452471483,0.987442119883877
"embryonic digestive tract development",0.576913598352673,0.983050847457627,0.990634268530179
"mitochondrial outer membrane permeabilization",0.571804901438575,0.983050847457627,0.990634268530179
"skeletal system morphogenesis",0.739790903885849,0.984797297297297,0.991991433397683
"phospholipid transport",0.655794228892028,0.985585585585586,0.992382727555141
"negative regulation of cell-cell adhesion",0.742220179634226,0.987972508591065,0.992772375029564
"camera-type eye morphogenesis",0.711182533413352,0.98780487804878,0.992772375029564
"ruffle organization",-0.604267921697183,0.987394957983193,0.992772375029564
"cell surface toll-like receptor signaling pathway",0.598844782910036,0.986742424242424,0.992772375029564
"mating behavior",-0.575124632087179,0.986870897155361,0.992772375029564
"positive regulation of DNA-templated transcription, elongation",-0.602950384175736,0.989451476793249,0.993856157588363
"inner ear auditory receptor cell differentiation",-0.592090363422127,0.991803278688525,0.995815427874158
"non-motile cilium assembly",-0.611932968061839,0.993576017130621,0.997191942789406
"cilium or flagellum-dependent cell motility",-0.678427095812327,0.997630331753555,0.998178506375228
"epidermal cell differentiation",0.655217037324723,0.996497373029772,0.998178506375228
"membrane protein proteolysis",-0.587891530866761,0.99789029535865,0.998178506375228
"oligodendrocyte differentiation",0.586584164082133,0.998178506375228,0.998178506375228
"embryonic skeletal system morphogenesis",0.57114298646046,0.998171846435101,0.998178506375228
"ER-nucleus signaling pathway",0.556442481991199,0.998065764023211,0.998178506375228
"negative regulation of TORC1 signaling",-0.554800374185269,0.995867768595041,0.998178506375228
"ventral spinal cord development",0.494460615204405,0.998134328358209,0.998178506375228
"mammary gland duct morphogenesis",-0.48684819351113,0.99781181619256,0.998178506375228
