"go_description","NES","pval","padj"
"chromosome segregation",-3.06981792673401,2.5694356294703e-46,6.36449205419794e-43
"nuclear chromosome segregation",-3.07556049489816,1.40306868138312e-38,1.737700561893e-35
"DNA replication",-2.98974872213171,7.02574571507816e-35,5.8009240454162e-32
"regulation of cell cycle phase transition",-2.72237101085477,3.32568002472523e-32,1.64754188424888e-29
"mitotic cell cycle phase transition",-2.71176041622884,2.72024450688997e-32,1.64754188424888e-29
"sister chromatid segregation",-3.06329814594279,4.33081952938934e-32,1.7879066623829e-29
"regulation of chromosome organization",-2.97862685105194,6.59336893531872e-31,2.33311069325492e-28
"ribosome biogenesis",-2.85116456838169,9.46319442699852e-31,2.93004157445942e-28
"DNA-templated DNA replication",-3.13735957217868,3.47169765036111e-29,9.55488342216053e-27
"mitotic sister chromatid segregation",-3.0924636625062,1.31091291230362e-28,2.95193753070552e-26
"mitotic nuclear division",-2.87319661842354,1.28126128778702e-28,2.95193753070552e-26
"double-strand break repair",-2.7735124850491,9.92051255710876e-28,2.0477591336632e-25
"cell cycle checkpoint signaling",-3.05210142494514,1.65326565750779e-27,3.15010694895907e-25
"regulation of mitotic cell cycle phase transition",-2.69412807888967,1.65583820949164e-26,2.92965088922199e-24
"rRNA metabolic process",-2.76017235722857,3.36192414638157e-26,5.5516574070581e-24
"negative regulation of cell cycle process",-2.735713125039,1.36323897511039e-25,2.11046433834277e-23
"DNA recombination",-2.69993555230629,7.58419733992347e-25,1.10506216535238e-22
"rRNA processing",-2.84452661119264,8.59928690362916e-25,1.18335742557164e-22
"regulation of chromosome segregation",-3.04764287357277,1.75621324041273e-24,2.28954747184333e-22
"positive regulation of cell cycle process",-2.84532163175181,2.93955441965774e-24,3.64063814874611e-22
"negative regulation of cell cycle",-2.55276918607194,3.84870662082909e-23,4.53964109513984e-21
"meiotic cell cycle",-2.70871375545567,7.62242009542585e-23,8.58215208016811e-21
"mitotic cell cycle checkpoint signaling",-2.96844417954586,1.35612659865945e-22,1.46048938473019e-20
"recombinational repair",-2.8959133326625,1.48681766760993e-22,1.53451973444575e-20
"RNA splicing, via transesterification reactions",-2.55222812332355,1.25500221933837e-21,1.24345619892046e-19
"muscle cell development",2.75879022467525,1.52083237097346e-21,1.44888530111587e-19
"chromosome separation",-3.10826470875262,1.62947331186874e-21,1.49489088648106e-19
"negative regulation of chromosome organization",-3.03015344093378,1.23160726944031e-20,1.08953257371559e-18
"regulation of mitotic nuclear division",-2.96371919057406,1.54227009582402e-20,1.31731138874348e-18
"regulation of sister chromatid segregation",-2.95335402732227,1.70598734470125e-20,1.408576884275e-18
"heart process",2.624807229611,3.17447266439668e-20,2.53650606119696e-18
"microtubule cytoskeleton organization involved in mitosis",-2.80348781810715,1.25640607203129e-19,9.72536825131717e-18
"regulation of nuclear division",-2.89324734918484,1.78997692680902e-19,1.33546209545639e-17
"spindle organization",-2.72764110202951,1.86895630815743e-19,1.33546209545639e-17
"positive regulation of cell cycle",-2.51627486375,1.88700740173491e-19,1.33546209545639e-17
"negative regulation of mitotic cell cycle",-2.62858958639631,3.67916810815729e-19,2.53147205664045e-17
"muscle cell differentiation",2.30808619786236,4.08482251212665e-19,2.73462307095614e-17
"meiotic cell cycle process",-2.72007819403067,5.05120315828375e-19,3.29258690080759e-17
"negative regulation of mitotic cell cycle phase transition",-2.71564798869688,1.28248845168307e-18,8.14544588415121e-17
"cell cycle G2/M phase transition",-2.76077663975508,1.38720634356388e-18,8.59027528251931e-17
"myofibril assembly",2.88724562032147,3.03140992460594e-18,1.83141521542656e-16
"mitotic sister chromatid separation",-3.00737496364478,3.92586306240467e-18,2.31532447751818e-16
"muscle contraction",2.36082152362446,4.16062901253901e-18,2.39671582885096e-16
"protein-RNA complex organization",-2.54903189251857,7.99300836315359e-18,4.48478425600436e-16
"positive regulation of DNA metabolic process",-2.47551659394621,8.1475692983527e-18,4.48478425600436e-16
"RNA splicing",-2.23533821481112,9.40283365351983e-18,5.06322151299318e-16
"regulation of blood circulation",2.5078511687844,1.23106710180856e-17,6.48798555570172e-16
"metaphase chromosome alignment",-2.86702654752399,1.72951003016858e-17,8.92499238484913e-16
"chromosome localization",-2.7746222791321,1.98912877773139e-17,1.00552489437564e-15
"striated muscle cell differentiation",2.37453417429935,3.02382665470513e-17,1.49800372474092e-15
"mitotic spindle organization",-2.75505233286124,3.96069323085372e-17,1.92365433976954e-15
"regulation of heart contraction",2.53068990741773,5.70154875459354e-17,2.71591082021696e-15
"muscle tissue development",2.25165494907182,8.32789284546543e-17,3.89211142985243e-15
"negative regulation of nuclear division",-2.9440475595927,1.25579678069814e-16,5.76038634405426e-15
"regulation of mitotic sister chromatid segregation",-2.94964446097637,2.40493698655722e-16,1.08309616649132e-14
"striated muscle contraction",2.44378954575999,1.20630243526655e-15,5.33573416456292e-14
"cardiac muscle contraction",2.59518459649323,1.47897906008363e-15,6.42707216110028e-14
"telomere organization",-2.58822240883075,2.45685865512718e-15,1.04924808426724e-13
"regulation of muscle system process",2.41162707419398,8.88894154105851e-15,3.73184884698338e-13
"cardiac muscle tissue development",2.35968233228397,1.04877664563654e-14,4.32969958540285e-13
"cell cycle DNA replication",-2.92756533925828,2.23737599401889e-14,8.65934427685124e-13
"regulation of cell cycle G2/M phase transition",-2.68495137312318,2.21798382281241e-14,8.65934427685124e-13
"DNA integrity checkpoint signaling",-2.59072392712132,2.19553184893531e-14,8.65934427685124e-13
"muscle organ development",2.22482844371526,2.13870903742088e-14,8.65934427685124e-13
"spliceosomal snRNP assembly",-2.81749874874619,2.49013793221562e-14,9.48934101245861e-13
"RNA localization",-2.4679866580877,3.19717846298603e-14,1.19991076557824e-12
"meiosis I cell cycle process",-2.6670337242614,5.39041398866781e-14,1.9928440970045e-12
"positive regulation of cell cycle phase transition",-2.67464958595546,1.25585890382669e-13,4.54517860177239e-12
"cellular component assembly involved in morphogenesis",2.54479500065233,1.26611757578642e-13,4.54517860177239e-12
"spindle assembly",-2.53127249665136,1.84742323916549e-13,6.53723909058988e-12
"attachment of spindle microtubules to kinetochore",-2.74631616346044,3.95557666087175e-13,1.37999484351822e-11
"meiotic chromosome segregation",-2.74839937304898,4.79753931197505e-13,1.65048678830031e-11
"regulation of DNA replication",-2.55359245664861,8.27682939484751e-13,2.8084529330188e-11
"sarcomere organization",2.67770754363895,3.65712474707841e-12,1.22414837817746e-10
"regulation of monoatomic ion transport",2.1154139349291,4.69268756071522e-12,1.54983827838555e-10
"positive regulation of mitotic cell cycle phase transition",-2.61261206590978,5.03170658642524e-12,1.63993910718096e-10
"generation of precursor metabolites and energy",2.01377793796245,6.64500009295043e-12,2.1376188610699e-10
"ribosomal small subunit biogenesis",-2.51908659699153,1.01071323285454e-11,3.20966240741116e-10
"positive regulation of chromosome organization",-2.53499035805514,1.05969425942735e-11,3.32261098810321e-10
"DNA biosynthetic process",-2.40829036425262,1.15208324072709e-11,3.56713773410126e-10
"protein localization to chromosome",-2.53040805183436,1.89938736607507e-11,5.80837346391106e-10
"kinetochore organization",-2.72700523777249,2.55434431757316e-11,7.71598887149843e-10
"DNA replication initiation",-2.75592997020761,2.98848443219915e-11,8.91864570910517e-10
"cardiac cell development",2.46325700239101,3.13807318829371e-11,9.2535801040518e-10
"regulation of muscle contraction",2.32150294171765,3.19007814684272e-11,9.29626302321109e-10
"regulation of monoatomic ion transmembrane transport",2.22341819667977,3.27813049969177e-11,9.44177819504246e-10
"DNA-templated DNA replication maintenance of fidelity",-2.62246275842449,4.01918344309709e-11,1.14431234351167e-09
"mitotic metaphase chromosome alignment",-2.58369700368592,5.02805040411661e-11,1.415281914886e-09
"regulation of striated muscle contraction",2.45096449677662,5.16171044406538e-11,1.43657941235393e-09
"cellular respiration",2.08017345776944,9.00297927449233e-11,2.47781996254639e-09
"establishment of RNA localization",-2.3381992313594,9.4341770598799e-11,2.56796226124423e-09
"spliceosomal conformational changes to generate catalytic conformation",-2.70140875095945,9.56343515479326e-11,2.57485096504597e-09
"positive regulation of chromosome separation",-2.71264401767415,9.96398683982201e-11,2.6538489679827e-09
"calcium-mediated signaling",2.23424563174105,1.09410744865023e-10,2.88308952160278e-09
"actin-mediated cell contraction",2.36243981704476,1.19019113175773e-10,3.10326677196199e-09
"regulation of DNA repair",-2.17381004785402,1.27475163027504e-10,3.28912477936591e-09
"regulation of double-strand break repair",-2.32310542822253,1.50671622054975e-10,3.84756296732138e-09
"mRNA transport",-2.34847887571559,2.00777498757757e-10,5.07475371860166e-09
"microtubule organizing center organization",-2.3079379862185,2.30196713758588e-10,5.75956828262649e-09
"positive regulation of mitotic cell cycle",-2.33921474233756,2.55218491829024e-10,6.32176204260491e-09
"regulation of cardiac muscle contraction",2.42472010084584,2.75584809788541e-10,6.75864924600214e-09
"RNA export from nucleus",-2.49971528109694,3.82702171704893e-10,9.29365960110803e-09
"DNA strand elongation",-2.60537341112686,4.49702218445824e-10,1.08146834474787e-08
"actin filament-based movement",2.28259210592772,5.67681405757762e-10,1.35206427121344e-08
"cardiocyte differentiation",2.23623357353887,5.90233675350666e-10,1.39238934651771e-08
"mismatch repair",-2.65427048136346,8.18630126914995e-10,1.91296870223438e-08
"actomyosin structure organization",2.13760112088803,1.04000962408931e-09,2.40757368118618e-08
"regulation of mRNA metabolic process",-1.98338103481657,1.25217129824594e-09,2.87187806088445e-08
"sister chromatid cohesion",-2.48303085285194,1.35407066554624e-09,3.07709453078719e-08
"positive regulation of chromosome segregation",-2.6374793505289,1.79940929704131e-09,4.05194257161029e-08
"spliceosomal tri-snRNP complex assembly",-2.61093887447641,2.58683995676504e-09,5.77261493054686e-08
"cardiac muscle tissue morphogenesis",2.38101058868804,2.69812374356969e-09,5.96718974359117e-08
"regulation of spindle checkpoint",-2.60276123896561,2.94130544037433e-09,6.39088910158527e-08
"signal transduction in response to DNA damage",-2.09484978957837,2.91841321262471e-09,6.39088910158527e-08
"cardiac muscle cell differentiation",2.24585093381716,3.1065198950821e-09,6.69117372184206e-08
"protein localization to chromosome, centromeric region",-2.63613936257558,3.75949640175434e-09,8.00012100586886e-08
"telomere maintenance via telomere lengthening",-2.45043599977615,3.7788217912259e-09,8.00012100586886e-08
"regulation of cell cycle checkpoint",-2.48050174212271,3.9073891199433e-09,8.19165252682222e-08
"maturation of SSU-rRNA",-2.46572143307162,3.93543258252662e-09,8.19165252682222e-08
"regulation of DNA-templated DNA replication",-2.54401058404801,4.16715263808915e-09,8.60169757045569e-08
"cardiac conduction",2.29494058738376,7.18933124604163e-09,1.47173334681365e-07
"regulation of telomere maintenance",-2.25702950458208,8.06232166776672e-09,1.63691563697198e-07
"RNA-templated DNA biosynthetic process",-2.39762314808952,1.02123183983472e-08,2.05657826607367e-07
"regulation of calcium ion transmembrane transport",2.2045972835259,1.20255209282177e-08,2.40219478541896e-07
"centrosome duplication",-2.34310827345984,1.64891932731364e-08,3.26749853900471e-07
"ribosomal large subunit biogenesis",-2.37252282292188,2.08848652189691e-08,4.10569929741162e-07
"female meiotic nuclear division",-2.52090073527003,2.47229325047787e-08,4.82194518223124e-07
"mitotic DNA integrity checkpoint signaling",-2.35258361409901,3.45139365053687e-08,6.67898599404674e-07
"nuclear transport",-1.86005678801777,3.63871684046804e-08,6.98690047584445e-07
"nuclear export",-2.10353038765049,3.67183485992967e-08,6.99625765234292e-07
"positive regulation of DNA repair",-2.11747895816605,3.84598686603075e-08,7.27214463141846e-07
"RNA 3'-end processing",-2.28409768567128,4.29022575027659e-08,8.05067362381447e-07
"regulation of calcium ion transport",2.04844187449939,4.72526920399462e-08,8.80036978819149e-07
"RNA modification",-2.06107130154393,5.01721737178172e-08,9.2743637536592e-07
"calcium ion homeostasis",1.9331884589665,5.30316817891372e-08,9.73033154012541e-07
"response to calcium ion",2.1172143429495,6.76700467603047e-08,1.23249048400937e-06
"muscle organ morphogenesis",2.19352391763257,6.93631154214521e-08,1.2527146304182e-06
"positive regulation of monoatomic ion transport",2.08182913072854,6.97919333862383e-08,1.2527146304182e-06
"positive regulation of cell cycle G2/M phase transition",-2.48476333692634,9.51727096107586e-08,1.69599137917877e-06
"mitotic cytokinesis",-2.19204287152431,1.06004425070191e-07,1.8755211492776e-06
"endosomal transport",1.85273759576336,1.07743333211664e-07,1.89276763379639e-06
"regulation of release of sequestered calcium ion into cytosol by sarcoplasmic reticulum",2.38824524398494,1.10946652139177e-07,1.92178221922196e-06
"negative regulation of organelle organization",-1.8067900891173,1.10648086670999e-07,1.92178221922196e-06
"mRNA catabolic process",-1.85329602606942,1.1543888404362e-07,1.98570913733365e-06
"release of sequestered calcium ion into cytosol by endoplasmic reticulum",2.37300166754034,1.30049790444937e-07,2.21515405450248e-06
"heart morphogenesis",1.90062003252124,1.30566205877013e-07,2.21515405450248e-06
"positive regulation of DNA biosynthetic process",-2.39073881023804,1.3445011276879e-07,2.24154979757272e-06
"sarcoplasmic reticulum calcium ion transport",2.3311134335809,1.34836867112772e-07,2.24154979757272e-06
"cardiac muscle cell contraction",2.24130692996233,1.33120229382771e-07,2.24154979757272e-06
"homologous chromosome segregation",-2.37615177744016,1.48087681583644e-07,2.44542124855124e-06
"regulation of cardiac muscle contraction by calcium ion signaling",2.37818842281746,1.49152959261966e-07,2.44670119266152e-06
"cell cycle G1/S phase transition",-1.93290905315666,1.62583036659291e-07,2.64946172240174e-06
"regulation of DNA recombination",-2.14214632362369,2.07978887943945e-07,3.34521886647502e-06
"regulation of mRNA processing",-2.07314718301323,2.06845850957744e-07,3.34521886647502e-06
"RNA methylation",-2.24732325183901,2.16026453252624e-07,3.45224209488225e-06
"negative regulation of mRNA metabolic process",-2.12611601041347,2.46979927925404e-07,3.92159795814889e-06
"calcium ion transmembrane transport",1.8743268371403,2.64766989725145e-07,4.17724734744704e-06
"mitotic spindle assembly",-2.2698491945845,2.93272084749992e-07,4.59768958180842e-06
"regulation of heart rate",2.17477599926512,3.21426013502909e-07,4.9760764715419e-06
"nuclear-transcribed mRNA catabolic process",-2.04336195958945,3.20776146743064e-07,4.9760764715419e-06
"regulation of actin filament-based process",1.77813015883337,3.2723943816737e-07,5.0346092443514e-06
"negative regulation of cell cycle G2/M phase transition",-2.22022751730377,3.49735417689342e-07,5.31469097924233e-06
"muscle adaptation",2.10686041293619,3.47978045379783e-07,5.31469097924233e-06
"spliceosomal complex assembly",-2.24461442330892,3.64668000067114e-07,5.50782095223318e-06
"regulation of membrane potential",1.7426732819016,3.72090471101693e-07,5.5858672540539e-06
"regulation of transmembrane transport",1.80009026939575,4.29560772150647e-07,6.40977128082622e-06
"nucleosome organization",-2.23313728479849,4.35868874536987e-07,6.46495330675519e-06
"cell communication involved in cardiac conduction",2.23001431835917,4.46154105295969e-07,6.57811737391735e-06
"nucleobase-containing compound transport",-1.93709073061697,4.58463463126342e-07,6.71960945659142e-06
"mRNA export from nucleus",-2.24765234358145,4.7556999535237e-07,6.92933457934012e-06
"homologous recombination",-2.19395095205619,4.8101213781829e-07,6.96764365716903e-06
"regulation of double-strand break repair via homologous recombination",-2.22709060719294,5.16693849737952e-07,7.44099224302853e-06
"protein localization to plasma membrane",1.83493449505532,5.3835056416004e-07,7.70805981170184e-06
"regulation of DNA biosynthetic process",-2.24176385179118,6.08958885693046e-07,8.66891471184871e-06
"chromosome organization involved in meiotic cell cycle",-2.30831902938646,6.19892375624936e-07,8.77413379670266e-06
"regulation of telomere maintenance via telomere lengthening",-2.22236257194214,6.86877127106413e-07,9.66701502183287e-06
"lipid oxidation",2.05630085253678,8.39006309473197e-07,1.17413481839837e-05
"negative regulation of RNA splicing",-2.34746006171572,8.66344014576042e-07,1.20558096859823e-05
"maturation of 5.8S rRNA",-2.33099087130931,8.92294411326016e-07,1.23475600941594e-05
"regulation of actin filament-based movement",2.23730882396596,1.04374735905392e-06,1.42837691070528e-05
"macromolecule methylation",-2.00308520719103,1.03994684456147e-06,1.42837691070528e-05
"response to metal ion",1.78173698795927,1.10334906077982e-06,1.50164594700638e-05
"negative regulation of mRNA processing",-2.34650490403815,1.32918554099487e-06,1.79912163117174e-05
"cytoskeleton-dependent cytokinesis",-1.98934044202089,1.34628233776359e-06,1.81235942969588e-05
"positive regulation of double-strand break repair",-2.1116198048061,1.39832298322155e-06,1.87224109699447e-05
"RNA 5'-end processing",-2.32004662743326,1.42480348771896e-06,1.8974399134838e-05
"centriole assembly",-2.27751811330567,1.5011579456906e-06,1.98843220934525e-05
"negative regulation of DNA metabolic process",-2.04170598325163,1.57597352507039e-06,2.07642894765924e-05
"fatty acid beta-oxidation",2.08117799119785,1.62882734361082e-06,2.11734807739331e-05
"muscle hypertrophy",2.05532149317356,1.62600930322395e-06,2.11734807739331e-05
"lipid modification",1.96601333475064,1.63267453686767e-06,2.11734807739331e-05
"attachment of mitotic spindle microtubules to kinetochore",-2.3776382925312,1.65918119983962e-06,2.14051657916809e-05
"regulation of mRNA splicing, via spliceosome",-2.02188882858221,1.88745118179933e-06,2.42239200897251e-05
"membraneless organelle assembly",-1.66747008090006,2.05767884026983e-06,2.62725282853009e-05
"regulation of telomere maintenance via telomerase",-2.25157424571988,2.17147155698179e-06,2.75832566494558e-05
"positive regulation of monoatomic ion transmembrane transport",2.05205561724869,2.20006820929588e-06,2.78039232368668e-05
"regulation of release of sequestered calcium ion into cytosol",2.12618984119177,2.54619126186796e-06,3.2014800790086e-05
"action potential",1.92356733829997,2.56713185576019e-06,3.2115078821808e-05
"regulation of microtubule-based process",-1.77045918725629,2.87189553138664e-06,3.57471619660538e-05
"calcium ion transport",1.75872481244713,2.96614090741885e-06,3.67356551383825e-05
"cardiac chamber morphogenesis",1.93796809069354,3.0276349884643e-06,3.73107058031148e-05
"protein localization to membrane",1.68354512593222,3.04327914249331e-06,3.73178338413659e-05
"positive regulation of telomere maintenance",-2.14942469683329,3.07854205404466e-06,3.75642791520622e-05
"interstrand cross-link repair",-2.22498231156064,3.11513812257184e-06,3.78244957333846e-05
"maturation of 5.8S rRNA from tricistronic rRNA transcript (SSU-rRNA, 5.8S rRNA, LSU-rRNA)",-2.30624503199039,3.80155687847474e-06,4.59339335999118e-05
"ventricular cardiac muscle tissue development",2.05815585052542,4.50438958268319e-06,5.41620048364381e-05
"protein-DNA complex organization",-1.94628557754495,5.20458857888428e-06,6.22790623666491e-05
"epigenetic regulation of gene expression",-1.71190197130207,5.2686870628536e-06,6.27429704552326e-05
"striated muscle adaptation",2.16163565024637,5.40063127674833e-06,6.40065247488307e-05
"spindle localization",-2.08430909305842,5.48268005406202e-06,6.46695166376744e-05
"response to peptide hormone",1.64785603133784,6.13425835552433e-06,7.20121229698282e-05
"cardiac muscle cell action potential",2.02719092031148,6.92217518774705e-06,8.08784336794785e-05
"cardiac chamber development",1.83390206549125,7.07346861797174e-06,8.2258130360169e-05
"calcium ion transmembrane import into cytosol",1.86839989694123,7.35803690402804e-06,8.51675579966237e-05
"ATP metabolic process",1.81164329792175,7.60217211803197e-06,8.75840945877451e-05
"mitotic G2/M transition checkpoint",-2.08159585958923,7.84731409460823e-06,8.99898009830767e-05
"GO:0051208",1.93810246341141,7.97197780084806e-06,9.09981060493117e-05
"tRNA metabolic process",-1.8094838941229,8.59776070148248e-06,9.76910699888629e-05
"response to oxygen levels",1.71051378505181,8.64949721360907e-06,9.7830157982236e-05
"regulation of cytosolic calcium ion concentration",2.13098684987687,9.08446632730641e-06,0.000102282832239718
"base-excision repair",-2.13490757869263,1.01441897600761e-05,0.000113697547672889
"rRNA modification",-2.19661052590794,1.03719696404606e-05,0.000115726886483878
"Golgi vesicle transport",1.68831857106096,1.07057297096567e-05,0.000118915212963317
"female gamete generation",-1.8556072197877,1.1712017397626e-05,0.000129511906669284
"ventricular cardiac muscle tissue morphogenesis",2.07728927068148,1.19480328158967e-05,0.000131534565711005
"regulation of cytokinesis",-2.00236970159808,1.33320637091612e-05,0.000146121777909701
"proton motive force-driven ATP synthesis",1.99842855490013,1.38553869693399e-05,0.000151188517722709
"positive regulation of cytokinesis",-2.17406650494895,1.4253949005668e-05,0.000154855402136139
"ventricular cardiac muscle cell action potential",2.15973408693096,1.62086059015983e-05,0.000175321907503314
"potassium ion transport",1.78334869921736,1.67308199556539e-05,0.000180183656652847
"positive regulation of nuclear division",-2.09745430221973,1.71867282682589e-05,0.000184292320002067
"transcription by RNA polymerase I",-2.06516163288327,1.76117437781189e-05,0.000187536505526343
"negative regulation of gene expression, epigenetic",-1.81077939704668,1.76406967249245e-05,0.000187536505526343
"striated muscle cell apoptotic process",2.07878676275638,1.89308877150189e-05,0.000198694105381787
"regulation of centrosome cycle",-1.9998665159901,1.88797713282111e-05,0.000198694105381787
"cytokinesis",-1.82823783860098,1.89283167327759e-05,0.000198694105381787
"response to ionizing radiation",-1.82936144450317,1.92381581111906e-05,0.000201067163043962
"cell-matrix adhesion",1.73292039066339,1.99953195024298e-05,0.00020810254793075
"positive regulation of mitotic nuclear division",-2.1947901781236,2.05355890236154e-05,0.000212831188332616
"skeletal muscle organ development",1.78534271456025,2.25271063541947e-05,0.000232498510163917
"regulation of meiotic cell cycle",-1.98563842494233,2.3678802670851e-05,0.000243370930355593
"double-strand break repair via nonhomologous end joining",-1.99998161596646,2.44191402830033e-05,0.000249943018516525
"regulation of RNA splicing",-1.76424926675943,2.72996823003012e-05,0.000278277008468503
"regulation of muscle adaptation",1.9648614349345,2.91189525831167e-05,0.000295605104706476
"maintenance of location",1.76284185682528,2.93400766634713e-05,0.000296634162838443
"positive regulation of DNA recombination",-2.01901939115736,3.06769245913897e-05,0.000308889195987285
"ATP biosynthetic process",1.9256739596436,3.17217409176737e-05,0.000318116405882906
"regulation of potassium ion transport",1.96567087378928,3.30231314748495e-05,0.000329831841383879
"regulation of tube size",1.80984003898947,3.3847431962665e-05,0.000336707184624583
"regulation of membrane repolarization",2.11915557082689,3.5548081886176e-05,0.000352210395328232
"chromosome condensation",-2.11698624928059,3.57418414907475e-05,0.000352719288336978
"positive regulation of transmembrane transport",1.83053328273293,3.69705046335308e-05,0.000363396587211332
"cellular response to peptide hormone stimulus",1.63976731230559,3.90744439736624e-05,0.000382558884279691
"cAMP/PKA signal transduction",2.00106583968808,4.14334305238541e-05,0.000404057509478688
"methylation",-1.71027720887269,4.22124528459708e-05,0.000410040179213606
"proton transmembrane transport",1.78668278404874,4.25292911844342e-05,0.000411504118218139
"energy reserve metabolic process",1.93449932941922,4.40351994694491e-05,0.000424417078154963
"multicellular organismal movement",2.02742824912948,4.91373519575492e-05,0.000471756669762982
"snRNA processing",-2.08760090597636,5.15459144780518e-05,0.000491073962162055
"ribosome assembly",-1.97437089605599,5.13551610494701e-05,0.000491073962162055
"nucleotide-excision repair",-1.93004423958614,5.31413832595153e-05,0.000504334123884366
"membrane repolarization",2.07548415520254,5.44623437403155e-05,0.000514897807041075
"regulation of cellular response to growth factor stimulus",1.62499282394161,5.72355327240868e-05,0.00053905861048503
"rRNA transcription",-2.02831090118792,6.05464367588369e-05,0.000568081529741057
"response to activity",1.95060560831257,6.4240489935347e-05,0.00060046676818813
"monocarboxylic acid catabolic process",1.81374464467676,6.50836649934236e-05,0.000606061045822219
"regulation of spindle organization",-1.99166320043856,6.71778763552551e-05,0.000623219474651562
"macroautophagy",1.61658221532971,6.83905955507898e-05,0.000632102631266069
"regulation of autophagy",1.5910464108206,7.17817893729975e-05,0.000660979525192992
"fatty acid catabolic process",1.88843210990613,7.35525346156673e-05,0.000674776400900029
"actin filament organization",1.5640468394423,7.40391907836637e-05,0.00067673459620345
"cardiac ventricle morphogenesis",1.89940046443246,7.77209050987495e-05,0.000707774565917656
"regulation of heart rate by cardiac conduction",1.99739672484999,7.87455096658742e-05,0.000714478488799892
"maturation of SSU-rRNA from tricistronic rRNA transcript (SSU-rRNA, 5.8S rRNA, LSU-rRNA)",-2.11325810294161,8.14900616178801e-05,0.000736682053384997
"glucan metabolic process",1.91566704766319,8.22136705947057e-05,0.000740520952956676
"cell-substrate adhesion",1.60220306970925,8.48277696061481e-05,0.000761298497516046
"cellular response to calcium ion",1.87684814908692,8.67152332144057e-05,0.000775428276794523
"cardiac muscle cell membrane repolarization",2.05720569385446,8.82259515630887e-05,0.00078609957561788
"protein localization to cell periphery",1.61714462466243,9.25518295576479e-05,0.000821687748438329
"cytosolic transport",1.73864976886133,9.73382423087019e-05,0.000861095807852338
"cell surface receptor protein serine/threonine kinase signaling pathway",1.54832534514872,0.000100812573172286,0.000888657451059622
"detection of abiotic stimulus",1.7884333805887,0.000112893674862199,0.000991622810757683
"regulation of mRNA catabolic process",-1.70165175235381,0.000128028992654916,0.00112059298518101
"positive regulation of macroautophagy",1.85273727726599,0.000137527356273342,0.00119949035735587
"oxidative phosphorylation",1.78548619989031,0.000139049119139399,0.00120850760739751
"vesicle-mediated transport to the plasma membrane",1.7039728175074,0.000139604057118179,0.00120908828490115
"tricarboxylic acid cycle",2.06323848822397,0.000143634254864521,0.00123965870836034
"fatty acid metabolic process",1.60902360052113,0.000146824903506294,0.00126279613189268
"vacuolar transport",1.71869450421483,0.000149712237401506,0.00128317374409526
"nucleobase metabolic process",-2.06397177271956,0.000152107228437859,0.00129920553393302
"learning or memory",1.60055707972011,0.000162020908416933,0.00137912642662799
"maturation of LSU-rRNA",-2.08292584629018,0.000165845485884012,0.00140684681005033
"actin filament depolymerization",1.85691392594745,0.000167833128965195,0.00141884867046685
"cytoplasmic translation",-1.70715406669393,0.000172564319869296,0.00145388374257226
"regulation of vascular endothelial growth factor receptor signaling pathway",2.03898474950053,0.000182453385322088,0.0015319899506536
"lipid catabolic process",1.6041450922487,0.000191951476162964,0.00160629664343129
"response to mechanical stimulus",1.66325430785129,0.00019403902915739,0.00161829856977392
"response to purine-containing compound",1.76755509991384,0.000205601185479102,0.00170897361218704
"vasoconstriction",1.81951369460689,0.000209762881520144,0.00173773464055316
"cardiac muscle cell action potential involved in contraction",1.9005554497724,0.00021756065794406,0.00179632583242479
"heterochromatin organization",-1.69241802762445,0.000219895278742808,0.00180957011776058
"mRNA cis splicing, via spliceosome",-2.04377314950221,0.000224032377160829,0.00183751059015687
"mitotic sister chromatid cohesion",-2.07065574646972,0.000233706384817416,0.00191053041317736
"relaxation of muscle",2.02103732821338,0.000244564266969099,0.00199271608316598
"positive regulation of double-strand break repair via homologous recombination",-2.01193366595903,0.000247762011933683,0.00201215247068765
"calcineurin-mediated signaling",1.91831926036042,0.000255526041486251,0.00206168731192653
"positive regulation of cell cycle G1/S phase transition",-1.8799741107749,0.000254714598461646,0.00206168731192653
"clathrin-dependent endocytosis",1.86292419639544,0.000257270246547591,0.00206902078148825
"ATP synthesis coupled electron transport",1.79665980007558,0.000260831080409841,0.0020908692109229
"neurotrophin signaling pathway",1.92637989247071,0.000271914875163601,0.00217268756703303
"protein localization to Golgi apparatus",1.95718924074335,0.000274109753594342,0.00217793407171591
"blastocyst development",-1.73327618986694,0.000274330008225823,0.00217793407171591
"nucleus organization",-1.73522923544629,0.000276532162139979,0.00218840308505025
"nuclear-transcribed mRNA catabolic process, nonsense-mediated decay",-1.96638154128898,0.000290399831102972,0.00229082924089828
"regulation of action potential",1.87318703417577,0.000291571970087425,0.00229277387271921
"sodium ion transport",1.64916766061267,0.000295876887407139,0.00231926281679583
"vascular process in circulatory system",1.59267934678607,0.000309284832601619,0.00241671460679561
"retrograde transport, endosome to Golgi",1.71078694621927,0.00031553480667269,0.00245779784945992
"regulation of cell cycle G1/S phase transition",-1.59937039067836,0.000330079060469443,0.00256302768897433
"regulation of protein localization to plasma membrane",1.71535251905084,0.00036383419790302,0.00281630408814306
"cell communication by electrical coupling",1.97034402576354,0.000386163372503566,0.00297983387442783
"establishment of mitotic spindle localization",-1.94617419798867,0.000388663811676911,0.00298981447678171
"regulation of cardiac muscle cell action potential",1.92648274454792,0.000397247073322332,0.00304638080687125
"nucleolar large rRNA transcription by RNA polymerase I",-2.01183996493577,0.000405917579017709,0.00310326494823106
"skeletal muscle contraction",1.90327480207909,0.000417089812149311,0.00317804619556146
"polysaccharide metabolic process",1.80432418130914,0.000418265264333078,0.00317804619556146
"regulation of macroautophagy",1.58946310660739,0.000471628864311495,0.00357255258990695
"fat cell differentiation",1.57171407061357,0.000476077926722983,0.00359525922101472
"sodium ion transmembrane transport",1.6294410011236,0.000481565939248366,0.00362564994382433
"regulation of cell division",-1.66265248365299,0.000483680048128134,0.00363053175519208
"rRNA methylation",-2.06099878296057,0.000515015246306105,0.00385405669214569
"response to ischemia",1.87118197535996,0.000518468427047632,0.00386821172830417
"muscle cell apoptotic process",1.74201745540481,0.000534566622799557,0.00397634091493845
"regulation of AMPA receptor activity",-2.05654821138253,0.000552470457556064,0.00408503336277534
"regulation of actin filament organization",1.5757424117604,0.000552477261416931,0.00408503336277534
"regulation of microtubule cytoskeleton organization",-1.66578344587998,0.000565852406524369,0.0041590991423171
"small molecule catabolic process",1.52809695751744,0.00056420228568399,0.0041590991423171
"establishment of spindle orientation",-1.90811512188775,0.000576342042637364,0.00422366638938683
"regulation of transcription by RNA polymerase I",-1.86138102936406,0.000598538015828223,0.00437338839293955
"RNA surveillance",-1.90693396511465,0.000612033830287432,0.00445884646359402
"mitochondrial electron transport, NADH to ubiquinone",1.84883257676926,0.000633748053537398,0.00460350125692708
"DNA-templated transcription termination",-1.866688134329,0.000637745422083376,0.0046189924283641
"nucleoside monophosphate biosynthetic process",-1.89981207213081,0.000677372620572298,0.00489169673806875
"lysosomal transport",1.65197543372614,0.000687559634056475,0.00495082910917991
"memory",1.67997888356723,0.000705102995488442,0.00506243512992716
"protein N-linked glycosylation",-1.75903899465267,0.000707443296467243,0.00506455793453572
"G0 to G1 transition",-1.89026407339028,0.000715355055615738,0.0051064394027671
"regulation of fatty acid oxidation",1.92945776878311,0.00073042373049841,0.00519902178288667
"regulation of blood pressure",1.65008246257435,0.000733980589585702,0.00520936939943778
"protein localization to nucleus",-1.47889693101518,0.000758921949556415,0.00537099905443212
"DNA-templated transcription elongation",-1.65427430723039,0.000761929785133331,0.00537692329850502
"nuclear envelope organization",-1.77635303115576,0.000774246270848026,0.00544831821843909
"post-Golgi vesicle-mediated transport",1.66655121758259,0.000795866214156224,0.00558459097015571
"GO:0086019",1.86963677447471,0.000803382781875837,0.0056214100302442
"mitochondrial respiratory chain complex assembly",1.65836504604138,0.000834602495676523,0.00582340952617112
"foam cell differentiation",1.88651180270797,0.000840571080061568,0.00584858023964186
"ribose phosphate metabolic process",1.49740315825271,0.000864404496820162,0.00599756285328723
"Golgi organization",1.63566136506097,0.000872465812312158,0.00603658608127714
"negative regulation of synaptic transmission",1.79827980565948,0.000882803836854908,0.00609110056793763
"homologous chromosome pairing at meiosis",-1.9234911111251,0.000886350577334987,0.00609858438905212
"cytokinetic process",-1.75959571665271,0.000892515596179808,0.00611564334683472
"organic acid catabolic process",1.58467540689476,0.00089623679245095,0.00611564334683472
"receptor-mediated endocytosis",1.54185897954176,0.000895713636075065,0.00611564334683472
"response to transforming growth factor beta",1.53888463881681,0.000909303381404369,0.00618775954873248
"positive regulation of transcription by RNA polymerase I",-1.94327070342479,0.000919009158766819,0.00623667311305592
"regulation of calcineurin-mediated signaling",1.8576624522939,0.000939932412912747,0.00634390350622582
"sodium ion homeostasis",1.82722485627978,0.000938176837374482,0.00634390350622582
"electron transport chain",1.68101388608169,0.000967811258514741,0.00651431654168754
"SMAD protein signal transduction",1.73045216826942,0.000979336907246423,0.00657403121747802
"transcription elongation by RNA polymerase II",-1.62098359303561,0.000995655265973962,0.00666550836166893
"transforming growth factor beta receptor signaling pathway",1.5718032336983,0.00101319383037842,0.00676463913166401
"deoxyribonucleotide metabolic process",-1.85926956918854,0.00106945897979664,0.00712110186278571
"tRNA processing",-1.58356639886462,0.00109515063990853,0.00727262234598776
"regulation of potassium ion transmembrane transport",1.82316803453191,0.00110595624925507,0.00732474232461181
"smooth muscle cell proliferation",1.66777593597809,0.00112096649537127,0.00738466491764534
"microtubule polymerization or depolymerization",-1.63947116988139,0.00111856653210994,0.00738466491764534
"positive regulation of DNA replication",-1.86353270441951,0.00112798637591219,0.00741119961043634
"positive regulation of mRNA metabolic process",-1.60204076381059,0.00114235312734321,0.00748573729214054
"cognition",1.49206996757102,0.00114821184896515,0.00750427638492525
"positive regulation of calcium ion transport",1.68866934423893,0.00116953523433883,0.00762352309330866
"cardiac atrium development",1.85791957815095,0.00125337485255733,0.00814858139051054
"glucose metabolic process",1.57217379593767,0.00126628062711237,0.00821093485172077
"somatic diversification of immune receptors",-1.75873870836244,0.00134717397527917,0.00871266302027808
"regulation of neurotransmitter receptor activity",-1.90427409745643,0.0013818141915427,0.00891342123034186
"wound healing",1.45493923233104,0.00139849049409652,0.00899756091916127
"detection of mechanical stimulus",1.80656483636459,0.00140407417274466,0.00901008219142106
"DNA-templated transcription initiation",-1.49210974261663,0.00141101700897317,0.00903123806518488
"positive regulation of G1/S transition of mitotic cell cycle",-1.81040444938843,0.00163645420227765,0.0104471573686643
"endocytic recycling",1.62594506299437,0.00164425587255907,0.010469978910871
"DNA damage tolerance",-1.8223972912293,0.0016615177029282,0.010497238433101
"vascular endothelial growth factor receptor signaling pathway",1.6764011194886,0.001665488374731,0.010497238433101
"regulation of muscle cell differentiation",1.60969109636954,0.00165753344852169,0.010497238433101
"nucleoside triphosphate metabolic process",1.51017792348149,0.00165992671540217,0.010497238433101
"connective tissue development",1.48887468127446,0.00168607003345989,0.0105999885098481
"regulation of neurotransmitter transport",1.6649222454891,0.00169609979459104,0.0106360485853215
"pyruvate metabolic process",1.64212969220475,0.00170939036755579,0.0106923230819083
"positive regulation of autophagy",1.5815275637299,0.00171669945322537,0.0107109938177311
"response to UV",-1.56020274049834,0.00176193689350785,0.0109656223246707
"regulation of nucleotide-excision repair",-1.88958560516789,0.00178908848084977,0.0110789304176622
"vasodilation",1.75997420398282,0.00178885002402109,0.0110789304176622
"autophagosome organization",1.5722864243441,0.00180109684600579,0.0111254785225844
"cellular response to angiotensin",1.80646994642999,0.00181326127392858,0.0111727566555251
"protein localization to chromatin",-1.78371125571421,0.0018235144538106,0.0112080528587813
"endosome to lysosome transport",1.71469472928805,0.00183340338323216,0.0112131856302866
"muscle cell proliferation",1.57680041006363,0.00183192685312291,0.0112131856302866
"response to type I interferon",-1.61828283243213,0.00184109049673889,0.01123246591237
"regulation of calcium-mediated signaling",1.68627785481325,0.00201041997313739,0.0122354060773005
"positive regulation of stem cell population maintenance",-1.77781787552486,0.00203647606128817,0.0123636058916931
"mRNA 3'-end processing",-1.74750751587821,0.00205610474621625,0.0124522529495786
"ribonucleoside monophosphate biosynthetic process",-1.85473522888783,0.00220341535815175,0.0133118532735168
"regulation of neurotransmitter secretion",1.64504994454028,0.00222069714694993,0.0133836175985279
"DNA synthesis involved in DNA replication",-1.89374431815344,0.00237239947807992,0.0142631881242815
"negative regulation of telomere maintenance via telomere lengthening",-1.89239547509964,0.00242208278748692,0.0144915436343119
"regulation of muscle hypertrophy",1.65127517534131,0.0024196302233865,0.0144915436343119
"negative regulation of transport",1.44327145435728,0.00248895011252744,0.0148557335632059
"response to radiation",-1.37763831719413,0.00251706038253612,0.0149874004027451
"potassium ion import across plasma membrane",1.73912452935232,0.00253796603763758,0.015075639988557
"receptor internalization",1.5839218134164,0.00256408052059949,0.0151943240419257
"regulation of cAMP/PKA signal transduction",1.75621431456601,0.00261241375097803,0.0154437920314381
"regulation of systemic arterial blood pressure mediated by a chemical signal",1.80205459230333,0.00263875169256182,0.0155623522439896
"integrin-mediated signaling pathway",1.5542456285148,0.00264922865625655,0.0155870294098515
"membrane repolarization during action potential",1.79254912665431,0.00265661599821465,0.0155934545677196
"nuclear-transcribed mRNA catabolic process, deadenylation-dependent decay",-1.67932177101123,0.00266383716524697,0.0155988762607961
"regulation of sodium ion transport",1.64022089428565,0.0027006552562328,0.0157771770511524
"vesicle organization",1.42180851513763,0.00271867611003273,0.0158450840577672
"regulation of double-strand break repair via nonhomologous end joining",-1.82994404422732,0.00277241764754028,0.0161203720961439
"cellular response to nutrient levels",1.48537369896788,0.00280816231428145,0.0162899720198481
"positive regulation of B cell mediated immunity",-1.81888415212049,0.00289378455653431,0.0167474400619988
"regulation of sodium ion transmembrane transport",1.79136500532502,0.00290667563594298,0.0167601072052891
"muscle cell migration",1.63420344832631,0.0029095058935302,0.0167601072052891
"regulation of endocytosis",1.46655864647185,0.00294137423849875,0.0169043712036227
"nucleoside diphosphate catabolic process",1.57835374453183,0.00301162243499783,0.0172281495877359
"neuromuscular process",1.52233215239923,0.00300575321725292,0.0172281495877359
"mitotic G2 DNA damage checkpoint signaling",-1.83811692997066,0.00305605284942408,0.0174390879948095
"cellular response to toxic substance",1.53812530963483,0.00306257701967789,0.0174390879948095
"response to insulin",1.44991222593387,0.00312315766265903,0.0177432603908404
"ketone metabolic process",1.51119865046677,0.00313790871974696,0.0177862697913346
"maintenance of cell number",-1.49206021557251,0.00315307153963907,0.0178314114239406
"negative regulation of miRNA metabolic process",1.77040407584973,0.00318387390268221,0.0179645914736762
"response to chemokine",1.71347555309872,0.00322390761303722,0.0181079799489642
"ribonucleotide catabolic process",1.53674280134441,0.00322007981551775,0.0181079799489642
"animal organ regeneration",-1.7542260265754,0.00326705832005643,0.0183088313547054
"oocyte maturation",-1.80227624943835,0.00328285621804319,0.0183558348805711
"establishment of protein localization to plasma membrane",1.65154190345261,0.00331067718996529,0.0184697013503244
"in utero embryonic development",-1.36247957507919,0.00340446381542078,0.018950240159095
"positive regulation of small molecule metabolic process",1.52381854616775,0.00343937435492388,0.019101637392705
"regulation of carbohydrate biosynthetic process",1.57419420854585,0.00350424058783581,0.0194183533245398
"positive regulation of carbohydrate metabolic process",1.65567184243676,0.00353769266286224,0.0195599659060486
"membrane depolarization",1.6162417904624,0.00359408669614883,0.0198275116845449
"regulation of body fluid levels",1.42885147199773,0.00371073680249694,0.0204255445772998
"response to angiotensin",1.74672244213604,0.0038054706931892,0.0209005563348773
"regulation of myotube differentiation",1.75489494113902,0.00384891671288904,0.0210924041987304
"cellular response to vascular endothelial growth factor stimulus",1.62439390714104,0.00394202230776119,0.0214967552753572
"regulation of ossification",1.54478252634146,0.00394873784831956,0.0214967552753572
"cellular response to metal ion",1.53932477517738,0.00393550103829055,0.0214967552753572
"cellular response to radiation",-1.47276188218065,0.00402545133483137,0.0218184747404318
"hemostasis",1.46999089501794,0.00402456520780839,0.0218184747404318
"regulation of DNA-templated transcription elongation",-1.5346420975152,0.00421118622989202,0.0227753456145034
"heart trabecula morphogenesis",1.75602556967363,0.00428700813628148,0.0230846068555853
"peroxisome organization",1.75452227575538,0.00428700813628148,0.0230846068555853
"regulation of cyclin-dependent protein serine/threonine kinase activity",-1.77957680474322,0.00438155682772172,0.0234918113953652
"organ growth",1.48552175800657,0.00438159744233296,0.0234918113953652
"regulation of nucleocytoplasmic transport",-1.57086850658027,0.00439132258650754,0.023493101612914
"response to organophosphorus",1.56460943022393,0.00446768519113367,0.0238501211604269
"nucleoside triphosphate biosynthetic process",1.54095469738008,0.00449325955405294,0.0239350621836326
"regulation of systemic arterial blood pressure",1.63121031019116,0.00462876447754148,0.0246039691220392
"face development",1.68770946759372,0.00485924694659037,0.0256638692680263
"microtubule depolymerization",-1.68009250560081,0.0048530233081457,0.0256638692680263
"cardiac ventricle development",1.54414494646632,0.00485660923283044,0.0256638692680263
"regulation of reproductive process",-1.52830874300049,0.00490082678213927,0.025783751706266
"negative regulation of protein-containing complex assembly",1.5067779571984,0.0049027642525843,0.025783751706266
"positive regulation of calcium ion transmembrane transport",1.69032911955025,0.00499612714226898,0.0262190824817802
"peripheral nervous system development",1.60914320505772,0.00503347495195747,0.0263592335221959
"NADH dehydrogenase complex assembly",1.71236008168034,0.00521577035167777,0.027256251394738
"oocyte differentiation",-1.6394135096848,0.0052327643729226,0.0272874891615353
"renal system process",1.52794146364299,0.00536997538704176,0.0278855954584957
"external encapsulating structure organization",1.41281480348332,0.00536501898975166,0.0278855954584957
"inorganic ion import across plasma membrane",1.53225462762862,0.00545324821155412,0.0282587778661497
"negative regulation of JNK cascade",1.70753530655892,0.00559647698508921,0.0289404457036868
"purine-containing compound catabolic process",1.49927118506075,0.00565863971318897,0.0292009386866023
"cardiac atrium morphogenesis",1.69638391275916,0.00568005600335475,0.029250517090041
"mitotic cytokinetic process",-1.74685056053292,0.00570840112712085,0.0293354970785858
"negative regulation of RNA catabolic process",-1.57049890541674,0.00575252977994741,0.0295010688714901
"outflow tract septum morphogenesis",1.7128447225797,0.0057898098263923,0.0296309069007721
"long-term memory",1.68915631088456,0.00592185754950086,0.0302442085569353
"mitotic recombination",-1.80259867473679,0.00593430493441736,0.0302454183591601
"positive regulation of neuron projection development",1.48376238149605,0.0060154314089426,0.0305959416836772
"vasculogenesis",1.58482884959317,0.00603402540270712,0.0306026854998962
"regulation of developmental growth",1.40801109490981,0.00604146677813857,0.0306026854998962
"smooth muscle cell migration",1.56203685911507,0.00606699515640879,0.0306068167055491
"smooth muscle cell differentiation",1.56186068595549,0.00606699515640879,0.0306068167055491
"regulation of vasoconstriction",1.64968106605897,0.00613090169119129,0.0308663485550423
"alternative mRNA splicing, via spliceosome",-1.61310347167587,0.00618202506430823,0.0310073125048475
"heart growth",1.58162639545138,0.00618393717294901,0.0310073125048475
"endosome organization",1.53369779883091,0.00624738005954763,0.0312621422373727
"regulation of transmembrane receptor protein serine/threonine kinase signaling pathway",1.44428203900828,0.00632107421852459,0.0315671387888819
"brown fat cell differentiation",1.6556895238285,0.00635188774198515,0.0316571950440588
"heterotypic cell-cell adhesion",1.64895407096047,0.00643622801812572,0.0320131261062197
"mitochondrion localization",1.65084777950211,0.00657218201436108,0.0326238373738926
"temperature homeostasis",1.4965878164496,0.00672163880906034,0.0332989986600849
"snRNA metabolic process",-1.65383491037036,0.00674061809218237,0.0333263692900913
"cell-substrate junction organization",1.47724776274491,0.00685053171717024,0.0338023248275512
"negative regulation of blood pressure",1.7047282284919,0.00692105206312309,0.0340823975354988
"unsaturated fatty acid biosynthetic process",-1.65985912854114,0.00693801318975777,0.0340981322837897
"renal system vasculature development",1.70337547253035,0.00699925521385024,0.0343310003261526
"regulation of actin filament length",1.48033896477809,0.00704724725120369,0.0344980858522363
"mitochondrion organization",1.35895046821055,0.00713708428215712,0.0348689502305783
"pyrimidine nucleotide biosynthetic process",-1.71917203564912,0.00723682367423488,0.0352173128508444
"carbohydrate catabolic process",1.47307293045318,0.00723043166660764,0.0352173128508444
"protein folding",-1.43314930122543,0.0072974841855666,0.0354428790738205
"regulation of protein localization to membrane",1.48990636215645,0.00734445824922376,0.0356012193411492
"response to interleukin-1",1.54370864289947,0.00740692971723744,0.0358339158390569
"regulation of chromatin organization",-1.71660820200092,0.00754981494676159,0.0363879562588981
"regulation of ketone metabolic process",1.47157594871292,0.00755083145622674,0.0363879562588981
"purine-containing compound biosynthetic process",1.45077513875638,0.00769560354599448,0.0369998733447339
"regulation of lipid metabolic process",1.40003461441876,0.00770768455627076,0.0369998733447339
"vesicle-mediated transport in synapse",1.44392368200485,0.00778097474222579,0.0372794476527917
"face morphogenesis",1.71635783036689,0.0078108033476929,0.0373501156220759
"response to cold",1.66245397026067,0.00784532916813197,0.0374429293823948
"nuclear membrane organization",-1.62816845887817,0.00791018797524663,0.0376798761820883
"positive regulation of smooth muscle cell proliferation",1.58388207935128,0.00800970477660266,0.038062607807814
"positive regulation of cell division",-1.5768533371353,0.0080212681775046,0.038062607807814
"receptor metabolic process",1.53017198998066,0.008045881092279,0.0381064005077917
"neurotransmitter secretion",1.43418631128449,0.00809591680550463,0.0382702021512118
"tissue remodeling",1.46395508204002,0.00819446179224348,0.0386622511607373
"endocardial cushion development",1.61372079032424,0.00830363079711221,0.0391028393240436
"regulation of cellular response to vascular endothelial growth factor stimulus",1.71235135003628,0.00841744931323682,0.0395146176251457
"histone mRNA metabolic process",-1.70345943926344,0.00845488386811757,0.0395146176251457
"male meiotic nuclear division",-1.67146706916272,0.00845488386811757,0.0395146176251457
"pyrimidine-containing compound biosynthetic process",-1.62909723463626,0.00843540256888228,0.0395146176251457
"regulation of extracellular matrix organization",1.55549794408654,0.00848078212053711,0.0395610118880799
"negative regulation of telomere maintenance",-1.64863581278827,0.00857577521229116,0.0399289383474534
"regulation of carbohydrate metabolic process",1.46190279176839,0.00860761844189264,0.0400020091567881
"regulation of stem cell population maintenance",-1.56500183293314,0.00894089222329256,0.0413954953964405
"signal transduction by p53 class mediator",-1.4083131967203,0.00893003518767816,0.0413954953964405
"vascular endothelial growth factor signaling pathway",1.61267622278125,0.00935058573421702,0.0432115687754768
"autophagy of mitochondrion",1.50197432888383,0.00943064211892778,0.0435003734238066
"cellular response to ionizing radiation",-1.59609236360909,0.00959863557971372,0.0441929745928455
"DNA modification",-1.77011023704269,0.0097453644202103,0.0447852832446399
"membrane depolarization during action potential",1.66678010054991,0.00978720072530397,0.0448942522158851
"positive regulation of transporter activity",1.66490270727351,0.0100136272680979,0.0456791063408442
"regulation of membrane depolarization",1.57847486236684,0.0100063412131133,0.0456791063408442
"regulation of peptidyl-tyrosine phosphorylation",1.52443673869515,0.0100074609620708,0.0456791063408442
"response to alkaloid",1.53998986027119,0.0103387183806759,0.0470753776267173
"intra-Golgi vesicle-mediated transport",1.66164829891261,0.0103930373914325,0.047197760339363
"positive regulation of sodium ion transport",1.65199361248875,0.010403704943598,0.047197760339363
"cellular response to chemical stress",1.35710013870906,0.0107401104095521,0.0486348326955401
"DNA methylation-dependent constitutive heterochromatin formation",-1.68200118874983,0.0107950431967023,0.048794383208452
"lens fiber cell differentiation",1.62025055014227,0.0109337425463535,0.0493312937838206
"pyridine-containing compound catabolic process",1.51629641955179,0.011331356815469,0.0510323106034849
"trabecula morphogenesis",1.58398755385151,0.0113801332082626,0.0511589654389591
"positive regulation of synaptic transmission",1.45503055522044,0.0115628449148898,0.0518861718372862
"regulation of biomineral tissue development",1.5246820736992,0.0116237749209061,0.0520652630724856
"regulation of bone mineralization",1.50968584251981,0.0117039388858779,0.0523297050908296
"detoxification",1.44037544737366,0.0119062957539459,0.0531385487973406
"positive regulation of developmental growth",1.41915232753425,0.0120489193830826,0.0536783692659992
"response to ethanol",1.46985235480056,0.0122725486396284,0.0545764864997479
"negative regulation of smooth muscle cell proliferation",1.60513218331961,0.0125388410523564,0.0556602875646258
"acyl-CoA metabolic process",1.49066342791524,0.0125612033704585,0.0556602875646258
"Golgi to plasma membrane protein transport",1.61626978414951,0.012690700312422,0.0561336869176239
"import into nucleus",-1.42412102450361,0.0127859246415221,0.0564540736845814
"response to prostaglandin",1.63624164156,0.0128395881624683,0.0565901421324448
"calcium ion import",1.49311762636015,0.0128816789241126,0.0566748111812201
"outflow tract morphogenesis",1.52358166006918,0.013084717646209,0.0574660383149993
"mitophagy",1.51553086107299,0.0131644504612838,0.0575990615482295
"JNK cascade",1.41908334254473,0.0131847670156827,0.0575990615482295
"response to starvation",1.39609851715855,0.0131418198918532,0.0575990615482295
"positive regulation of endothelial cell migration",1.4187266148873,0.0132094571295275,0.0576053262497175
"regulatory ncRNA processing",-1.48117147601204,0.0132532720843769,0.0576948241704772
"miRNA processing",-1.55678662425881,0.0133481642472722,0.0580059698956021
"positive regulation of translation",-1.420560967848,0.0136577057980312,0.0592471755897082
"cellular response to acid chemical",1.54424673953707,0.0137697566784946,0.0594210580010995
"transcription preinitiation complex assembly",-1.52176886982292,0.0137624433730858,0.0594210580010995
"negative regulation of autophagy",1.51603662828069,0.0137361824333883,0.0594210580010995
"transcription initiation at RNA polymerase II promoter",-1.39459152265839,0.013934003744056,0.0600252648243941
"bile acid metabolic process",1.54123606904707,0.0140016463357377,0.0601075874759483
"response to xenobiotic stimulus",1.35396558233959,0.0139811388700693,0.0601075874759483
"positive regulation of blood circulation",1.64819579110549,0.0140289607445795,0.0601206501112861
"phospholipase C-activating G protein-coupled receptor signaling pathway",1.49092093453899,0.0142555415202187,0.0609861422203484
"long-term synaptic potentiation",1.48053417396049,0.0143045296354085,0.0610902067360461
"protein export from nucleus",-1.5064246664326,0.0143314465894384,0.0610998161825109
"Golgi to plasma membrane transport",1.47795326165677,0.0144244632304782,0.0613907137833239
"blood vessel endothelial cell migration",1.45804776251674,0.0146151458121383,0.0618861302089448
"actin polymerization or depolymerization",1.41787432990778,0.0145685196246212,0.0618861302089448
"negative regulation of MAPK cascade",1.40270680280765,0.0146158200130128,0.0618861302089448
"glucan biosynthetic process",1.58949005019418,0.0148335494560086,0.0626228608806193
"negative regulation of monoatomic ion transport",1.50533311065258,0.0148403792236268,0.0626228608806193
"neurotransmitter transport",1.39622963814209,0.0148961868519109,0.06275145379623
"peptide metabolic process",1.55234480763787,0.0149746834726252,0.0629750270996478
"response to gamma radiation",-1.54470014196641,0.0150256850121786,0.0630824097884178
"regulation of cell fate commitment",-1.55537167843604,0.0153384404111365,0.0642864922138498
"nucleoside diphosphate metabolic process",1.4452226993772,0.0154123913467791,0.0644873198749523
"regulation of supramolecular fiber organization",1.31204517265615,0.0155000590784292,0.0647447661674015
"positive regulation of protein localization to nucleus",-1.49368954121999,0.0155343138983983,0.0647786119971931
"regulation of stem cell proliferation",-1.60061660404211,0.0156735513154455,0.0652493892577455
"positive regulation of protein import into nucleus",-1.61772901796079,0.0158604779294607,0.0659047931829752
"glomerulus development",1.48037561080482,0.0158841992451499,0.0659047931829752
"myoblast differentiation",1.46539447871772,0.0160905738574832,0.0666494171320835
"regulation of spindle assembly",-1.60637563843706,0.0162689212913319,0.067227679973366
"negative regulation of reproductive process",-1.55089442472149,0.0163573121778535,0.067227679973366
"tRNA modification",-1.47785486438845,0.0163658825288412,0.067227679973366
"regulation of microtubule polymerization or depolymerization",-1.47779213281429,0.0163658825288412,0.067227679973366
"positive regulation of blood vessel endothelial cell migration",1.47497924622898,0.0163178305442435,0.067227679973366
"positive regulation of peptidyl-tyrosine phosphorylation",1.56548182692214,0.0164146030863763,0.0673161785512485
"negative regulation of cellular response to growth factor stimulus",1.49294681244188,0.0167713046059219,0.068665324808047
"regulation of protein depolymerization",1.46859782729634,0.016915387978825,0.06914095053391
"regulation of small molecule metabolic process",1.37015143325817,0.0170103913919706,0.0694147273112212
"cell fate commitment involved in formation of primary germ layer",-1.6383753724351,0.0170583620442085,0.0694959914202378
"negative regulation of DNA repair",-1.58762519741726,0.0170965239279763,0.0695370932177297
"regulation of cartilage development",1.45066131887645,0.0172045329289781,0.0698616853525881
"response to toxic substance",1.37770984006569,0.0172566787064169,0.0699587449358343
"positive regulation of leukocyte mediated immunity",-1.46911020063357,0.0172948467036697,0.0699989138643625
"positive regulation of muscle cell differentiation",1.46167751282756,0.0176759038059563,0.0711922174428518
"negative regulation of monoatomic ion transmembrane transport",1.46026157642898,0.0176614387084059,0.0711922174428518
"endothelial cell migration",1.36441048992912,0.0176646372147387,0.0711922174428518
"somatic diversification of immunoglobulins",-1.51818619134627,0.0178225471244401,0.0716663136805812
"regulation of cellular response to transforming growth factor beta stimulus",1.42352008312732,0.0179343211339149,0.0719988872750524
"protein insertion into ER membrane",-1.62622238815233,0.0182019278651383,0.072954976249106
"negative regulation of actin filament depolymerization",1.56611516576367,0.0182919750161929,0.07319745091294
"calcium ion transport into cytosol",1.57968986221773,0.018474240156209,0.0736887163718673
"ERBB signaling pathway",1.37467560858557,0.0184704052045796,0.0736887163718673
"neuronal action potential",1.56980460923539,0.0185114919858743,0.0737185942910138
"regulation of viral life cycle",-1.45047065863796,0.0186100026854206,0.0738733600188893
"nucleoside phosphate catabolic process",1.36600669021444,0.018594379908034,0.0738733600188893
"transforming growth factor beta production",1.55127750806016,0.0187806120262534,0.0741939010989308
"negative regulation of innate immune response",-1.51810256868384,0.0187608192380006,0.0741939010989308
"epithelial cell proliferation",1.29274546523103,0.0187693429025634,0.0741939010989308
"regulation of protein ubiquitination",-1.39085425630503,0.018889993815421,0.0745071889821623
"lung alveolus development",1.51987625004034,0.0192530494929092,0.0758184476851131
"protein K48-linked ubiquitination",1.39562733356153,0.0193514466794147,0.0760849736903337
"pyrimidine-containing compound metabolic process",-1.51004299725196,0.0195377177084693,0.0766956050140706
"regulation of fat cell differentiation",1.39252584040807,0.0196426289841263,0.0768804541504069
"adenylate cyclase-modulating G protein-coupled receptor signaling pathway",1.3764905988268,0.0196468823081177,0.0768804541504069
"neuron cellular homeostasis",1.54571878045897,0.0198068420269231,0.0772622798436041
"regulation of steroid metabolic process",1.45664491282542,0.0198068420269231,0.0772622798436041
"organophosphate catabolic process",1.33957790456598,0.0199146758561739,0.0775607737354446
"vesicle tethering",1.54288611984377,0.0199636189821027,0.0776293315834668
"cellular response to nutrient",1.50455281404116,0.0200555849239479,0.0778647082392146
"microtubule polymerization",-1.45840375794087,0.0201915180027527,0.0782697810529239
"locomotory behavior",1.37792379571845,0.0204022921672065,0.0789632464033914
"vesicle budding from membrane",1.45192161190285,0.0206742798809167,0.0793956453721405
"mitochondrial transport",1.45008920154584,0.0206742798809167,0.0793956453721405
"bone mineralization",1.43727948866401,0.0205617814669191,0.0793956453721405
"autophagosome maturation",1.43349640392849,0.0206742798809167,0.0793956453721405
"regulation of SMAD protein signal transduction",1.43182926252913,0.0206742798809167,0.0793956453721405
"sex differentiation",-1.34034660434184,0.0207104232948657,0.0794113289495081
"polysaccharide biosynthetic process",1.47086715048733,0.0208203309101384,0.0797093657873459
"sensory perception of light stimulus",1.38233815404633,0.0209343973516856,0.0800223800001933
"secondary metabolic process",1.515183688061,0.0209984918697563,0.0801437047170821
"negative regulation of DNA recombination",-1.5592183545379,0.021035831432766,0.080162699167633
"microtubule nucleation",-1.4941727095273,0.0212381328097328,0.0808093010287376
"positive regulation of lipid metabolic process",1.42726609269359,0.0213219048767964,0.0810036171469705
"regulation of response to oxidative stress",1.57653045312971,0.0216708950503394,0.0822033798463871
"constitutive heterochromatin formation",-1.51304965895695,0.0218527794369318,0.0826402055958473
"negative regulation of transmembrane receptor protein serine/threonine kinase signaling pathway",1.39510088093403,0.0218499666196015,0.0826402055958473
"regulation of glycolytic process",1.51791976688676,0.0221200109235521,0.0835232729537172
"neurotransmitter uptake",1.48505274055919,0.0221666612415578,0.0835720241938185
"receptor recycling",1.51739137188361,0.0222182786202728,0.0836393254444008
"transcription initiation at RNA polymerase III promoter",-1.64004747600915,0.0223007531507021,0.0838224060004388
"response to nicotine",1.50674119870315,0.0227855687743492,0.0855149300819136
"cellular response to starvation",1.34914342149401,0.0228750335240755,0.0857208139775115
"negative regulation of syncytium formation by plasma membrane fusion",-1.49698710878289,0.0229113043266623,0.0857270405092787
"regulation of myeloid leukocyte differentiation",1.39203295234684,0.023066717283675,0.0861783690975308
"regulation of fatty acid metabolic process",1.46238636697347,0.0232672974339678,0.086796830939666
"regulation of endothelial cell migration",1.38043382100188,0.0234030217263627,0.0871718568664668
"positive regulation of nucleocytoplasmic transport",-1.45206732113455,0.0234958372402772,0.0873861694356855
"regulation of phagocytosis",1.4225082660695,0.0235713853023222,0.0875357142336612
"protein quality control for misfolded or incompletely synthesized proteins",1.53841172855537,0.0243249018627845,0.0900236087972353
"glycerolipid metabolic process",1.28654544450909,0.0243194189670015,0.0900236087972353
"ossification",1.26672274299836,0.0243503503811658,0.0900236087972353
"semi-lunar valve development",1.47592366736308,0.0243871120112602,0.0900251511950693
"import across plasma membrane",1.36995725144457,0.0245583683578635,0.0905224381286131
"regulation of protein-containing complex disassembly",1.3713509358718,0.02461693625186,0.0906034934559542
"regulation of transferase activity",-1.30680277844797,0.0246916850900229,0.0907437744332147
"cellular response to oxygen levels",1.36920944017025,0.025107065334122,0.0921336308631411
"negative regulation of mRNA catabolic process",-1.51130055271832,0.0252032269880617,0.0923496941559599
"neural tube patterning",-1.5566433156832,0.0258758074383924,0.0946741137738522
"positive regulation of RNA splicing",-1.55267843557945,0.025965235237965,0.0948611912749843
"multivesicular body sorting pathway",1.45830418838651,0.0260984694243736,0.0952075239531274
"response to fatty acid",1.48226788675062,0.0264284898253916,0.0961597319433794
"phagocytosis",1.35316534672421,0.0264371326013086,0.0961597319433794
"membrane fusion",1.33580723910571,0.0273294930602386,0.0992597570530955
"organelle membrane fusion",1.34853294872681,0.0273984828777198,0.0993646297044099
"ribose phosphate biosynthetic process",1.36628478980022,0.0274613073354488,0.099446868815653
"oogenesis",-1.47454861583304,0.02758458717489,0.0997474780032154
"intrinsic apoptotic signaling pathway in response to DNA damage by p53 class mediator",-1.50415145393212,0.0278472975289366,0.100404302735336
"adenylate cyclase-activating G protein-coupled receptor signaling pathway",1.40572754847522,0.027816857688844,0.100404302735336
"biomineral tissue development",1.34900545821253,0.027949584987726,0.100626630835171
"positive regulation of endocytosis",1.4047854557777,0.0280936400701466,0.100998470905302
"regulation of inflammatory response",1.30257831078679,0.0284067398244134,0.101976079050829
"regulation of protein localization to cell periphery",1.36934480076615,0.0286197579404272,0.102592099013659
"regulation of small GTPase mediated signal transduction",1.28952152553792,0.029475866362771,0.105508267312982
"myotube cell development",1.51561070150377,0.0297577232798766,0.106210202542153
"regulation of glucose metabolic process",1.3972304695001,0.0297577232798766,0.106210202542153
"CD8-positive, alpha-beta T cell activation",-1.60040769233824,0.0301714461116992,0.107531902185149
"development of primary sexual characteristics",-1.32508613387289,0.0302561208915204,0.107678752080885
"regulation of generation of precursor metabolites and energy",1.36552292405327,0.0303755237726401,0.107948597395738
"positive regulation of axon extension",1.52108114266624,0.0304949062125277,0.108062779239529
"positive regulation of striated muscle cell differentiation",1.51927822861873,0.0304949062125277,0.108062779239529
"cellular response to interleukin-1",1.41798702889315,0.0307413411212107,0.108780431367484
"regulation of striated muscle cell differentiation",1.40176929415948,0.0312522366828861,0.110273205503574
"long-chain fatty acid metabolic process",1.40100126249966,0.0312522366828861,0.110273205503574
"negative regulation of cold-induced thermogenesis",1.49088121183129,0.0314363627465598,0.110765107429913
"antigen processing and presentation of exogenous peptide antigen",-1.53987233073724,0.0317413229507291,0.111680762711585
"RNA decapping",-1.59248236153014,0.0324202216342931,0.113907643954814
"sulfur compound metabolic process",1.3292534050592,0.0325930554831701,0.114352688996901
"positive regulation of ossification",1.43025556668274,0.0327116389995075,0.114606407074653
"insulin-like growth factor receptor signaling pathway",1.47135049867689,0.0333377058831047,0.116634883435664
"exit from mitosis",-1.52477273198995,0.0336942775042293,0.117716114778527
"mitochondrial membrane organization",1.36519708085171,0.0338829293806268,0.118069887339217
"cellular process involved in reproduction in multicellular organism",-1.2487527460934,0.0338908719815031,0.118069887339217
"vacuole organization",1.31111148147636,0.0342828577275304,0.119267750830186
"response to laminar fluid shear stress",1.49223005595799,0.0343801467757455,0.119271181461515
"dephosphorylation",1.33537809423086,0.0343378863916195,0.119271181461515
"regulation of JNK cascade",1.33372385881499,0.0348702461417251,0.120802237332941
"defense response to bacterium",1.33976785210945,0.0354390919189147,0.122601439501609
"negative regulation of response to biotic stimulus",-1.35735399223265,0.0358873408009043,0.123979000228508
"synaptic vesicle exocytosis",1.40985816292111,0.0360630876723716,0.124311815740994
"canonical Wnt signaling pathway",1.28382384516371,0.0360840514807325,0.124311815740994
"response to acid chemical",1.36362681509025,0.0366375806793461,0.126043454642695
"plasma membrane organization",1.33433867657991,0.0376032704480683,0.129186270318814
"regulation of canonical Wnt signaling pathway",1.31535241845173,0.0380897617882064,0.130676371121035
"regulation of translation",-1.23800654128008,0.0381803837364753,0.130806100297717
"smooth muscle contraction",1.41610951009638,0.0386266612416223,0.132152265049031
"negative regulation of canonical Wnt signaling pathway",1.35885831618248,0.0390664223468783,0.133472452625128
"membrane docking",1.38032747168048,0.0392385911781504,0.133876019763469
"organelle fusion",1.30561158645724,0.0397456279809221,0.135419422983142
"regulation of epithelial cell proliferation",1.28113516589688,0.0398773006134969,0.135681419807187
"negative regulation of Wnt signaling pathway",1.3115588274804,0.0399823760775564,0.135852325849256
"pyrimidine nucleotide metabolic process",-1.4594614687786,0.0401357921090084,0.136186790484951
"cellular response to fluid shear stress",1.45846822279737,0.0403988518113141,0.136804125202124
"glycerophospholipid metabolic process",1.26550492339824,0.0404281871812495,0.136804125202124
"negative regulation of macroautophagy",1.48586862718972,0.0410939637249818,0.138867323529031
"response to reactive oxygen species",1.33486767947074,0.0412585737095828,0.139131248829807
"protein targeting",1.27030381837643,0.0412844036697248,0.139131248829807
"regulation of alternative mRNA splicing, via spliceosome",-1.38412265635288,0.0414585510651269,0.13952830297326
"carbohydrate biosynthetic process",1.30046599741479,0.0418679549114332,0.140714958365834
"protein targeting to vacuole",1.44953418397269,0.0420938814581429,0.14128258044962
"regulation of lymphocyte differentiation",-1.26765157044902,0.0421840859829757,0.141393749634413
"negative regulation of cytokine production",1.28371662863663,0.0422535211267606,0.1414350970689
"monosaccharide metabolic process",1.28424999436835,0.0423197492163009,0.1414656124275
"nephron development",1.29850075507098,0.0424143556280587,0.141590780176148
"appendage development",1.32867230156492,0.0426117062925118,0.14205813793614
"negative regulation of myeloid cell differentiation",1.37109439168168,0.0428082191780822,0.142521450139932
"response to BMP",1.30908478608819,0.0429436705627291,0.142780499307222
"antigen processing and presentation of exogenous antigen",-1.48762462561632,0.0430083350612614,0.142803814942017
"phosphatidylinositol 3-kinase/protein kinase B signal transduction",1.26953719679884,0.043343653250774,0.143724536950692
"negative regulation of myeloid leukocyte differentiation",1.45116927301531,0.0434782608695652,0.143785917455158
"actin filament bundle organization",1.28675784078499,0.0434782608695652,0.143785917455158
"ketone biosynthetic process",1.4209618517248,0.0442930153321976,0.146090278266116
"GO:0009064",-1.39200855733531,0.0442489601111055,0.146090278266116
"cardiac septum morphogenesis",1.35345499428132,0.0444444444444444,0.146394799054374
"positive regulation of protein localization to plasma membrane",1.41879457078139,0.044750430292599,0.147020417853751
"response to steroid hormone",1.26260912199223,0.0447530864197531,0.147020417853751
"gland morphogenesis",1.33501709929737,0.045531197301855,0.149375701698348
"pyridine-containing compound metabolic process",1.32698015897662,0.0455906461380506,0.149375701698348
"endoplasmic reticulum to cytosol transport",-1.47589334784612,0.0458610249718943,0.149657626208378
"negative regulation of protein polymerization",1.37846038047674,0.0458404074702886,0.149657626208378
"tissue migration",1.35789949877968,0.0459183673469388,0.149657626208378
"positive regulation of cell projection organization",1.26083234747977,0.0458715596330275,0.149657626208378
"endocardial cushion morphogenesis",1.41745093293548,0.0459965928449744,0.149715585383708
"positive regulation of protein localization to membrane",1.36074962531219,0.0462328767123288,0.150287185848344
"regulation of G protein-coupled receptor signaling pathway",1.31272672728329,0.0467741935483871,0.151847545765865
"regulation of calcium ion import",1.47597707961953,0.0469314079422383,0.15208358090711
"regulation of protein-containing complex assembly",1.23764778595085,0.046969696969697,0.15208358090711
"regulation of mitochondrial fission",1.47273468802588,0.0472727272727273,0.152864941846665
"cellular response to cAMP",1.39539599070332,0.0475382003395586,0.153522975542486
"cellular response to insulin stimulus",1.28472634631296,0.0476947535771065,0.153828000794913
"regulation of actin filament polymerization",1.32274981097502,0.0478547854785479,0.154143437750797
"response to nutrient",1.33179960074407,0.0481976463123519,0.155046194695709
"stem cell proliferation",-1.38851514145413,0.0484682700623219,0.155714533001779
"regulation of Wnt signaling pathway",1.24729238834405,0.0489296636085627,0.156993234143018
"negative regulation of immune effector process",1.3901261845412,0.0490612143561721,0.157008563256122
"cellular component maintenance",1.36087751734926,0.0490410998708214,0.157008563256122
"negative regulation of locomotion",1.25570522424534,0.0493827160493827,0.157833532457188
"positive regulation of bone mineralization",1.46603138998048,0.0495575221238938,0.158188121521759
"positive regulation of gene expression, epigenetic",-1.40143884531495,0.0500556759131215,0.159572598760363
"amine metabolic process",1.38183930974472,0.0502088321690277,0.159855112188537
"positive regulation of nucleotide metabolic process",1.47120832940433,0.0505415162454874,0.16070774806171
"cellular response to alkaloid",1.47878068668065,0.0509666080843585,0.161851651570456
"negative regulation of ERBB signaling pathway",1.45186291452326,0.0511463844797178,0.162159685064113
"negative regulation of hormone secretion",1.41316270484576,0.0511945392491468,0.162159685064113
"regulation of natural killer cell mediated immunity",-1.45030127515659,0.0517311180520236,0.163650037566874
"phenol-containing compound metabolic process",1.36872615299572,0.0519860389748174,0.164246707322223
"inositol phosphate metabolic process",1.47357567484214,0.0527240773286467,0.16573291820185
"regulation of cell migration involved in sprouting angiogenesis",1.45591884729411,0.0527240773286467,0.16573291820185
"establishment of protein localization to vacuole",1.40099301648481,0.0526315789473684,0.16573291820185
"myeloid cell differentiation",1.23604085689071,0.0526315789473684,0.16573291820185
"tRNA wobble base modification",-1.50981302326967,0.0529944511835915,0.166371680078271
"regulation of vasculature development",1.24750401445754,0.053125,0.166570411392405
"adaptive thermogenesis",1.28633517737252,0.0533117932148627,0.166944768385859
"fertilization",-1.3083119169536,0.0534257301218974,0.166953604634144
"response to temperature stimulus",1.26827165564352,0.053484602917342,0.166953604634144
"regulation of cellular component size",1.24265033770436,0.0535168195718654,0.166953604634144
"B cell mediated immunity",-1.36284391347805,0.0537095609743477,0.167344128972905
"regulation of vacuole organization",1.42315578234257,0.0539629005059022,0.16771154900015
"SCF-dependent proteasomal ubiquitin-dependent protein catabolic process",1.3402385611667,0.0539130434782609,0.16771154900015
"apoptotic mitochondrial changes",1.34741248937692,0.0540511927034588,0.16777544401813
"canonical NF-kappaB signal transduction",1.24825319063357,0.054858934169279,0.170069561873973
"glial cell migration",1.41032047814469,0.0549828178694158,0.170240549828179
"very long-chain fatty acid metabolic process",1.46222855897719,0.0550621669626998,0.170273392717363
"protein homooligomerization",1.26270640001239,0.0556464811783961,0.171865752966193
"carbohydrate transport",1.30955801160819,0.0565068493150685,0.174088887753016
"negative regulation of phosphorus metabolic process",1.25839638979263,0.0564516129032258,0.174088887753016
"platelet-derived growth factor receptor signaling pathway",1.39748242856349,0.0567986230636833,0.174337285413561
"vesicle targeting",1.37926375897166,0.0567986230636833,0.174337285413561
"positive regulation of peptide secretion",1.33413374208237,0.0567010309278351,0.174337285413561
"negative regulation of vasculature development",1.3302998715001,0.0569948186528497,0.174722977479095
"limbic system development",-1.3049830892367,0.0571424723210635,0.174959090159795
"regulation of signal transduction by p53 class mediator",-1.30177443396629,0.057227063708184,0.175001773833545
"positive regulation of organelle assembly",-1.30396168241447,0.0580046403712297,0.177160905301524
"cardiac conduction system development",1.43613644652278,0.0582010582010582,0.177378725842053
"presynaptic endocytosis",1.33870044816692,0.0582191780821918,0.177378725842053
"platelet activation",1.28871010613684,0.0587275693311582,0.178707849180932
"B cell receptor signaling pathway",1.41849782817587,0.0590277777777778,0.179181134259259
"negative regulation of actin filament polymerization",1.41047755741945,0.0590219224283305,0.179181134259259
"monosaccharide transmembrane transport",1.33212534312919,0.0593368237347295,0.17987496056247
"regulation of protein localization to nucleus",-1.29217973639726,0.0594741997176677,0.17987496056247
"reproductive system development",-1.23094431524165,0.0594496592155427,0.17987496056247
"vascular associated smooth muscle cell differentiation",1.45349660795884,0.0595667870036101,0.179935282204808
"regulation of myoblast differentiation",1.36584258302873,0.0598290598290598,0.180507407060391
"positive regulation of viral process",-1.35754306237676,0.0600961538461538,0.181092667976792
"head morphogenesis",1.43659744407398,0.0601769911504425,0.181115925977699
"cellular response to UV",-1.34343071014224,0.0604077785260434,0.181589887632293
"negative regulation of lipid metabolic process",1.33296701586364,0.0605536332179931,0.181807696340568
"vascular endothelial cell response to fluid shear stress",1.4398428558223,0.0608856088560886,0.181922380140569
"antigen processing and presentation of peptide antigen",-1.40732833480496,0.0606796116504854,0.181922380140569
"embryonic heart tube development",1.32778954914652,0.0608695652173913,0.181922380140569
"regulation of actin filament bundle assembly",1.31559962450252,0.0607638888888889,0.181922380140569
"p38MAPK cascade",1.40326551408647,0.0610169491525424,0.182095160302226
"regulation of polysaccharide biosynthetic process",1.44449132741501,0.0612959719789842,0.182707728750835
"steroid metabolic process",1.23702113330606,0.0614173228346457,0.182849409448819
"nutrient storage",1.31436948028468,0.0615384615384615,0.182990119124573
"RNA polymerase II preinitiation complex assembly",-1.37629908911315,0.0620525059665871,0.183856527845976
"export across plasma membrane",1.36954183401467,0.0619621342512909,0.183856527845976
"regulation of synaptic plasticity",1.26223354445803,0.0620031796502385,0.183856527845976
"positive regulation of steroid metabolic process",1.42955715383451,0.0621669626998224,0.183975587344636
"regulation of cholesterol metabolic process",1.41041759611849,0.0625,0.184740453460621
"positive regulation of phagocytosis",1.39673665487039,0.0627118644067797,0.18514575463122
"nucleoside monophosphate metabolic process",-1.36233049184276,0.0630405630622874,0.185894612744388
"regulation of collagen metabolic process",1.446769312578,0.0632688927943761,0.186346073069762
"establishment of mitochondrion localization",1.43787947070411,0.0636363636363636,0.186762171477811
"catechol-containing compound metabolic process",1.38549684313543,0.063573883161512,0.186762171477811
"hormone-mediated signaling pathway",1.26721020250562,0.0635930047694754,0.186762171477811
"developmental cell growth",1.25397843734405,0.0638977635782748,0.187086005181308
"sensory system development",1.21048932210357,0.0638297872340425,0.187086005181308
"positive regulation of epithelial cell migration",1.40184691497253,0.0643478260869565,0.188181304861147
"response to tumor necrosis factor",1.24926638663865,0.0646203554119548,0.188755448532325
"calcium-dependent cell-cell adhesion",1.42639789770869,0.0648648648648649,0.189246490306561
"telomere maintenance in response to DNA damage",-1.44942825989867,0.0654205607476635,0.190419187981155
"positive regulation of cell killing",-1.44880374143705,0.0654205607476635,0.190419187981155
"regulation of hormone secretion",1.25816492349081,0.0658105939004815,0.19132962569424
"inner mitochondrial membrane organization",1.40793286764973,0.0659722222222222,0.19157467109548
"DNA damage response, signal transduction by p53 class mediator",-1.36161628560263,0.0660983972064263,0.191716311335267
"regulation of receptor-mediated endocytosis",1.2863127525474,0.0663265306122449,0.192153001551498
"alcohol metabolic process",1.22298118817315,0.0665634674922601,0.19261414600272
"forebrain cell migration",1.38636234216791,0.0667808219178082,0.193017614807947
"negative regulation of protein ubiquitination",-1.35492399627034,0.0671462829736211,0.193847719027575
"cellular response to oxidative stress",1.25170094510943,0.0673981191222571,0.194348243382806
"negative regulation of muscle cell apoptotic process",1.40115652046573,0.0677083333333333,0.195015746124031
"ERK1 and ERK2 cascade",1.22254331477405,0.0678233438485804,0.195120119294929
"regulation of lipid storage",1.42517712133178,0.0683012259194396,0.19626697981723
"endothelial cell proliferation",1.27788545098105,0.0684039087947883,0.196334278197787
"neuron projection regeneration",1.37544220859784,0.0684931506849315,0.196362886859462
"bile acid biosynthetic process",1.40892574017059,0.0685920577617329,0.196419106446026
"long-term synaptic depression",1.4268093670981,0.0690909090909091,0.19739121316976
"mitochondrial RNA processing",-1.42459003348839,0.0690423162583519,0.19739121316976
"intracellular lipid transport",1.38111098877211,0.0695652173913043,0.197959529764005
"regulation of nucleotide metabolic process",1.34994041669208,0.0696095076400679,0.197959529764005
"translational initiation",-1.30821059380497,0.0694477096191166,0.197959529764005
"negative regulation of secretion",1.27374256103958,0.0695364238410596,0.197959529764005
"regulation of gluconeogenesis",1.37688363031168,0.0698466780238501,0.198178947840867
"postsynaptic density organization",1.37544291937974,0.0698466780238501,0.198178947840867
"positive regulation of cytosolic calcium ion concentration",1.31462243485906,0.0702054794520548,0.198969076204508
"GO:0046323",1.34895975660426,0.070446735395189,0.199424644084438
"renal absorption",1.42483458945146,0.0709090909090909,0.200504358655044
"regulation of reactive oxygen species metabolic process",1.27393091769328,0.0710743801652893,0.200513940397974
"Wnt signaling pathway",1.18901120159511,0.0710144927536232,0.200513940397974
"cartilage development",1.25114941836519,0.0713153724247227,0.200964934580248
"protein homotetramerization",1.35639476573497,0.0716723549488055,0.201424327410984
"regulation of embryonic development",-1.31794924746306,0.0718078706784008,0.201424327410984
"focal adhesion assembly",1.31207374646781,0.0718038528896672,0.201424327410984
"regulation of viral process",-1.25376198740633,0.0716112531969309,0.201424327410984
"monocarboxylic acid biosynthetic process",1.24710316765457,0.0718849840255591,0.201424327410984
"potassium ion homeostasis",1.41946540375049,0.0720562390158172,0.201676049765174
"sterol metabolic process",1.26387623217453,0.07223113964687,0.20193739605564
"immunoglobulin production",-1.38224699717277,0.0726245321530899,0.202620901773444
"response to leukemia inhibitory factor",-1.27757686199605,0.0726392251815981,0.202620901773444
"regulation of autophagosome assembly",1.38942905076696,0.0729166666666667,0.202709970071081
"positive regulation of biomineral tissue development",1.38562445664056,0.0729166666666667,0.202709970071081
"diencephalon development",-1.32508047444764,0.0727699530516432,0.202709970071081
"sprouting angiogenesis",1.2672189195801,0.0732899022801303,0.203519156892245
"positive regulation of phosphorus metabolic process",1.21946696061211,0.0734375,0.203700657894737
"extrinsic apoptotic signaling pathway",1.2418335829679,0.0736,0.203923042505593
"positive regulation of glucose metabolic process",1.41047890066656,0.0738738738738739,0.203950392569469
"neurotransmitter reuptake",1.40906550719477,0.0738007380073801,0.203950392569469
"regulation of membrane permeability",1.34220826361702,0.0740103270223752,0.203950392569469
"negative regulation of developmental growth",1.30709336675294,0.0740103270223752,0.203950392569469
"intrinsic apoptotic signaling pathway in response to DNA damage",-1.2989174859495,0.0741038971790562,0.203950392569469
"reactive oxygen species metabolic process",1.25480626164546,0.0740740740740741,0.203950392569469
"cell maturation",-1.2644314471601,0.0747110505844545,0.20539319899855
"pituitary gland development",-1.39922136994734,0.0751708428246014,0.206199532310673
"response to interleukin-4",-1.39403612268976,0.0751708428246014,0.206199532310673
"regulation of smooth muscle cell differentiation",1.41265289775981,0.0755711775043937,0.206839565390479
"male sex differentiation",-1.23754931506391,0.0755667506297229,0.206839565390479
"regulation of DNA binding",-1.39683899344061,0.0760626398210291,0.20772564370087
"protein localization to cytoskeleton",-1.31407542452105,0.076036866359447,0.20772564370087
"regulation of T-helper cell differentiation",1.40214288783813,0.0763765541740675,0.20835322102331
"dendrite morphogenesis",1.26038267552971,0.0765472312703583,0.208589099952341
"Schwann cell differentiation",1.35563533497328,0.0766609880749574,0.208669524683153
"protein dephosphorylation",1.30360224091045,0.0774526678141136,0.21059303861203
"positive regulation of production of molecular mediator of immune response",-1.27997118710536,0.0780141843971631,0.211887209157646
"regulation of isotype switching",-1.41145243259026,0.0785219399538106,0.212799611887953
"acyl-CoA biosynthetic process",1.35910263133862,0.0784982935153584,0.212799611887953
"cellular response to reactive oxygen species",1.27041331460286,0.0786885245901639,0.213018005912389
"presynapse organization",1.35820599169224,0.0789022298456261,0.213252597141709
"axon extension",1.29468866608235,0.0789473684210526,0.213252597141709
"body morphogenesis",1.34334110429978,0.0790378006872852,0.213264305340311
"B cell differentiation",1.25750536959886,0.0793388429752066,0.213843649673109
"regulation of intrinsic apoptotic signaling pathway",-1.28366649240163,0.0796172147044338,0.214360696546611
"glycerophospholipid biosynthetic process",1.2242244898629,0.0803149606299213,0.216004514093719
"fatty-acyl-CoA metabolic process",-1.38557577118374,0.0805369127516778,0.216132104968479
"vascular associated smooth muscle cell proliferation",1.33908460304919,0.0804794520547945,0.216132104968479
"positive regulation of MAPK cascade",1.18341780405979,0.0809160305343511,0.216914510425961
"mononuclear cell migration",1.23373732983621,0.0810372771474878,0.217004687020894
"immunoglobulin production involved in immunoglobulin-mediated immune response",-1.35138100707286,0.081145584725537,0.217060057629757
"regulation of post-translational protein modification",-1.19512085830059,0.0815217391304348,0.217831011678627
"cell fate specification",-1.26794007119832,0.0817757009345794,0.218274150016113
"negative regulation of epithelial cell proliferation",1.28601009471706,0.0818815331010453,0.218321375125177
"endocrine process",1.31065871897214,0.0821917808219178,0.218912947414936
"negative regulation of ERK1 and ERK2 cascade",1.33106394452014,0.0827464788732394,0.220153628538146
"regulation of epithelial cell migration",1.33072249957502,0.0830449826989619,0.220627638032014
"response to cAMP",1.328048081049,0.0831918505942275,0.220627638032014
"positive regulation of protein localization to cell periphery",1.32615841550896,0.0831918505942275,0.220627638032014
"cell junction maintenance",1.35021836229181,0.083617747440273,0.221519957657279
"mesenchyme morphogenesis",1.33384535073975,0.084192439862543,0.222804138396922
"sensory perception of mechanical stimulus",1.2342831937182,0.0848287112561175,0.224248364761369
"lipid localization",1.18126279626205,0.0853658536585366,0.22542773935202
"response to cocaine",1.33484174558366,0.0859106529209622,0.22662480009076
"secretion by tissue",1.40013555596435,0.086115992970123,0.226683649933044
"positive regulation of smooth muscle cell migration",1.39981895504822,0.086115992970123,0.226683649933044
"negative regulation of small molecule metabolic process",1.29523385080697,0.0868824531516184,0.22845842511312
"cytoplasmic translational initiation",-1.34463654627906,0.0871670702179177,0.228963767687998
"regulation of pattern recognition receptor signaling pathway",-1.20084544945033,0.0874035989717224,0.229341858742538
"regulation of cell-matrix adhesion",1.2704067024743,0.0876897133220911,0.229849121586052
"positive regulation of fat cell differentiation",1.32621918916958,0.0882352941176471,0.230914215881528
"response to alcohol",1.22392698741919,0.0882825040128411,0.230914215881528
"negative regulation of intrinsic apoptotic signaling pathway in response to DNA damage",-1.36880149734214,0.0884955752212389,0.231227362682499
"thymic T cell selection",-1.37247022935484,0.0891304347826087,0.232640766023732
"negative regulation of lipid biosynthetic process",1.32596979871862,0.0895008605851979,0.233361717546879
"protein localization to vacuole",1.29612582691697,0.0901360544217687,0.234770774766268
"regulation of lipid localization",1.24612846163245,0.0903010033444816,0.23495334588685
"actin filament polymerization",1.23010971815362,0.0910569105691057,0.236671529359575
"cardiac septum development",1.25472263523714,0.0913621262458472,0.237215918984238
"regulation of organ growth",1.28543286180473,0.0918367346938776,0.238198525483492
"response to interleukin-6",1.36858501624386,0.092057761732852,0.238263019515914
"adherens junction organization",1.3196157234123,0.0921501706484642,0.238263019515914
"associative learning",1.28205443480789,0.0919931856899489,0.238263019515914
"regulation of intracellular estrogen receptor signaling pathway",-1.36128726639064,0.092378752886836,0.238604974870378
"protein localization to cell surface",1.30874076012879,0.0929432013769363,0.239812822719449
"regulation of neuron projection development",1.17214685129302,0.0930930930930931,0.239949627046401
"immune system development",-1.19532244265983,0.0933333333333333,0.24031878031878
"stress fiber assembly",1.25352382609261,0.0936967632027257,0.24100403162321
"membrane fission",1.32540995848807,0.0943396226415094,0.242405856102717
"activin receptor signaling pathway",1.33192865772782,0.0949152542372881,0.243632212171775
"regulation of myeloid cell differentiation",1.21742315161669,0.0951612903225806,0.244010886261938
"glial cell proliferation",1.35753743245044,0.0955752212389381,0.244057156396548
"acetyl-CoA metabolic process",1.35411791669025,0.0955752212389381,0.244057156396548
"negative regulation of adaptive immune response",1.35380886816598,0.0954861111111111,0.244057156396548
"extracellular matrix assembly",1.34876250791216,0.0954861111111111,0.244057156396548
"embryonic digestive tract development",-1.32871592128506,0.0956719817767654,0.244057156396548
"negative regulation of endothelial cell proliferation",1.37450239884966,0.0959147424511545,0.24442470890073
"negative regulation of supramolecular fiber organization",1.22216906541601,0.0962479608482871,0.244770224867769
"hormone transport",1.19046763940701,0.0962145110410095,0.244770224867769
"neural tube formation",-1.22766194031973,0.0966183574879227,0.245460175894958
"antigen receptor-mediated signaling pathway",1.22160771354166,0.09688013136289,0.245873038305203
"steroid hormone receptor signaling pathway",1.24122890447151,0.096989966555184,0.245899843559049
"protein-containing complex localization",-1.32612606736919,0.0972079147818434,0.246200414023135
"mesenchyme development",1.19204369095533,0.0973724884080371,0.246365325624829
"positive regulation of smoothened signaling pathway",-1.35002010220683,0.0981308411214953,0.248030707610147
"mitochondrial fission",1.35189445721106,0.0989583333333333,0.249612822471147
"regulation of cell-substrate adhesion",1.20776592665289,0.0988835725677831,0.249612822471147
"appendage morphogenesis",1.24317065773245,0.0995184590690209,0.250770318528957
"multicellular organismal-level chemical homeostasis",1.31990082055425,0.10051993067591,0.25280262133054
"anatomical structure maturation",-1.18710264888377,0.100529100529101,0.25280262133054
"acidic amino acid transport",1.31113226433106,0.100854700854701,0.253364192715106
"positive regulation of adaptive immune response",-1.24123483990947,0.101204819277108,0.25398615739554
"negative regulation of lipid localization",1.37565229931877,0.101576182136602,0.254660124648142
"maintenance of synapse structure",1.37674450318072,0.101933216168717,0.255296841708708
"regulation of leukocyte mediated immunity",-1.1905930887122,0.102362204724409,0.2561123041438
"tube closure",-1.24259986591741,0.102564102564103,0.256358508628942
"response to growth hormone",1.35465638420265,0.102787456445993,0.256657791952344
"cell migration involved in sprouting angiogenesis",1.30975272015296,0.102915951972556,0.256719852000021
"regulation of neuron projection regeneration",1.35876191800655,0.103074141048825,0.256855782070361
"negative regulation of leukocyte migration",1.36469522542101,0.103327495621716,0.257228348396976
"response to fluid shear stress",1.2931487131376,0.103565365025467,0.257561655791246
"regulation of lipid biosynthetic process",1.21051248597571,0.104,0.258383149448345
"nucleoside phosphate biosynthetic process",1.18481590175775,0.104361370716511,0.259021157579957
"regulation of viral genome replication",-1.25543003935418,0.104513064133017,0.259137997855338
"positive regulation of intrinsic apoptotic signaling pathway",-1.2827818546529,0.105011933174224,0.260114558472554
"regulation of osteoblast differentiation",1.2323226043446,0.105960264900662,0.262201374784156
"regulation of antigen receptor-mediated signaling pathway",1.31132647669849,0.106239460370995,0.262629883571811
"regulation of biological process involved in symbiotic interaction",-1.34534331141555,0.106521739130435,0.26306515236898
"respiratory system development",1.20574349316895,0.107371794871795,0.264900334559199
"B cell activation involved in immune response",-1.2568396448542,0.107913669064748,0.265972296789434
"metencephalon development",-1.23185371255877,0.108235294117647,0.26649982458192
"positive regulation of transmembrane receptor protein serine/threonine kinase signaling pathway",1.23497442143626,0.108658743633277,0.267276770585528
"basement membrane organization",1.32906339753856,0.109375,0.268771701388889
"pancreas development",1.29015806546167,0.110154905335628,0.270419921225323
"protein localization to microtubule organizing center",-1.34143672045637,0.11036036036036,0.270656052091696
"positive regulation of extracellular matrix organization",1.33834713430195,0.11070110701107,0.27095517990753
"renal water homeostasis",1.33666345093405,0.11070110701107,0.27095517990753
"heart valve morphogenesis",1.2928839228382,0.110915492957746,0.271211921082269
"glycerolipid biosynthetic process",1.19683764649419,0.111811023622047,0.27286296109538
"T cell differentiation",-1.16409928812827,0.111731843575419,0.27286296109538
"regulation of miRNA metabolic process",1.25358995978959,0.112456747404844,0.27416866468681
"vesicle localization",1.19719493799888,0.112676056338028,0.274433226695473
"regulation of bone remodeling",1.30865537256761,0.112903225806452,0.27464514858498
"olefinic compound metabolic process",1.23280924512041,0.112984822934233,0.27464514858498
"cell fate determination",-1.31412184682605,0.113163972286374,0.274810940542499
"multicellular organism growth",1.20433414063873,0.113452188006483,0.275241008513279
"protein localization to endoplasmic reticulum",1.33062124130827,0.113718411552347,0.275616932891548
"cellular response to xenobiotic stimulus",1.21388297426714,0.113964686998395,0.275943821793767
"mRNA modification",-1.32750776659515,0.115217391304348,0.278161284854649
"transcription by RNA polymerase III",-1.25654202667234,0.115207373271889,0.278161284854649
"nucleotide biosynthetic process",1.19653799761593,0.115015974440895,0.278161284854649
"antigen processing and presentation",-1.24022050753357,0.115384615384615,0.278293760766984
"alcohol catabolic process",1.33387707886673,0.115732368896926,0.278860970581406
"production of molecular mediator of immune response",-1.17476424745265,0.116279069767442,0.279905982326485
"aortic valve morphogenesis",1.29630056661042,0.116487455197133,0.2801353655566
"transmission of nerve impulse",1.27460505564051,0.11663807890223,0.280225530010498
"myotube differentiation",1.20485140980674,0.117073170731707,0.280998298355077
"dendrite extension",1.32327383603116,0.117328519855596,0.281338570844444
"cell junction disassembly",1.34027390847571,0.117750439367311,0.282077213068501
"neuron projection organization",1.23998090853114,0.118466898954704,0.283519332087731
"respiratory chain complex IV assembly",1.33738222693465,0.119507908611599,0.284993425378041
"response to pain",1.32176613026776,0.119349005424955,0.284993425378041
"artery morphogenesis",1.28139567258548,0.11965811965812,0.284993425378041
"primary alcohol metabolic process",1.25159428381424,0.11965811965812,0.284993425378041
"positive regulation of protein secretion",1.21728152227002,0.119205298013245,0.284993425378041
"negative regulation of reactive oxygen species metabolic process",1.33510387182115,0.12,0.285259117082534
"catecholamine secretion",1.32808773694828,0.119926199261993,0.285259117082534
"regulation of leukocyte degranulation",-1.29121279994569,0.120728929384966,0.286716738338025
"regulation of mitochondrial membrane permeability",1.27747054201453,0.12141652613828,0.288073501192068
"neuroinflammatory response",1.27209554657845,0.121783876500858,0.288668576165191
"negative regulation of ossification",1.32920663694464,0.121951219512195,0.288788882152684
"glutathione metabolic process",1.28243772697111,0.123499142367067,0.291618089269042
"response to carbohydrate",1.18742222462706,0.123417721518987,0.291618089269042
"response to oxidative stress",1.14708470110417,0.123493975903614,0.291618089269042
"tissue homeostasis",1.17579799062088,0.123809523809524,0.292072562358277
"heterophilic cell-cell adhesion",1.30236255299309,0.125220458553792,0.293431632010082
"regulation of protein targeting",1.27585071005334,0.124786324786325,0.293431632010082
"mRNA splice site recognition",-1.27471311547306,0.125284738041002,0.293431632010082
"humoral immune response",1.21492931913534,0.124789207419899,0.293431632010082
"positive regulation of lymphocyte differentiation",-1.20115740724788,0.124700239808153,0.293431632010082
"ameboidal-type cell migration",1.17598069798162,0.125198098256735,0.293431632010082
"exocytosis",1.16706587743064,0.125193199381762,0.293431632010082
"lymphocyte mediated immunity",-1.16190165708372,0.125333333333333,0.293431632010082
"cellular response to light stimulus",-1.21027125523003,0.125874125874126,0.294419461558272
"mesenchymal cell proliferation",1.27949375445918,0.126064735945486,0.294587123525441
"regulation of protein localization to cell surface",1.32264626965706,0.127177700348432,0.296907788655105
"detection of mechanical stimulus involved in sensory perception",1.31344617379729,0.128158844765343,0.298916627574157
"multivesicular body organization",1.30846891234005,0.128919860627178,0.30012640486233
"regulation of B cell mediated immunity",-1.26949591804519,0.128805620608899,0.30012640486233
"regulation of ATP-dependent activity",1.31473035242879,0.129090909090909,0.300242424242424
"regulation of carbohydrate catabolic process",1.26019860087401,0.129848229342327,0.301488577027471
"hindbrain development",-1.1731178950575,0.12987012987013,0.301488577027471
"postsynaptic neurotransmitter receptor internalization",1.298380898341,0.130052724077329,0.3016297729771
"Rho protein signal transduction",1.2074169361555,0.130645161290323,0.302437443473018
"protein depolymerization",1.1998670161935,0.130578512396694,0.302437443473018
"negative regulation of transforming growth factor beta receptor signaling pathway",1.2303246666631,0.130952380952381,0.302865590680717
"positive regulation of cell-matrix adhesion",1.26250806037488,0.131399317406143,0.303615773521471
"negative regulation of growth",1.18073239530514,0.131537242472266,0.303651211187142
"kidney morphogenesis",1.236640330176,0.132173913043478,0.304836855315359
"phospholipid biosynthetic process",1.16355455986856,0.133012820512821,0.306486285032797
"regulation of protein import into nucleus",-1.25682537637276,0.133651551312649,0.307101013544928
"epithelial cell development",1.18126774665541,0.133545310015898,0.307101013544928
"phospholipid metabolic process",1.15077497742952,0.133535660091047,0.307101013544928
"learning",1.19247232949459,0.134959349593496,0.309818636647905
"positive regulation of cartilage development",1.31058140140468,0.136363636363636,0.312463207467833
"regulation of protein binding",1.27846279727298,0.136283185840708,0.312463207467833
"lens development in camera-type eye",1.26829031743476,0.136752136752137,0.313063810291167
"B cell homeostasis",1.29433166452115,0.137184115523466,0.313214924908567
"regulation of smooth muscle contraction",1.27391903062742,0.13728813559322,0.313214924908567
"positive regulation of muscle contraction",1.2612786354632,0.137152777777778,0.313214924908567
"positive regulation of osteoblast differentiation",1.25835588191484,0.137323943661972,0.313214924908567
"leukocyte mediated cytotoxicity",-1.22035735243591,0.137767220902613,0.313936896205862
"T cell homeostasis",-1.25050334757472,0.138014527845036,0.313937193908785
"mitochondrial gene expression",-1.1570058146958,0.138020833333333,0.313937193908785
"protein methylation",-1.2719822589777,0.13849765258216,0.314156305353488
"regulation of D-glucose transmembrane transport",1.25419872655878,0.138461538461538,0.314156305353488
"negative regulation of protein-containing complex disassembly",1.24657474878847,0.13840830449827,0.314156305353488
"regulation of synaptic vesicle exocytosis",1.28168088750128,0.138888888888889,0.314755514892752
"T cell lineage commitment",1.28625598529614,0.140221402214022,0.317484838468129
"endocrine hormone secretion",1.26475711472477,0.14065180102916,0.318168503332628
"presynapse assembly",1.26380828609088,0.141592920353982,0.319815755660022
"cellular extravasation",1.24587450842937,0.141638225255973,0.319815755660022
"regulation of endocrine process",1.27831313923152,0.142355008787346,0.32087645559584
"regulation of heart growth",1.24892586014961,0.142367066895369,0.32087645559584
"synaptic transmission, glutamatergic",1.21260616294729,0.142857142857143,0.321688311688312
"endocrine pancreas development",1.27163209359784,0.144620811287478,0.325363986883817
"intermediate filament-based process",1.25498122989516,0.145945945945946,0.327942552058599
"positive regulation of neurogenesis",1.16897255593678,0.146031746031746,0.327942552058599
"synaptic membrane adhesion",1.27807973621551,0.146473779385172,0.328042994156483
"peripheral nervous system axon ensheathment",1.27653542769949,0.146473779385172,0.328042994156483
"positive regulation of fatty acid metabolic process",1.27379441623158,0.146473779385172,0.328042994156483
"regulation of Rho protein signal transduction",1.2176511397484,0.147058823529412,0.329055741537808
"microtubule organizing center localization",-1.26993678935376,0.147321428571429,0.329345829035585
"regulation of actomyosin structure organization",1.21053560885506,0.147766323024055,0.330042544752556
"negative regulation of fat cell differentiation",1.23250979449889,0.148464163822526,0.331302462872429
"positive regulation of secretion",1.14965398257366,0.149068322981366,0.332351247547115
"organic hydroxy compound transport",1.1574710676803,0.14951768488746,0.333053332253811
"leukocyte migration",1.13876388099264,0.151234567901235,0.336575044646323
"toll-like receptor signaling pathway",-1.23380630271384,0.151442307692308,0.336734825990885
"phosphatidylinositol phosphate biosynthetic process",1.2324886057079,0.15177065767285,0.337053636053063
"regulation of response to wounding",1.18617181617382,0.151857835218094,0.337053636053063
"negative regulation of muscle hypertrophy",1.26267419829231,0.152753108348135,0.338336348510938
"endoplasmic reticulum to Golgi vesicle-mediated transport",1.18723324121287,0.152845528455285,0.338336348510938
"carbohydrate homeostasis",1.15713512061723,0.152755905511811,0.338336348510938
"monoamine transport",1.24926587079468,0.153321976149915,0.339087977610124
"regulation of cell morphogenesis",1.15423091446332,0.154330708661417,0.341014420476655
"regulation of morphogenesis of a branching structure",1.22302631129452,0.154513888888889,0.34111488661121
"estrogen receptor signaling pathway",-1.24391407849719,0.154761904761905,0.341358181741085
"positive regulation of epithelial cell differentiation",-1.2339002232652,0.154963680387409,0.341499142633107
"negative regulation of endothelial cell apoptotic process",1.26437001695454,0.155234657039711,0.341792218210991
"calcium ion import across plasma membrane",1.25903654290587,0.155515370705244,0.342106192927966
"regulation of intrinsic apoptotic signaling pathway in response to DNA damage",-1.28013286777874,0.156599552572707,0.343148879300158
"positive regulation of immunoglobulin production",-1.27534689868981,0.156599552572707,0.343148879300158
"regulation of cell killing",-1.21855238527779,0.15625,0.343148879300158
"regulation of microtubule polymerization",-1.19616794046022,0.15668202764977,0.343148879300158
"type I interferon production",-1.1742327685528,0.156479217603912,0.343148879300158
"amyloid-beta clearance",-1.23396355571892,0.157043879907621,0.343637535804927
"miRNA metabolic process",1.19021403931181,0.157712305025997,0.344795568887373
"negative regulation of canonical NF-kappaB signal transduction",1.23840737183659,0.157894736842105,0.34489000278474
"forebrain development",-1.11819042476539,0.158959537572254,0.346909933538744
"regulation of dendrite morphogenesis",1.2318858532439,0.159519725557461,0.347373195162633
"cytokine production involved in inflammatory response",1.22908345807946,0.159592529711375,0.347373195162633
"regulation of tissue remodeling",1.22529092832928,0.159592529711375,0.347373195162633
"fatty acid derivative biosynthetic process",-1.24637122762327,0.160183066361556,0.347517596336494
"positive regulation of glial cell differentiation",-1.23754761684836,0.160092807424594,0.347517596336494
"genitalia development",-1.23710582333214,0.160092807424594,0.347517596336494
"negative regulation of cytoplasmic pattern recognition receptor signaling pathway",-1.2317561084903,0.160287081339713,0.347517596336494
"positive regulation of protein-containing complex disassembly",1.23028392906624,0.16036036036036,0.347517596336494
"brain morphogenesis",1.24079467346126,0.161120840630473,0.348251590088727
"aorta morphogenesis",1.2367998909426,0.161120840630473,0.348251590088727
"negative regulation of antigen receptor-mediated signaling pathway",1.23321451856473,0.161120840630473,0.348251590088727
"regulation of protein targeting to membrane",1.26035356752385,0.161818181818182,0.349453911389395
"regulation of type I interferon-mediated signaling pathway",-1.25938149239243,0.162162162162162,0.349587185096324
"purine nucleoside monophosphate metabolic process",-1.25500619730221,0.162162162162162,0.349587185096324
"negative regulation of inflammatory response to antigenic stimulus",1.2582749859028,0.162361623616236,0.349712818867319
"artery development",1.16932344651484,0.162671232876712,0.350075277007486
"positive regulation of cell-substrate adhesion",1.17672301979698,0.163575042158516,0.351714739085629
"positive T cell selection",1.23213647654829,0.163763066202091,0.351813629646642
"heart valve development",1.21943359982724,0.165232358003442,0.354562826151911
"negative regulation of inflammatory response",1.16986580653401,0.165329052969502,0.354562826151911
"response to osmotic stress",1.21457409119077,0.166095890410959,0.355899239228326
"negative regulation of epithelial to mesenchymal transition",1.20944905871379,0.166666666666667,0.356813598386632
"positive regulation of cell adhesion",1.11446769580353,0.167414050822123,0.358104148433849
"cell adhesion mediated by integrin",1.2235007274896,0.167808219178082,0.358637583178697
"epigenetic programming of gene expression",-1.23795411371829,0.168141592920354,0.359040280744583
"negative regulation of nucleocytoplasmic transport",-1.22978909034791,0.169265033407572,0.361048436370607
"regulation of gene silencing by regulatory ncRNA",-1.22838088752132,0.169373549883991,0.361048436370607
"collagen biosynthetic process",1.21525283114358,0.170138888888889,0.361435701353154
"negative regulation of transmembrane transport",1.20546842228011,0.169877408056042,0.361435701353154
"regulation of pH",1.20238023734678,0.169877408056042,0.361435701353154
"regulation of mononuclear cell migration",1.1791028137005,0.170138888888889,0.361435701353154
"response to axon injury",1.20993337907625,0.17039586919105,0.361671437863094
"sulfur compound biosynthetic process",1.18314880399155,0.170648464163823,0.36189747066249
"positive regulation of type II interferon production",-1.22280193336907,0.171149144254279,0.362446495726496
"response to monosaccharide",1.16523331529451,0.1712,0.362446495726496
"positive regulation of cell activation",-1.12087596136675,0.171428571428571,0.362620470903989
"deoxyribonucleotide catabolic process",-1.23031287652719,0.171739130434783,0.36283152137293
"regulation of BMP signaling pathway",1.1719453160541,0.171821305841924,0.36283152137293
"renal system development",1.11555534731198,0.172360248447205,0.363659570190568
"positive regulation of SMAD protein signal transduction",1.21683224603792,0.172535211267606,0.36371890919988
"response to zinc ion",1.24141598042405,0.173285198555957,0.364259836098448
"endoderm formation",1.21606683985409,0.173241852487136,0.364259836098448
"negative regulation of response to wounding",1.20579823069523,0.172945205479452,0.364259836098448
"roof of mouth development",1.19446116387531,0.17338003502627,0.364259836098448
"positive regulation of MAP kinase activity",-1.22182048914883,0.173719376391982,0.364663470612661
"positive regulation of cilium assembly",-1.23486567542376,0.174107142857143,0.364859046410442
"determination of adult lifespan",-1.22323066471052,0.174013921113689,0.364859046410442
"negative regulation of oxidative stress-induced intrinsic apoptotic signaling pathway",1.23582344356929,0.175276752767528,0.36699959138222
"positive regulation of cell morphogenesis",1.22617933362487,0.175746924428823,0.36748740982714
"phosphatidylinositol metabolic process",1.16493839686538,0.175806451612903,0.36748740982714
"dendritic spine development",1.1784992652609,0.176165803108808,0.367860691681248
"positive regulation of cytoskeleton organization",1.15693690061773,0.176282051282051,0.367860691681248
"positive regulation of B cell activation",-1.17240296033615,0.176470588235294,0.367944147355912
"positive regulation of heart growth",1.21627447347154,0.176882661996497,0.368183490559096
"positive regulation of insulin secretion",1.19678620314916,0.176776429809359,0.368183490559096
"embryonic heart tube morphogenesis",1.19962276441474,0.177280550774527,0.368701867563814
"cellular senescence",-1.16292779085556,0.178571428571429,0.371075023969319
"endothelial cell apoptotic process",1.21039546659926,0.178752107925801,0.371139120982573
"hydrogen peroxide metabolic process",1.23776344557581,0.179023508137432,0.371391314620117
"regulation of glial cell differentiation",-1.19663769271534,0.179176755447942,0.371398178447324
"negative regulation of small GTPase mediated signal transduction",1.20146555620411,0.179577464788732,0.371917542041547
"visual behavior",1.20983468862558,0.18043844856661,0.373056479491001
"cell redox homeostasis",-1.20898764225658,0.180327868852459,0.373056479491001
"positive regulation of chemotaxis",1.17283836113717,0.180579216354344,0.373056479491001
"non-canonical NF-kappaB signal transduction",1.16274333258722,0.181196581196581,0.374019943019943
"response to dsRNA",1.21678997993628,0.181657848324515,0.374659858700936
"C21-steroid hormone metabolic process",1.23534609406623,0.182640144665461,0.37512407822251
"protein destabilization",1.20671380586317,0.18259385665529,0.37512407822251
"response to amino acid starvation",1.20320310416558,0.18259385665529,0.37512407822251
"synaptic vesicle recycling",1.18765626531418,0.182608695652174,0.37512407822251
"positive regulation of canonical Wnt signaling pathway",1.16621890450077,0.182282793867121,0.37512407822251
"postsynaptic density assembly",1.22535170333895,0.183636363636364,0.376857723883407
"NAD+ metabolic process",1.21495681252744,0.185840707964602,0.381065756314833
"intrinsic apoptotic signaling pathway by p53 class mediator",-1.16560956449691,0.186320754716981,0.381551629452027
"adult behavior",1.16168611859137,0.186385737439222,0.381551629452027
"positive regulation of tumor necrosis factor superfamily cytokine production",-1.16703946126004,0.186761229314421,0.382004595385483
"positive regulation of phosphatidylinositol 3-kinase/protein kinase B signal transduction",1.1533419170593,0.187096774193548,0.382375173001171
"bone remodeling",1.19612938604403,0.187607573149742,0.383103016234056
"response to estradiol",1.16929891283252,0.188255613126079,0.384109681806671
"mitochondrial translation",-1.14541727272678,0.18848167539267,0.384254411479542
"body fluid secretion",1.19312341819795,0.19047619047619,0.388001253132832
"peptidyl-tyrosine modification",1.15903236592962,0.191228070175439,0.389212760743271
"organic acid biosynthetic process",1.11731914253104,0.192846034214619,0.392183601600666
"regulation of transmembrane transporter activity",1.18520607502602,0.193493150684932,0.393174603174603
"cell-cell junction organization",1.13773976226041,0.193650793650794,0.393174603174603
"cellular component disassembly",1.09533910305177,0.194940476190476,0.395468926718927
"negative regulation of T cell receptor signaling pathway",1.22085091855174,0.195298372513562,0.395547071722072
"sphingolipid biosynthetic process",-1.15427168590381,0.195180722891566,0.395547071722072
"tRNA methylation",-1.21491834542877,0.195945945945946,0.395847461395649
"arachidonate metabolic process",1.20025224476568,0.19614711033275,0.395847461395649
"granulocyte activation",-1.19791578898897,0.195652173913043,0.395847461395649
"regulation of morphogenesis of an epithelium",1.19319782378084,0.196245733788396,0.395847461395649
"positive regulation of axonogenesis",1.17891357609679,0.195840554592721,0.395847461395649
"single fertilization",-1.14981749521331,0.196682464454976,0.396405585398679
"amino acid activation",-1.18098963955521,0.197115384615385,0.396955128205128
"GO:0034248",1.19161799561515,0.197594501718213,0.397596734976453
"regulation of steroid biosynthetic process",1.17523882833994,0.197934595524957,0.397957786619577
"cell volume homeostasis",-1.20460555605868,0.198177676537585,0.398123361543876
"GO:0046466",-1.19840737999438,0.199063231850117,0.399578302506272
"reactive oxygen species biosynthetic process",1.19928230745866,0.199318568994889,0.399766878866673
"regulation of triglyceride metabolic process",-1.18544772868457,0.2,0.400809061488673
"leukocyte mediated immunity",-1.10086993731629,0.200557103064067,0.401600601689324
"fatty acid biosynthetic process",1.15677320175082,0.20097244732577,0.402107231038717
"ovulation cycle process",1.19364049187808,0.201769911504425,0.402574621428651
"natural killer cell mediated immunity",-1.17530264806715,0.201456310679612,0.402574621428651
"amino acid transmembrane transport",-1.16191396605737,0.201856148491879,0.402574621428651
"regulation of intracellular protein transport",-1.12605838795279,0.201570680628272,0.402574621428651
"negative regulation of kinase activity",1.18126843011601,0.202380952380952,0.403029481269128
"lung epithelium development",1.18013680598578,0.202508960573477,0.403029481269128
"regulation of peptide transport",1.13833548726508,0.202572347266881,0.403029481269128
"dendritic spine morphogenesis",1.18681157649866,0.203071672354949,0.403157552083333
"rhythmic behavior",1.18331067450067,0.202821869488536,0.403157552083333
"sphingolipid metabolic process",-1.1080986234738,0.203125,0.403157552083333
"myeloid leukocyte differentiation",1.12332099279587,0.203525641025641,0.403629313707376
"regulation of leukocyte migration",1.13591311364244,0.203915171288744,0.403755299186426
"immune response-regulating cell surface receptor signaling pathway",1.11983670634532,0.203791469194313,0.403755299186426
"T cell mediated cytotoxicity",-1.20060272063301,0.20501138952164,0.405025684371525
"positive regulation of GTPase activity",1.17849625693432,0.204819277108434,0.405025684371525
"establishment of protein localization to membrane",1.11237041414293,0.205047318611987,0.405025684371525
"exocytic process",1.17141099541899,0.205217391304348,0.40503862809631
"homotypic cell-cell adhesion",1.15992387635135,0.20552677029361,0.405326281860885
"positive regulation of vascular associated smooth muscle cell proliferation",1.20323352095655,0.206039076376554,0.406013358937728
"vesicle cargo loading",1.1852433688432,0.206654991243433,0.406903349213023
"cortical actin cytoskeleton organization",-1.19847053235396,0.207207207207207,0.406965140629314
"G protein-coupled dopamine receptor signaling pathway",1.19665170197332,0.207272727272727,0.406965140629314
"cellular response to corticosteroid stimulus",-1.18393706179943,0.207823960880196,0.406965140629314
"inflammatory response to antigenic stimulus",-1.17187223170413,0.20763723150358,0.406965140629314
"positive regulation of inflammatory response",1.14956189704281,0.207836456558773,0.406965140629314
"embryonic appendage morphogenesis",1.13442306214015,0.207482993197279,0.406965140629314
"negative regulation of molecular function",1.11746312031266,0.20695102685624,0.406965140629314
"vesicle docking",1.17451065609125,0.208261617900172,0.407294133122862
"regulation of dendritic spine morphogenesis",1.16980933213107,0.208333333333333,0.407294133122862
"ventricular system development",-1.18589420474475,0.208816705336427,0.407917175960828
"regulation of neuronal synaptic plasticity",1.18529118542441,0.209106239460371,0.408160878757556
"regulation of translational initiation",-1.1436245144701,0.20952380952381,0.408653918260217
"positive regulation of coagulation",1.1993767090989,0.210332103321033,0.409554676115864
"epithelial cell apoptotic process",1.19386122980032,0.210977701543739,0.409554676115864
"glial cell activation",1.18820708867271,0.210896309314587,0.409554676115864
"vesicle-mediated transport between endosomal compartments",1.18498992841136,0.210977701543739,0.409554676115864
"regulation of extrinsic apoptotic signaling pathway via death domain receptors",1.18065316471347,0.210434782608696,0.409554676115864
"extrinsic apoptotic signaling pathway via death domain receptors",1.16622955091354,0.210884353741497,0.409554676115864
"regulation of extrinsic apoptotic signaling pathway",1.1364688134172,0.212903225806452,0.412968903933109
"adipose tissue development",1.17250651629029,0.213675213675214,0.414142022123243
"integrated stress response signaling",1.18358276479098,0.214041095890411,0.414202964469178
"regulation of ERBB signaling pathway",1.16537409593568,0.214041095890411,0.414202964469178
"NADP+ metabolic process",-1.17796687337457,0.214780600461894,0.415309560768236
"cellular response to carbohydrate stimulus",1.13589332647776,0.214983713355049,0.41537804834669
"neutral lipid metabolic process",1.13221271635839,0.215753424657534,0.416540321805699
"osteoblast proliferation",1.18435692825947,0.216363636363636,0.416949958832678
"lipid export from cell",1.1746350961861,0.216216216216216,0.416949958832678
"negative regulation of intrinsic apoptotic signaling pathway",-1.13053531888477,0.216470588235294,0.416949958832678
"neuroblast proliferation",-1.17279744937193,0.217703349282297,0.418348484229828
"monocarboxylic acid transport",1.12357494476543,0.217607973421927,0.418348484229828
"developmental growth involved in morphogenesis",1.10374782031945,0.217391304347826,0.418348484229828
"astrocyte differentiation",1.17682259047914,0.218803418803419,0.419330753000884
"protein deacylation",-1.17582079196095,0.219399538106236,0.419330753000884
"negative regulation of carbohydrate metabolic process",1.17143158083372,0.219130434782609,0.419330753000884
"adenylate cyclase-inhibiting G protein-coupled receptor signaling pathway",1.16968106674213,0.218965517241379,0.419330753000884
"cartilage development involved in endochondral bone morphogenesis",-1.16622670931416,0.219399538106236,0.419330753000884
"positive regulation of hormone secretion",1.1321214203113,0.218543046357616,0.419330753000884
"regulation of GTPase activity",1.12084604006322,0.219269102990033,0.419330753000884
"negative regulation of blood vessel endothelial cell migration",1.18979390457337,0.220614828209765,0.421084803634338
"viral genome replication",-1.12966626501296,0.220657276995305,0.421084803634338
"glycoprotein biosynthetic process",-1.08896403050097,0.221264367816092,0.42191827488873
"regulation of myeloid leukocyte mediated immunity",-1.17332547703491,0.222972972972973,0.422972654564324
"bone growth",-1.16468750095628,0.222737819025522,0.422972654564324
"response to cadmium ion",-1.16430544249838,0.222737819025522,0.422972654564324
"maintenance of protein location",1.15955165579622,0.22318339100346,0.422972654564324
"positive regulation of actin filament bundle assembly",1.15951055603311,0.222222222222222,0.422972654564324
"phosphatidylinositol biosynthetic process",1.12630756655588,0.222789115646259,0.422972654564324
"regulation of protein serine/threonine kinase activity",-1.12369055657004,0.222488038277512,0.422972654564324
"negative regulation of phosphorylation",1.12368563922072,0.223140495867769,0.422972654564324
"icosanoid biosynthetic process",-1.17284528316256,0.224256292906178,0.423063851887741
"collagen fibril organization",1.16268271713625,0.223931623931624,0.423063851887741
"multi-multicellular organism process",1.12517749969179,0.223472668810289,0.423063851887741
"positive regulation of Wnt signaling pathway",1.12389499198162,0.224193548387097,0.423063851887741
"hepaticobiliary system development",-1.11450694090434,0.224226804123711,0.423063851887741
"embryonic epithelial tube formation",-1.11025518412737,0.224181360201511,0.423063851887741
"purine nucleotide transport",1.181906374016,0.225092250922509,0.424317736328048
"pigment cell differentiation",1.17217699869996,0.227272727272727,0.427777010223819
"positive regulation of viral genome replication",-1.16515474379055,0.2271714922049,0.427777010223819
"negative regulation of muscle cell differentiation",1.17257482815633,0.227655986509275,0.428173028537186
"positive regulation of nervous system development",1.10415876225905,0.227987421383648,0.428471049140588
"long-chain fatty acid transport",1.17229514702479,0.228279386712095,0.428694496501789
"postsynaptic specialization organization",1.16920271425981,0.228668941979522,0.428775904075152
"bone resorption",1.15377232596253,0.228668941979522,0.428775904075152
"carbohydrate derivative catabolic process",1.10775854501202,0.228971962616822,0.429019327838025
"late endosome to vacuole transport via multivesicular body sorting pathway",1.17876406655999,0.229656419529837,0.429976531500685
"protein polyubiquitination",1.1006681137762,0.230171073094868,0.430614613335338
"regulation of lipid catabolic process",1.16318160528764,0.230508474576271,0.430920370962584
"regulation of T cell receptor signaling pathway",1.14835662266654,0.230902777777778,0.431331961203285
"endocardial cushion formation",1.16553541786445,0.231985940246046,0.432555977575585
"cochlea development",-1.15637977493744,0.232057416267943,0.432555977575585
"multicellular organismal response to stress",1.1526200315858,0.232081911262799,0.432555977575585
"secondary palate development",1.16745015592123,0.232472324723247,0.432567978060089
"cellular response to osmotic stress",1.1667834521771,0.232715008431703,0.432567978060089
"neuromuscular synaptic transmission",1.16608238746295,0.232472324723247,0.432567978060089
"response to ketone",1.12071932326684,0.232786885245902,0.432567978060089
"endothelial cell differentiation",1.12223649960433,0.233390119250426,0.433363812131413
"modification of postsynaptic structure",1.16220586140236,0.234458259325044,0.433924340073207
"negative regulation of viral genome replication",-1.16120304591833,0.234234234234234,0.433924340073207
"positive regulation of D-glucose transmembrane transport",1.15992649004257,0.234234234234234,0.433924340073207
"nucleotide transport",1.15718570650076,0.234567901234568,0.433924340073207
"regulation of protein export from nucleus",-1.14963426323116,0.234338747099768,0.433924340073207
"endodermal cell differentiation",1.15828243584025,0.234991423670669,0.434383400322572
"late endosome to vacuole transport",1.15750150498299,0.235398230088496,0.434810899276065
"regulation of D-glucose import across plasma membrane",1.15686482756139,0.236706689536878,0.43628680731142
"negative regulation of translational initiation",-1.15319179583355,0.236725663716814,0.43628680731142
"miRNA transcription",1.14900509371826,0.236394557823129,0.43628680731142
"hindbrain morphogenesis",-1.16817933337097,0.237327188940092,0.43707022082127
"platelet aggregation",1.14424452642617,0.237521514629948,0.437103114218709
"pharyngeal system development",1.15980844363896,0.23826714801444,0.43717609306057
"dopamine transport",1.15688532043136,0.238181818181818,0.43717609306057
"L-glutamate import",1.1545095345034,0.238095238095238,0.43717609306057
"epithelial cell differentiation involved in kidney development",1.14823443917021,0.238260869565217,0.43717609306057
"response to nerve growth factor",1.1539970764046,0.238983050847458,0.438165075461993
"regulation of nervous system process",1.12731248689417,0.239583333333333,0.438940766765286
"detection of light stimulus",1.15351585435494,0.240773286467487,0.439495527324956
"positive regulation of microtubule polymerization or depolymerization",-1.1452045439843,0.240654205607477,0.439495527324956
"proteoglycan biosynthetic process",-1.13149711370276,0.240566037735849,0.439495527324956
"negative regulation of viral process",-1.12691043874833,0.240566037735849,0.439495527324956
"steroid biosynthetic process",1.12013547562652,0.240650406504065,0.439495527324956
"monosaccharide biosynthetic process",1.14267676957352,0.241496598639456,0.440491218578742
"regulation of protein localization to mitochondrion",1.15305469173635,0.241852487135506,0.440491625466653
"lymph vessel development",1.15281388778617,0.241818181818182,0.440491625466653
"positive regulation of reproductive process",-1.13938710618461,0.242788461538462,0.441871432204827
"phosphatidic acid metabolic process",1.14844913067911,0.243386243386243,0.442634159227404
"positive regulation of growth",1.09325690568261,0.244094488188976,0.443596513018411
"folic acid-containing compound metabolic process",-1.15368974108373,0.245652173913043,0.445868106692849
"neural crest cell differentiation",1.12508252047206,0.245704467353952,0.445868106692849
"regulation of organic acid transport",1.14860511178975,0.247457627118644,0.448484325595977
"protein modification by small protein removal",1.11346956332972,0.247508305647841,0.448484325595977
"nuclear receptor-mediated signaling pathway",1.10603099611856,0.248397435897436,0.449766409881541
"cerebral cortex development",-1.10856278989442,0.248792270531401,0.450152267426063
"regulation of neurogenesis",1.07243988594535,0.25,0.452007299270073
"intermembrane lipid transfer",1.14263303080418,0.25045045045045,0.452491441112885
"skeletal muscle cell differentiation",1.13158523257965,0.252577319587629,0.455613159024178
"regulation of polysaccharide metabolic process",1.13133863523092,0.252688172043011,0.455613159024178
"dendrite development",1.09631975537058,0.252730109204368,0.455613159024178
"negative chemotaxis",1.15083549868015,0.254295532646048,0.458001582115662
"developmental induction",-1.13910647817229,0.254424778761062,0.458001582115662
"regulation of vascular permeability",1.15011452405038,0.256013745704467,0.460527268053715
"regulation of postsynaptic membrane neurotransmitter receptor levels",1.11060729299746,0.256366723259762,0.460571577322846
"pallium development",-1.08609596971023,0.256410256410256,0.460571577322846
"cytochrome complex assembly",1.14843052887694,0.259450171821306,0.465453827325988
"negative regulation of lymphocyte activation",1.10746525411552,0.259504132231405,0.465453827325988
"regulation of protein polymerization",1.09703381425931,0.259904912836767,0.465835361140862
"regulation of epithelial to mesenchymal transition",1.11540949885056,0.260344827586207,0.466286433789613
"ruffle assembly",-1.13662969804701,0.26056338028169,0.466340674102418
"protein targeting to lysosome",1.13922103836672,0.26173285198556,0.467683593361821
"reproductive behavior",1.12860114521984,0.261946902654867,0.467683593361821
"regulation of stem cell differentiation",1.12774998238793,0.261538461538462,0.467683593361821
"phagocytosis, engulfment",-1.12256423578989,0.262068965517241,0.467683593361821
"positive regulation of reactive oxygen species metabolic process",1.14883637201804,0.263069139966273,0.468455973901121
"nucleotide-sugar biosynthetic process",-1.1341259344016,0.262806236080178,0.468455973901121
"response to pH",-1.13357902173801,0.26304347826087,0.468455973901121
"nephron morphogenesis",1.12486603448135,0.263339070567986,0.468599768532257
"TOR signaling",1.105864184656,0.264705882352941,0.470693805160255
"production of molecular mediator involved in inflammatory response",1.11797649771871,0.265164644714038,0.470833566277185
"neuron projection extension",1.10182961956489,0.265040650406504,0.470833566277185
"response to topologically incorrect protein",1.0996715720993,0.266990291262136,0.473396529317331
"establishment of protein localization to organelle",-1.05907194713289,0.266871165644172,0.473396529317331
"positive regulation of ERBB signaling pathway",-1.1250080721974,0.267699115044248,0.474204463455332
"cellular response to steroid hormone stimulus",1.08998370216644,0.267828843106181,0.474204463455332
"negative regulation of exocytosis",1.12793025360313,0.269090909090909,0.475666630088884
"alpha-amino acid biosynthetic process",-1.11928489254605,0.269230769230769,0.475666630088884
"myeloid leukocyte activation",1.10338283689981,0.268852459016393,0.475666630088884
"chondroitin sulfate proteoglycan metabolic process",-1.12378589335728,0.270022883295195,0.476062755390593
"response to hydrogen peroxide",1.11961384427295,0.270223752151463,0.476062755390593
"neuron fate commitment",-1.10704345746926,0.270207852193995,0.476062755390593
"transposition",-1.10463491583706,0.270207852193995,0.476062755390593
"macrophage migration",1.11580158204548,0.270609318996416,0.476403186321337
"ventricular septum morphogenesis",1.1303343501732,0.270868824531516,0.476521362474834
"glutamate receptor signaling pathway",1.13157175526767,0.272260273972603,0.477612392797547
"negative regulation of BMP signaling pathway",1.13145322960203,0.272260273972603,0.477612392797547
"positive regulation of alpha-beta T cell activation",-1.11942724825065,0.272076372315036,0.477612392797547
"neural tube development",-1.0782599639327,0.272,0.477612392797547
"inflammasome-mediated signaling pathway",1.11492841499582,0.272569444444444,0.477816358024691
"protein complex oligomerization",1.08031320774465,0.274760383386581,0.48131645661143
"protein tetramerization",1.12427825265508,0.275261324041812,0.481853215301461
"dopamine metabolic process",1.12352436381137,0.277003484320557,0.484560473631371
"virion assembly",1.11717252129824,0.27768014059754,0.484717201028968
"T cell differentiation in thymus",-1.09801136820392,0.277511961722488,0.484717201028968
"gliogenesis",1.07101591497542,0.277519379844961,0.484717201028968
"regulation of phosphorylation",1.06229006124502,0.278366111951589,0.485572436129637
"cellular response to amyloid-beta",1.12144818593126,0.278745644599303,0.48589230237331
"regulation of mitochondrial membrane permeability involved in apoptotic process",1.11474715883648,0.279513888888889,0.486888820518831
"sperm flagellum assembly",1.12437279620982,0.28,0.487392832044975
"epiboly",1.1148565328385,0.281195079086116,0.489129361584487
"tumor necrosis factor-mediated signaling pathway",1.09278272464095,0.282051282051282,0.490274403958614
"pyrimidine-containing compound catabolic process",-1.12094700286235,0.282608695652174,0.490898835294835
"T-helper 17 cell differentiation",1.1045169537946,0.283154121863799,0.491501583641647
"adult locomotory behavior",1.11368795570899,0.283993115318417,0.492267982255926
"regulation of synaptic transmission, glutamatergic",1.11025420123417,0.283993115318417,0.492267982255926
"regulation of axon extension",1.10966226295014,0.284246575342466,0.492362774212089
"regulation of sprouting angiogenesis",1.10680339561196,0.284722222222222,0.492842029660688
"regulation of presynapse organization",1.1262436842274,0.285977859778598,0.493635650642221
"negative regulation of protein localization to membrane",1.11564552430446,0.285968028419183,0.493635650642221
"negative regulation of cytoskeleton organization",1.08905917707333,0.285481239804241,0.493635650642221
"mesenchymal cell differentiation",1.07404873799745,0.285714285714286,0.493635650642221
"substrate-dependent cell migration",1.1229178213507,0.287822878228782,0.496474421568728
"positive regulation of excitatory postsynaptic potential",1.11085095181356,0.289520426287744,0.498728436860153
"pyrimidine ribonucleotide metabolic process",-1.11070582720566,0.289532293986637,0.498728436860153
"amyloid fibril formation",1.11287936480825,0.289982425307557,0.498810046865847
"positive regulation of ERK1 and ERK2 cascade",1.08924873980129,0.289902280130293,0.498810046865847
"excitatory synapse assembly",1.09997338366636,0.290322580645161,0.49904859976271
"vitamin transport",-1.1112880452553,0.292740046838407,0.502506650047634
"cellular response to external stimulus",1.09590760277667,0.292598967297762,0.502506650047634
"regulation of chondrocyte differentiation",1.10214130556855,0.293310463121784,0.503137130992146
"regulatory T cell differentiation",-1.11416331363517,0.293975903614458,0.503929628548797
"negative regulation of fatty acid metabolic process",1.10928427291903,0.294849023090586,0.505076784367484
"oligosaccharide metabolic process",1.1011836860806,0.295415959252971,0.505698224650732
"positive regulation of cold-induced thermogenesis",1.10890939055373,0.295847750865052,0.505738356723764
"regulation of immunoglobulin production",-1.09778339143043,0.295673076923077,0.505738356723764
"response to vitamin",1.08419727442977,0.296360485268631,0.506265463455447
"protein sumoylation",-1.08840053157834,0.297235023041475,0.507060022089348
"alpha-amino acid metabolic process",-1.06659268895489,0.297082228116711,0.507060022089348
"aorta development",1.08920713649099,0.29776247848537,0.507610226571412
"kidney epithelium development",1.09721384555815,0.298045602605863,0.507743437176563
"positive regulation of myeloid leukocyte differentiation",1.09793632380243,0.298811544991511,0.508698417143624
"regulation of protein catabolic process",-1.04908704002749,0.299120234604106,0.508874190325803
"host-mediated activation of viral process",-1.09024372036058,0.299771167048055,0.509282016994535
"mitochondrial RNA metabolic process",-1.08551796747955,0.299760191846523,0.509282016994535
"GO:0051091",-1.08746075471267,0.3,0.509321453050034
"response to platelet-derived growth factor",1.11528312272988,0.300738007380074,0.510224687863317
"megakaryocyte differentiation",1.10643117110776,0.302047781569966,0.511745796818608
"positive regulation of D-glucose import across plasma membrane",1.10424691552786,0.301953818827709,0.511745796818608
"cerebellar cortex development",-1.08063093028247,0.303178484107579,0.513256155870985
"regulation of nervous system development",1.05070641425149,0.303353658536585,0.513256155870985
"regulation of dendritic spine development",1.10666649763856,0.305227655986509,0.515370759290105
"nephron epithelium development",1.08760982229778,0.305172413793103,0.515370759290105
"cell killing",-1.06718849736825,0.305,0.515370759290105
"negative regulation of endothelial cell migration",1.08961529585483,0.306086956521739,0.516469612605142
"positive regulation of myoblast differentiation",-1.08244737487966,0.306487695749441,0.51679375246519
"female sex differentiation",-1.08750063980666,0.306954436450839,0.517161746252459
"odontogenesis of dentin-containing tooth",1.08003872231133,0.307300509337861,0.517161746252459
"GO:0042886",1.05580942851038,0.307332293291732,0.517161746252459
"regulation of mesenchymal cell proliferation",1.09734520567167,0.310104529616725,0.521472450686101
"regulation of cell growth",1.04664477570935,0.311349693251534,0.523211119527849
"regulation of release of cytochrome c from mitochondria",1.08612370186769,0.311711711711712,0.523464345701634
"cyclic nucleotide metabolic process",1.09510531281478,0.312829525483304,0.524790552646245
"regulation of wound healing",1.07372732684979,0.312925170068027,0.524790552646245
"cellular oxidant detoxification",1.08588844084925,0.313380281690141,0.525009368120287
"positive regulation of leukocyte migration",1.08303465638087,0.31369150779896,0.525009368120287
"regulation of lymphocyte mediated immunity",-1.06751207608318,0.313624678663239,0.525009368120287
"endocrine system development",1.07232788067746,0.314091680814941,0.525324168385286
"regulation of chemotaxis",1.07489383954489,0.314332247557003,0.5253717794863
"regulation of endothelial cell differentiation",1.10104955018764,0.314586994727592,0.525443011422958
"insulin secretion involved in cellular response to glucose stimulus",1.07868136571375,0.314878892733564,0.525576157210942
"regulation of reactive oxygen species biosynthetic process",1.09353835158075,0.316163410301954,0.526874464184297
"endothelial cell development",1.0800715605921,0.316239316239316,0.526874464184297
"positive regulation of response to wounding",1.07684102156321,0.316608996539792,0.526874464184297
"GO:0043604",1.07581863286857,0.316720257234727,0.526874464184297
"taxis",1.05094315260582,0.31651376146789,0.526874464184297
"regulation of signaling receptor activity",-1.08932029923508,0.317307692307692,0.527497418688694
"negative regulation of neuron apoptotic process",1.07215105256768,0.317741935483871,0.527865039700569
"renal tubule development",1.08628888612019,0.320490367775832,0.532074156153308
"atrioventricular valve development",1.08298333615275,0.321492007104796,0.532309960961617
"feeding behavior",1.07481552146303,0.321367521367521,0.532309960961617
"non-canonical Wnt signaling pathway",1.07231735059381,0.321367521367521,0.532309960961617
"odontogenesis",1.06921136284044,0.32088285229202,0.532309960961617
"cholesterol efflux",1.08834598718667,0.322033898305085,0.532495304473762
"GO:0006626",1.07941742517114,0.321917808219178,0.532495304473762
"regulation of microtubule depolymerization",-1.08255723399711,0.322505800464037,0.532919858405217
"defense response to Gram-positive bacterium",1.07387426924516,0.322916666666667,0.533243055555556
"hormone metabolic process",1.06675771857038,0.324590163934426,0.535649457738557
"formation of primary germ layer",1.07391194058107,0.325082508250825,0.535748085786623
"nucleoside metabolic process",-1.06533742870483,0.324942791762014,0.535748085786623
"striated muscle cell proliferation",1.06719107522251,0.325823223570191,0.536611785095321
"insulin secretion",1.06637840276653,0.327447833065811,0.538929091364793
"xenobiotic metabolic process",1.075933089421,0.329931972789116,0.542657036254077
"release of cytochrome c from mitochondria",1.0791333183357,0.330508474576271,0.543244519923971
"regulation of cellular senescence",-1.08621037269389,0.330985915492958,0.543668509732133
"negative regulation of protein serine/threonine kinase activity",1.0877012893425,0.332727272727273,0.545810330167778
"regulation of cellular extravasation",1.08734258654252,0.332730560578662,0.545810330167778
"antimicrobial humoral immune response mediated by antimicrobial peptide",1.07342473879626,0.333333333333333,0.546437238032208
"neuron projection arborization",1.08608975020067,0.334494773519164,0.54725465918558
"fatty acid derivative metabolic process",-1.06408479297687,0.334123222748815,0.54725465918558
"axoneme assembly",1.06395580125951,0.334488734835355,0.54725465918558
"negative regulation of hemopoiesis",1.06194126976913,0.337931034482759,0.552511664959599
"regulation of mitochondrion organization",1.06199245542767,0.338954468802698,0.553136374801813
"columnar/cuboidal epithelial cell differentiation",-1.06131390466298,0.338983050847458,0.553136374801813
"regulation of cytoplasmic pattern recognition receptor signaling pathway",-1.05574050835031,0.338862559241706,0.553136374801813
"dicarboxylic acid metabolic process",1.07998312430072,0.341463414634146,0.556450577663671
"regulation of insulin secretion",1.06002225479818,0.341463414634146,0.556450577663671
"somatic stem cell population maintenance",1.08030949102202,0.34192439862543,0.556469602756366
"hippocampus development",-1.06779295386213,0.34192037470726,0.556469602756366
"lymphocyte differentiation",-1.03595842613436,0.342939481268012,0.557755151083956
"dendritic cell differentiation",1.0705750313442,0.343915343915344,0.558768141984353
"cell recognition",1.06039718788473,0.344013490725126,0.558768141984353
"negative regulation of wound healing",1.07755585367649,0.344768439108062,0.55926091923423
"positive regulation of vasculature development",1.06319636465749,0.344715447154472,0.55926091923423
"positive regulation of small GTPase mediated signal transduction",1.07093484248813,0.345890410958904,0.560041199819123
"cellular response to fatty acid",-1.06185343983723,0.345982142857143,0.560041199819123
"glycosaminoglycan metabolic process",-1.05820002981714,0.346153846153846,0.560041199819123
"leukocyte adhesion to vascular endothelial cell",1.05686841406701,0.345878136200717,0.560041199819123
"cell differentiation involved in kidney development",1.06780003165223,0.34641638225256,0.560100116736025
"dicarboxylic acid transport",1.0693584268587,0.348122866894198,0.562492068686842
"positive regulation of stress fiber assembly",1.07244165078073,0.349315068493151,0.56405047239735
"Wnt signaling pathway, planar cell polarity pathway",1.06154217877471,0.349565217391304,0.56408667327574
"cellular response to abiotic stimulus",-1.02999234614131,0.349862258953168,0.564198447543618
"receptor catabolic process",1.06823837382982,0.351985559566787,0.567089140826755
"neutral amino acid transport",-1.05519779066139,0.352112676056338,0.567089140826755
"establishment of organelle localization",-1.02741548576293,0.352601156069364,0.567506863927105
"cerebral cortex cell migration",1.06882186074909,0.353251318101933,0.567815389317644
"eye photoreceptor cell differentiation",1.05457651405993,0.353153153153153,0.567815389317644
"regulation of postsynapse assembly",-1.07117792049632,0.353629976580796,0.568034298818485
"mesoderm morphogenesis",1.05142975663177,0.353846153846154,0.568034298818485
"regulation of alcohol biosynthetic process",1.05120689651895,0.354166666666667,0.568180591537133
"positive regulation of protein transport",1.04089640268815,0.354735152487962,0.568724254182965
"negative regulation of actin filament bundle assembly",1.06451842330531,0.356088560885609,0.56978770369099
"synapse maturation",1.05503268505131,0.355752212389381,0.56978770369099
"establishment of cell polarity",-1.03205360248041,0.356020942408377,0.56978770369099
"peptide transport",1.0350045294842,0.356466876971609,0.570024825215413
"endochondral bone morphogenesis",-1.04437146274182,0.358173076923077,0.572383684863524
"negative regulation of post-translational protein modification",-1.04943454329949,0.358490566037736,0.572521684123451
"vascular endothelial growth factor production",1.06051020427522,0.361818181818182,0.577021722183012
"neuron recognition",1.06009808080958,0.361921097770154,0.577021722183012
"blood vessel remodeling",1.04819711755916,0.362007168458781,0.577021722183012
"regulation of intracellular steroid hormone receptor signaling pathway",-1.05205241290153,0.36319612590799,0.578544568407776
"chondrocyte differentiation",1.0518523305298,0.36424957841484,0.57953481970823
"digestive tract morphogenesis",-1.05009983955638,0.364285714285714,0.57953481970823
"positive regulation of lipid biosynthetic process",1.05895751788982,0.36472602739726,0.579862881811947
"regulation of glycoprotein metabolic process",1.05363973544256,0.365079365079365,0.580052333099158
"interleukin-2 production",1.05875284997229,0.365351629502573,0.580112811716585
"cellular response to topologically incorrect protein",1.05832447705589,0.366336633663366,0.580615902026396
"skeletal muscle tissue regeneration",1.04719429521996,0.366371681415929,0.580615902026396
"regulation of lymphocyte apoptotic process",-1.04524135404382,0.366359447004608,0.580615902026396
"modulation of excitatory postsynaptic potential",1.05644227706157,0.366723259762309,0.58080147981537
"apoptotic cell clearance",1.06189881068877,0.367595818815331,0.581811401409313
"vesicle targeting, to, from or within Golgi",1.05689913695488,0.369068541300527,0.583396794385071
"GO:0051092",-1.04399140612517,0.369047619047619,0.583396794385071
"positive regulation of dendritic spine development",1.0395849917081,0.369369369369369,0.583499954035668
"fibroblast migration",1.05470173457287,0.36986301369863,0.583907383640221
"amino acid biosynthetic process",-1.04403854047385,0.370283018867925,0.584198113207547
"negative regulation of cell activation",1.03987100176465,0.370550161812298,0.584247454366048
"development of primary female sexual characteristics",-1.05183791168288,0.3729216152019,0.58686584552421
"purine-containing compound transmembrane transport",1.05028433301242,0.372693726937269,0.58686584552421
"innervation",1.04786493010622,0.372727272727273,0.58686584552421
"positive regulation of organ growth",1.04661433988463,0.373263888888889,0.587031525573192
"multicellular organismal-level water homeostasis",1.05147773792085,0.374340949033392,0.588351859616568
"intracellular receptor signaling pathway",1.02900742947377,0.374810318664643,0.588716017331846
"mesodermal cell differentiation",1.0477381921495,0.375451263537906,0.58934903661812
"cerebellar cortex morphogenesis",-1.04986168885733,0.375870069605568,0.589632781768837
"cell surface receptor signaling pathway via STAT",1.03538107352827,0.37649063032368,0.590232462855541
"modification of synaptic structure",1.04102448520183,0.376991150442478,0.590643314134104
"response to auditory stimulus",1.04551639800368,0.377938517179023,0.591753291436436
"antimicrobial humoral response",1.03956870970288,0.379426644182125,0.593333205580254
"regulation of cell-substrate junction organization",1.03867819644213,0.379251700680272,0.593333205580254
"regulation of phospholipid metabolic process",1.04362373034153,0.380073800738007,0.593970223613908
"positive regulation of fibroblast proliferation",1.04198114320903,0.38160136286201,0.595075075075075
"sulfur compound transport",-1.04179683971583,0.381861575178998,0.595075075075075
"L-glutamate transmembrane transport",1.03941143910476,0.381918819188192,0.595075075075075
"positive regulation of post-translational protein modification",-1.03137171612623,0.381074168797954,0.595075075075075
"regulation of long-term synaptic potentiation",1.03107370304608,0.381981981981982,0.595075075075075
"regulation of lysosomal lumen pH",-1.04781714633832,0.382608695652174,0.595647903088528
"response to antibiotic",-1.04432111023544,0.382830626450116,0.595647903088528
"positive regulation of calcium-mediated signaling",1.04066294810512,0.383802816901408,0.596037352642501
"fibroblast proliferation",-1.03293759596432,0.383693045563549,0.596037352642501
"positive regulation of establishment of protein localization",1.02380493388065,0.38366718027735,0.596037352642501
"regulation of hydrolase activity",1.04690014170186,0.385483870967742,0.597456262357969
"acylglycerol homeostasis",1.03596983175749,0.385608856088561,0.597456262357969
"response to glucagon",1.03558469113039,0.385171790235081,0.597456262357969
"negative regulation of intracellular protein transport",-1.03398390997132,0.38568129330254,0.597456262357969
"response to corticosteroid",1.0439390361351,0.386776859504132,0.598778925619835
"T-helper 1 cell differentiation",-1.03308414897468,0.387243735763098,0.599127253894562
"GO:1903050",-1.016679303124,0.388586956521739,0.600830144384736
"myeloid leukocyte migration",1.04022478449172,0.389337641357027,0.601337956950941
"cell-cell recognition",-1.0324448593847,0.389400921658986,0.601337956950941
"collagen metabolic process",1.03762671726853,0.390243902439024,0.6018892567506
"positive regulation of signal transduction by p53 class mediator",-1.03390856823047,0.39018691588785,0.6018892567506
"establishment or maintenance of cell polarity",1.02141934203431,0.391167192429022,0.602937856656309
"motor behavior",1.0403084263091,0.391696750902527,0.603378639294502
"cell surface receptor signaling pathway via JAK-STAT",1.04064295390599,0.392123287671233,0.603660275675354
"ubiquitin-dependent protein catabolic process via the multivesicular body sorting pathway",1.03809394270338,0.393298059964727,0.604244049704844
"positive regulation of translational initiation",-1.03585309570205,0.393478260869565,0.604244049704844
"coronary vasculature development",1.03581774800938,0.39304347826087,0.604244049704844
"developmental pigmentation",1.02446663189698,0.392792792792793,0.604244049704844
"proteinogenic amino acid biosynthetic process",-1.0224113216533,0.393736017897092,0.604265251754087
"substrate adhesion-dependent cell spreading",1.03215532680884,0.395904436860068,0.60684114486534
"regulated exocytosis",1.03018775720377,0.395866454689984,0.60684114486534
"positive regulation of TOR signaling",1.0284030868083,0.396258503401361,0.607008233101528
"macrophage differentiation",1.04090125489562,0.397941680960549,0.609209853979777
"cilium organization",1.02058664275783,0.398496240601504,0.60968201851138
"cortical cytoskeleton organization",-1.02469629175518,0.399038461538462,0.610134734093068
"embryonic placenta development",1.04331015635254,0.399653979238754,0.610698893630101
"regulation of cellular respiration",1.02624343767415,0.4,0.610850801479655
"ensheathment of neurons",1.03353957958042,0.40032414910859,0.610969141923584
"monocyte differentiation",1.03430326487297,0.400702987697715,0.611170751556183
"cellular response to ketone",1.03497125809642,0.402061855670103,0.612222124722125
"cellular response to unfolded protein",1.02395326245721,0.402044293015332,0.612222124722125
"protein-containing complex disassembly",1.02232158000322,0.402208201892744,0.612222124722125
"positive regulation of protein ubiquitination",-1.02181573732149,0.402380952380952,0.612222124722125
"positive regulation of insulin secretion involved in cellular response to glucose stimulus",1.03713630905077,0.403197158081705,0.613087391386362
"positive regulation of extrinsic apoptotic signaling pathway",1.03233277251258,0.403747870528109,0.613486232494016
"intrinsic apoptotic signaling pathway",-1.0155566719293,0.403954802259887,0.613486232494016
"regulation of p38MAPK cascade",1.0285570802314,0.404553415061296,0.614018878129185
"positive regulation of actin filament polymerization",1.02778207191581,0.405451448040886,0.615005043966488
"neural precursor cell proliferation",-1.01622789299144,0.405759162303665,0.615095131594968
"amino acid transport",1.03299112140461,0.406611570247934,0.615685254247779
"positive regulation of protein catabolic process",1.026583081036,0.406645569620253,0.615685254247779
"Fc receptor mediated stimulatory signaling pathway",-1.02365804896874,0.407572383073497,0.616711541156415
"neuron apoptotic process",1.02024593886196,0.408163265306122,0.61722857641225
"polyol metabolic process",1.02695275442354,0.409407665505227,0.618732634201614
"positive regulation of cytokine production involved in immune response",-1.02997562589132,0.411057692307692,0.619713879395103
"zymogen activation",1.02233255990039,0.410434782608696,0.619713879395103
"positive regulation of protein serine/threonine kinase activity",-1.01729782062509,0.410798122065728,0.619713879395103
"regulation of gliogenesis",-1.01308849302584,0.410926365795724,0.619713879395103
"energy homeostasis",1.03364066735785,0.411965811965812,0.620065876152833
"regulation of axonogenesis",1.03108864291105,0.41304347826087,0.620065876152833
"epithelial to mesenchymal transition",1.02419314371125,0.412238325281804,0.620065876152833
"stem cell division",-1.02181183550153,0.412946428571429,0.620065876152833
"metanephros development",1.01851943058974,0.412563667232598,0.620065876152833
"aminoglycan metabolic process",-1.01490097168856,0.412470023980815,0.620065876152833
"vesicle coating",1.01434304192432,0.412612612612613,0.620065876152833
"regulation of extent of cell growth",1.02824535408998,0.414089347079038,0.621259426235479
"tetrapyrrole metabolic process",1.02042406447009,0.414839797639123,0.622008582779726
"stem cell development",1.03295494339501,0.41522491349481,0.6222093833797
"fatty acid transport",1.02453856798501,0.416382252559727,0.623189631172474
"central nervous system neuron axonogenesis",1.01038874901812,0.416216216216216,0.623189631172474
"positive regulation of ubiquitin-dependent protein catabolic process",1.02804385020859,0.416666666666667,0.623238727858293
"regulation of cholesterol efflux",1.02894526012802,0.41740674955595,0.623968930989794
"regulation of immune effector process",1.0142363658996,0.417701863354037,0.624033483430609
"establishment of endothelial barrier",1.02020920922297,0.420240137221269,0.62669164352624
"positive regulation of regulated secretory pathway",-1.01813637273417,0.42018779342723,0.62669164352624
"negative regulation of osteoblast differentiation",1.01423498089735,0.420138888888889,0.62669164352624
"protein polymerization",1.01256484063997,0.421216848673947,0.627770237163277
"lipid homeostasis",1.02194627588478,0.424390243902439,0.631360140628433
"positive regulation of interleukin-1 production",1.01670970017223,0.424190800681431,0.631360140628433
"plasma membrane repair",1.01164855351765,0.424354243542435,0.631360140628433
"osteoblast differentiation",1.01707036460642,0.424679487179487,0.631411218333487
"establishment of epithelial cell polarity",1.0082303239603,0.4249547920434,0.631441523630174
"corpus callosum development",1.01014848661495,0.42619926199262,0.632911014361942
"regulation of membrane lipid distribution",-1.01473433088059,0.427872860635697,0.635015623603727
"positive regulation of TORC1 signaling",1.01021280262072,0.428330522765599,0.635314194545142
"endothelium development",1.02037392886974,0.429752066115702,0.636660207995571
"cellular response to hydrogen peroxide",-1.01113192786518,0.429594272076372,0.636660207995571
"proteoglycan metabolic process",-1.00796832056358,0.430317848410758,0.636926656569363
"lymphocyte activation involved in immune response",-1.00551563764183,0.430446194225722,0.636926656569363
"modified amino acid metabolic process",1.01772046199861,0.432475884244373,0.638015151515152
"regulation of protein secretion",1.01389163667326,0.432692307692308,0.638015151515152
"negative regulation of endocytosis",1.01367192029479,0.432291666666667,0.638015151515152
"positive regulation of sterol transport",1.01175375852657,0.432727272727273,0.638015151515152
"spermatid differentiation",-1.01066258333921,0.431578947368421,0.638015151515152
"macromolecule deacylation",-1.0025705465848,0.431924882629108,0.638015151515152
"dorsal/ventral pattern formation",-1.01870520339531,0.433414043583535,0.638647582365507
"amine transport",1.0110220993741,0.433962264150943,0.639075224911942
"Notch signaling pathway",1.01171198461039,0.435275080906149,0.640627674037154
"macrophage activation",1.01991190911419,0.437177280550775,0.642282398531595
"negative regulation of alpha-beta T cell activation",1.01533244541248,0.436944937833037,0.642282398531595
"L-alpha-amino acid transmembrane transport",-1.00696892714613,0.436754176610979,0.642282398531595
"regulation of cilium assembly",1.00602608906073,0.438030560271647,0.643005979570218
"regulation of protein maturation",0.999958616455052,0.438448566610455,0.643005979570218
"T-helper 17 type immune response",0.999509582430166,0.438448566610455,0.643005979570218
"chondroitin sulfate proteoglycan biosynthetic process",-1.00236836493038,0.438752783964365,0.643071388094516
"regulation of autophagy of mitochondrion",1.00723569438634,0.440273037542662,0.644917985803178
"protein localization to extracellular region",1.00528587392693,0.440809968847352,0.645322868105727
"organic acid transport",1.00286344822139,0.441130298273155,0.645410365518373
"erythrocyte homeostasis",1.01238876466882,0.443017656500803,0.647736586143666
"prostate gland development",0.998096924750015,0.443243243243243,0.647736586143666
"positive regulation of phosphorylation",1.0062189895908,0.4446227929374,0.647880399392229
"pteridine-containing compound metabolic process",-1.00484069309828,0.44392523364486,0.647880399392229
"hematopoietic progenitor cell differentiation",-1.0045324961712,0.444444444444444,0.647880399392229
"postsynaptic modulation of chemical synaptic transmission",1.00304189380111,0.444649446494465,0.647880399392229
"activation of protein kinase activity",-0.999908331509884,0.443661971830986,0.647880399392229
"urogenital system development",-1.00840896949654,0.444987775061125,0.647992192137805
"monocyte chemotaxis",1.01045396462269,0.44582593250444,0.648450284682031
"negative regulation of phosphatidylinositol 3-kinase/protein kinase B signal transduction",1.00678690251172,0.44578313253012,0.648450284682031
"positive regulation of hydrolase activity",1.01185231070724,0.446180555555556,0.648585232459572
"diol metabolic process",-0.999660770673989,0.446469248291572,0.648624239306876
"retrograde vesicle-mediated transport, Golgi to endoplasmic reticulum",1.000669393438,0.446880269814503,0.648840813792803
"regulation of non-canonical NF-kappaB signal transduction",1.02109746608432,0.448096885813149,0.649845425151738
"respiratory system process",0.99490761618668,0.448028673835125,0.649845425151738
"morphogenesis of a polarized epithelium",-1.00471388970997,0.449877750611247,0.651665022376642
"fear response",0.99655741891715,0.449652777777778,0.651665022376642
"cellular response to heat",-0.99603775619524,0.451306413301663,0.65335241715267
"positive regulation of type I interferon production",-0.993753695053699,0.451612903225806,0.653414229725656
"negative regulation of catalytic activity",-0.998809947477216,0.452196382428941,0.653876496950663
"lung morphogenesis",1.00158441156527,0.452667814113597,0.654176298459382
"myeloid cell homeostasis",1.00048850527478,0.453376205787781,0.654817995181536
"regulation of programmed necrotic cell death",0.997828169813791,0.454545454545455,0.656124178851452
"negative regulation of catabolic process",1.00271659442525,0.45565749235474,0.657346306675999
"ceramide metabolic process",-0.999076805524687,0.456937799043062,0.658809620622622
"superoxide anion generation",0.994199444421659,0.45750452079566,0.659242988953374
"ribosome disassembly",0.999041014872258,0.458262350936968,0.65995107166911
"cardiac muscle cell proliferation",0.998154647278407,0.459044368600683,0.660693144116148
"GO:0006643",-0.998235892748935,0.46031746031746,0.662140737053629
"regulation of macrophage migration",0.991474471415465,0.461254612546125,0.663103700102584
"post-embryonic development",1.00269477560177,0.464098073555166,0.666568932623757
"epithelial cell morphogenesis",-0.995643836642217,0.464203233256351,0.666568932623757
"regulation of cell junction assembly",0.995204872308274,0.464678178963893,0.666864339104035
"negative regulation of extrinsic apoptotic signaling pathway",1.00639763916859,0.465156794425087,0.667164666931639
"protein O-linked glycosylation via xylose",-0.988023023731754,0.466346153846154,0.668483462428775
"regulation of epidermis development",-0.996466498711076,0.466992665036675,0.669023037186723
"regulation of postsynapse organization",1.0021863233252,0.468699839486356,0.669146687266689
"T cell migration",0.994000938226165,0.468267581475129,0.669146687266689
"regulation of receptor internalization",0.991887261599808,0.468590831918506,0.669146687266689
"postsynaptic specialization assembly",0.988541982642229,0.467372134038801,0.669146687266689
"autonomic nervous system development",0.982933466883224,0.468468468468468,0.669146687266689
"glycerophospholipid catabolic process",0.982644624730218,0.468354430379747,0.669146687266689
"response to retinoic acid",0.996538059336537,0.469178082191781,0.6691526205718
"phenol-containing compound biosynthetic process",0.989390584266248,0.469244288224956,0.6691526205718
"positive chemotaxis",0.991703555442544,0.469982847341338,0.669766722541507
"cytokine production involved in immune response",0.989956235463042,0.470288624787776,0.669766722541507
"regulation of amyloid precursor protein catabolic process",0.988199910264506,0.470486111111111,0.669766722541507
"activation of innate immune response",-0.996652844658935,0.471544715447154,0.670888144837795
"regulation of intrinsic apoptotic signaling pathway by p53 class mediator",-0.977709400944192,0.473214285714286,0.672877029686731
"negative regulation of TOR signaling",0.980773110555,0.473504273504273,0.67290308977056
"morphogenesis of embryonic epithelium",-0.984263191425483,0.474226804123711,0.673157474965291
"endothelial cell chemotaxis",0.981225262975261,0.474169741697417,0.673157474965291
"telencephalon development",-0.990562952869894,0.474860335195531,0.673670704627337
"animal organ formation",0.987071148349024,0.475694444444444,0.674074746008708
"interferon-beta production",-0.98188996189731,0.475961538461538,0.674074746008708
"tissue regeneration",0.976639152845802,0.475778546712803,0.674074746008708
"T cell differentiation involved in immune response",0.995357292558001,0.477815699658703,0.675541945236648
"organelle disassembly",0.992429604312812,0.477739726027397,0.675541945236648
"positive regulation of response to biotic stimulus",-0.991141402991898,0.477777777777778,0.675541945236648
"axo-dendritic transport",0.986427982062372,0.478260869565217,0.675785609762147
"cell-cell junction assembly",1.00089226962148,0.479474548440066,0.676728465234212
"L-amino acid catabolic process",0.977902423698822,0.479381443298969,0.676728465234212
"positive regulation of endothelial cell proliferation",0.998805957649399,0.480206540447504,0.677375626815756
"positive regulation of protein polymerization",0.989928811436151,0.480968858131488,0.678064804548489
"L-amino acid metabolic process",-0.988292274750989,0.482849604221636,0.68032904986177
"protein catabolic process in the vacuole",0.979432074496683,0.483394833948339,0.680710064633335
"protein insertion into membrane",-0.986384083821177,0.484560570071259,0.681576679197336
"inner ear receptor cell stereocilium organization",0.976090517382362,0.484320557491289,0.681576679197336
"protein localization to mitochondrion",0.973284510492467,0.486254295532646,0.683570879701682
"negative regulation of cell cycle G1/S phase transition",-0.975734040026887,0.486935866983373,0.684140750151909
"morphogenesis of a branching structure",0.992524276742616,0.488076311605723,0.685354321908944
"T cell activation involved in immune response",0.98426182480914,0.489583333333333,0.686859079847928
"regulation of stress-activated protein kinase signaling cascade",-0.972048260803343,0.489702517162471,0.686859079847928
"ephrin receptor signaling pathway",-0.980229683114022,0.490430622009569,0.687491030400511
"GO:0046467",-0.986329874540556,0.491002570694087,0.687611039328111
"amine biosynthetic process",-0.960098849538235,0.491071428571429,0.687611039328111
"positive regulation of cell junction assembly",0.99249898808949,0.491408934707904,0.687694876424564
"cerebral cortex radially oriented cell migration",0.967528159284103,0.491862567811935,0.687941039226518
"cell surface pattern recognition receptor signaling pathway",0.976069443365467,0.493174061433447,0.689386089261088
"mesenchymal cell migration",0.981572090891295,0.493975903614458,0.690078136594536
"embryonic axis specification",-0.975303832162628,0.494226327944573,0.690078136594536
"regulation of neuron apoptotic process",0.982648279006348,0.495297805642633,0.690695914275471
"respiratory gaseous exchange by respiratory system",0.974464088829795,0.495755517826825,0.690695914275471
"positive regulation of epithelial to mesenchymal transition",0.968712093064843,0.495784148397976,0.690695914275471
"negative regulation of G protein-coupled receptor signaling pathway",0.968522471764633,0.495784148397976,0.690695914275471
"digestion",0.988513142684866,0.497418244406196,0.692206140266348
"photoreceptor cell differentiation",0.977042127082273,0.497427101200686,0.692206140266348
"cellular response to retinoic acid",0.972441636189291,0.498293515358362,0.693022480372073
"regulation of ubiquitin-dependent protein catabolic process",0.982896840507361,0.499197431781701,0.693112129217082
"mesonephric tubule morphogenesis",0.975830273897532,0.499142367066895,0.693112129217082
"regulation of inflammatory response to antigenic stimulus",0.965527992216402,0.499124343257443,0.693112129217082
"pigment metabolic process",0.969765765206224,0.5,0.693837535014006
"negative regulation of Notch signaling pathway",0.964188872139485,0.500900900900901,0.694698505896714
"synaptic transmission, GABAergic",0.975999897499181,0.502546689303905,0.696591018134176
"macrophage chemotaxis",0.965261010231395,0.503636363636364,0.697711002643889
"neuromuscular junction development",0.971415463737701,0.504302925989673,0.697742969099753
"embryonic cranial skeleton morphogenesis",-0.966958500026112,0.504504504504504,0.697742969099753
"catecholamine transport",0.962141848748452,0.504504504504504,0.697742969099753
"positive regulation of leukocyte cell-cell adhesion",-0.986275305044284,0.505291005291005,0.697887909192257
"regulation of neuron migration",0.969705720955779,0.505208333333333,0.697887909192257
"ligand-gated ion channel signaling pathway",0.960800374044952,0.505454545454545,0.697887909192257
"protein K11-linked ubiquitination",-0.953892106641523,0.505773672055427,0.697939490630247
"negative regulation of epithelial cell differentiation",0.968215082751531,0.506172839506173,0.698101405042756
"maintenance of protein localization in organelle",0.968250253226896,0.506944444444444,0.698776510233104
"amino acid catabolic process",0.983392521400151,0.507772020725389,0.699026828650974
"embryonic eye morphogenesis",-0.962318973579289,0.507972665148064,0.699026828650974
"cerebellar Purkinje cell layer development",-0.961962285974778,0.507795100222717,0.699026828650974
"endoderm development",0.976252746010788,0.508650519031142,0.69957098036654
"nuclear-transcribed mRNA poly(A) tail shortening",-0.959981873667361,0.509345794392523,0.700138475421909
"regulation of erythrocyte differentiation",0.97176668867765,0.512776831345826,0.704463788820639
"regulation of protein stability",0.984963259292111,0.513761467889908,0.705209295167744
"amyloid-beta formation",0.965228007800767,0.513888888888889,0.705209295167744
"response to food",0.956527164694735,0.514886164623468,0.706186616706716
"positive regulation of interleukin-6 production",-0.9580881290455,0.515439429928741,0.706554215790532
"mammary gland morphogenesis",0.963503949665485,0.516129032258065,0.707108192977448
"protein stabilization",-0.980757351856118,0.516666666666667,0.707176687110309
"positive regulation of epithelial cell proliferation",0.974024352620886,0.51685393258427,0.707176687110309
"nucleus localization",-0.965108711788397,0.517321016166282,0.707176687110309
"neutral lipid catabolic process",-0.963526696619563,0.517321016166282,0.707176687110309
"negative regulation of protein modification process",0.976204013759927,0.518282988871224,0.707320641010481
"tumor necrosis factor superfamily cytokine production",-0.971098452255331,0.518041237113402,0.707320641010481
"positive regulation of miRNA metabolic process",0.962799773498056,0.518072289156627,0.707320641010481
"positive regulation of intracellular protein transport",-0.967412426667356,0.518691588785047,0.707488472147886
"positive regulation of binding",-0.954126472750701,0.519015659955257,0.70754088591589
"regulation of T cell activation",-0.981456657467618,0.519337016574586,0.707589543484735
"positive regulation of immune effector process",-0.982394486372391,0.519893899204244,0.707958872088462
"mammary gland development",0.984647192760513,0.521452145214521,0.70803516864786
"negative regulation of response to external stimulus",0.9814127906652,0.522342064714946,0.70803516864786
"regulation of binding",-0.965276982077374,0.521739130434783,0.70803516864786
"sensory perception of pain",0.961379018494197,0.521514629948365,0.70803516864786
"prostanoid metabolic process",-0.955310295783798,0.522522522522523,0.70803516864786
"entrainment of circadian clock",0.954985922393262,0.522140221402214,0.70803516864786
"epithelial structure maintenance",0.954337489537577,0.522140221402214,0.70803516864786
"oligodendrocyte development",-0.952636020398744,0.521028037383178,0.70803516864786
"neurotransmitter receptor localization to postsynaptic specialization membrane",-0.947908900299126,0.521640091116173,0.70803516864786
"regulation of organelle assembly",-0.977569641681104,0.524324324324324,0.710088218344096
"host-mediated perturbation of viral process",-0.957209526015237,0.526190476190476,0.712006668774613
"regulation of cytoplasmic translation",-0.942539902863008,0.526315789473684,0.712006668774613
"positive regulation of interleukin-2 production",-0.936733880046693,0.528604118993135,0.71471201023253
"regulation of cell projection assembly",0.970278288106061,0.530708661417323,0.717166041642503
"regulation of protein exit from endoplasmic reticulum",0.946850912087348,0.531365313653137,0.717661876727819
"receptor localization to synapse",0.943984811214647,0.532312925170068,0.718549926782702
"cardiac epithelial to mesenchymal transition",0.955503794446065,0.532743362831858,0.718675338716506
"regulation of filopodium assembly",0.951625106805962,0.532986111111111,0.718675338716506
"developmental maturation",-0.979314739071359,0.533898305084746,0.719122404401803
"anterior/posterior pattern specification",-0.971987861636927,0.533854166666667,0.719122404401803
"central nervous system neuron differentiation",0.974828583375486,0.53577106518283,0.719298064204807
"positive regulation of protein-containing complex assembly",0.973899016663376,0.53577106518283,0.719298064204807
"glial cell development",0.967335975666362,0.534923339011925,0.719298064204807
"vascular transport",0.961771167317133,0.535283993115318,0.719298064204807
"response to amyloid-beta",0.955937400551424,0.535211267605634,0.719298064204807
"positive regulation of protein localization to mitochondrion",0.94708512467195,0.534843205574913,0.719298064204807
"vesicle transport along microtubule",-0.945714345521023,0.536407766990291,0.719611235094484
"steroid hormone biosynthetic process",0.94542909446186,0.536585365853659,0.719611235094484
"positive regulation of gliogenesis",-0.942735680487539,0.537530266343826,0.720488349422974
"sulfur compound catabolic process",0.941319426057725,0.538745387453875,0.721726514182394
"cell differentiation in spinal cord",-0.953899061539244,0.540415704387991,0.723572810685975
"axonal transport",0.941031012350203,0.541237113402062,0.724281107453759
"osteoclast differentiation",0.966506651920935,0.546247818499127,0.729803584909568
"regulation of fatty acid biosynthetic process",0.950297991144602,0.545774647887324,0.729803584909568
"regulation of behavior",0.937602396718332,0.546075085324232,0.729803584909568
"regulation of CD4-positive, alpha-beta T cell differentiation",0.950087661246764,0.546875,0.730247641509434
"positive regulation of plasma membrane bounded cell projection assembly",-0.947637632948645,0.547215496368039,0.730308612340319
"porphyrin-containing compound metabolic process",0.941884880282661,0.547826086956522,0.730729788579054
"GO:0051090",-0.966044431172175,0.549738219895288,0.731807087012299
"signal transduction in absence of ligand",0.948909975762457,0.549053356282272,0.731807087012299
"positive regulation of alpha-beta T cell differentiation",-0.937124339537323,0.54954954954955,0.731807087012299
"regulation of kidney development",0.932465070489352,0.549815498154982,0.731807087012299
"positive regulation of cell development",0.972474429911278,0.55052790346908,0.732361770619179
"gland development",0.974527651272964,0.551145038167939,0.732789189233486
"labyrinthine layer development",0.946440175542538,0.552083333333333,0.732856600571633
"regulation of cardiac muscle cell proliferation",0.940707986663185,0.552028218694885,0.732856600571633
"extracellular matrix disassembly",0.938823413010574,0.551546391752577,0.732856600571633
"insulin receptor signaling pathway",0.966213226911628,0.552631578947368,0.73319144137795
"response to molecule of bacterial origin",0.961538826639176,0.553291536050157,0.733674055030106
"protein autoubiquitination",0.940539144370285,0.553846153846154,0.7340165452525
"membrane invagination",-0.95083366741482,0.555288461538462,0.735534502262444
"modulation of process of another organism",-0.952696327363547,0.556626506024096,0.736125923877035
"positive regulation of lamellipodium organization",-0.945094804967187,0.556581986143187,0.736125923877035
"protein monoubiquitination",0.933248232327459,0.556313993174061,0.736125923877035
"intracellular glucose homeostasis",0.96390640696878,0.556982343499197,0.736203449758544
"maternal process involved in female pregnancy",-0.937382461608431,0.557377049180328,0.736332240437158
"embryonic organ development",0.971465731192724,0.558558558558559,0.737252593147578
"negative regulation of smoothened signaling pathway",0.934975585984923,0.558669001751314,0.737252593147578
"cell fate commitment",0.960196925883053,0.561014263074485,0.73799973961463
"regulation of production of molecular mediator of immune response",-0.956556445273312,0.560102301790281,0.73799973961463
"leukocyte homeostasis",-0.94825115186942,0.561032863849765,0.73799973961463
"peptidyl-serine modification",-0.94706339562001,0.561320754716981,0.73799973961463
"calcium-ion regulated exocytosis",0.945970484633068,0.560763888888889,0.73799973961463
"lipopolysaccharide-mediated signaling pathway",0.938779683715257,0.560477001703578,0.73799973961463
"retinol metabolic process",0.936945205685515,0.560632688927944,0.73799973961463
"lamellipodium organization",0.946898659373422,0.561739130434783,0.738157997924115
"axis specification",-0.947495224497817,0.56280193236715,0.739162453061204
"T cell receptor signaling pathway",0.964587258772702,0.564784053156146,0.740979925671491
"glycosphingolipid metabolic process",-0.943365196791895,0.564705882352941,0.740979925671491
"phospholipid catabolic process",0.934952679529479,0.565587734241908,0.74164151282012
"carboxylic acid transmembrane transport",0.955008015291335,0.567213114754098,0.74298618997668
"regulation of mitochondrial membrane potential",0.927123390296689,0.56701030927835,0.74298618997668
"regulation of exocytosis",0.948202614759633,0.567783094098884,0.743339706174913
"negative regulation of cell projection organization",0.955634780079378,0.568438003220612,0.743803979914134
"protein exit from endoplasmic reticulum",-0.929981941176669,0.569377990430622,0.74464059255367
"positive regulation of JNK cascade",0.939757048625857,0.570446735395189,0.745644624577247
"positive regulation of lipid localization",0.935750636109322,0.570940170940171,0.74582056528725
"intrinsic apoptotic signaling pathway in response to oxidative stress",0.932698954564429,0.571183533447684,0.74582056528725
"triglyceride metabolic process",0.94359202667081,0.571672354948805,0.74606555490421
"negative regulation of neuron projection development",0.961083825659769,0.573089700996678,0.74717955603294
"mesonephros development",0.943774374254035,0.57312925170068,0.74717955603294
"carbohydrate derivative transport",-0.939824969478919,0.573849878934625,0.747725486649692
"cell activation involved in immune response",-0.968004414547413,0.574175824175824,0.747756843577033
"intracellular sterol transport",0.927794352558822,0.57469244288225,0.748036353662287
"response to dexamethasone",-0.92826413030602,0.575057736720554,0.748118704756729
"negative regulation of translation",-0.950080885068013,0.576227390180879,0.748910665694417
"lipid translocation",-0.928714812516374,0.576271186440678,0.748910665694417
"ovulation cycle",0.926806575322208,0.57679180887372,0.749142938169496
"response to epidermal growth factor",0.925557433161464,0.577054794520548,0.749142938169496
"protein K63-linked ubiquitination",0.919473011951363,0.578231292517007,0.750277062108238
"epithelial tube morphogenesis",0.959608291674142,0.580792682926829,0.752748498640653
"receptor clustering",0.930542967963871,0.581597222222222,0.752748498640653
"cellular response to virus",-0.917750957656249,0.58165548098434,0.752748498640653
"regulation of animal organ morphogenesis",0.916779982958469,0.581632653061224,0.752748498640653
"negative regulation of proteasomal ubiquitin-dependent protein catabolic process",-0.902569856765458,0.581235697940503,0.752748498640653
"regulation of circadian rhythm",-0.936482169527686,0.582159624413146,0.7530075141887
"embryonic skeletal system development",0.9417591297819,0.583617747440273,0.753839151808603
"regulation of T cell mediated immunity",0.927093750369828,0.58477508650519,0.753839151808603
"exploration behavior",0.92548478732999,0.583187390542907,0.753839151808603
"non-proteinogenic amino acid metabolic process",-0.923110991682026,0.58495145631068,0.753839151808603
"negative regulation of binding",0.922709069805316,0.584229390681004,0.753839151808603
"positive regulation of cellular response to transforming growth factor beta stimulus",0.920655726641836,0.585237258347979,0.753839151808603
"olfactory lobe development",-0.920570194418724,0.58411214953271,0.753839151808603
"positive regulation of mononuclear cell migration",0.920158460663241,0.584615384615385,0.753839151808603
"regulation of platelet activation",0.921639853821366,0.586805555555556,0.755466403903904
"interleukin-1 production",0.922766114101715,0.587436332767402,0.755885608449276
"regulation of establishment or maintenance of cell polarity",-0.929391525086842,0.587973273942094,0.756183696549619
"positive regulation of myeloid cell differentiation",0.933172272554737,0.588850174216028,0.756251993858915
"leukocyte degranulation",-0.930358876493908,0.588942307692308,0.756251993858915
"positive regulation of nervous system process",0.916808481639553,0.588447653429603,0.756251993858915
"neutrophil mediated immunity",0.908945840768937,0.590405904059041,0.757738561841577
"sulfur amino acid metabolic process",0.91490535710063,0.592057761732852,0.759465083279272
"positive regulation of canonical NF-kappaB signal transduction",0.948684305243786,0.593301435406699,0.760504339631515
"regulation of multicellular organism growth",0.916108641435713,0.593481989708405,0.760504339631515
"circadian rhythm",-0.954290889605687,0.594666666666667,0.761234797588286
"positive regulation of neuron differentiation",0.910300453524999,0.594501718213058,0.761234797588286
"unsaturated fatty acid metabolic process",0.936188734099841,0.59552495697074,0.761482041711329
"protein-lipid complex organization",0.918593403411389,0.595486111111111,0.761482041711329
"regulation of endoplasmic reticulum unfolded protein response",0.912464545388659,0.595782073813708,0.761482041711329
"positive regulation of protein localization",0.95808108198749,0.596969696969697,0.761820679749582
"interferon-mediated signaling pathway",-0.933959038733166,0.596618357487923,0.761820679749582
"protein acylation",0.922048527898325,0.596885813148789,0.761820679749582
"ear morphogenesis",0.945630563493232,0.597682119205298,0.76233707995444
"positive regulation of protein modification process",0.953158842977035,0.599693251533742,0.76254629571308
"GO:0072655",0.941046975826197,0.599009900990099,0.76254629571308
"regulation of Notch signaling pathway",0.930418102785073,0.599659284497445,0.76254629571308
"reactive nitrogen species metabolic process",-0.921047392071768,0.599520383693046,0.76254629571308
"postsynaptic signal transduction",-0.915039858591734,0.599099099099099,0.76254629571308
"regulation of fibroblast migration",0.910439371258995,0.599297012302285,0.76254629571308
"regulation of glycogen metabolic process",0.918232208933781,0.600355239786856,0.762996371961027
"membrane biogenesis",0.906249965847191,0.600688468158348,0.763028377245245
"embryonic camera-type eye development",0.909460265531175,0.602811950790861,0.765333266073277
"gastrulation",0.941777210934743,0.603803486529319,0.766199403756722
"ovarian follicle development",-0.907756024282449,0.605263157894737,0.767658393295066
"amino acid metabolic process",-0.953673793128473,0.605820105820106,0.767971546630707
"retinoic acid receptor signaling pathway",0.908274574220494,0.606271777003484,0.768150993165029
"forebrain generation of neurons",-0.926068165268638,0.607058823529412,0.768624916677423
"diterpenoid metabolic process",0.909097728150903,0.607266435986159,0.768624916677423
"nucleotide-sugar metabolic process",-0.903790075791665,0.608294930875576,0.769533474861492
"oligodendrocyte differentiation",-0.926495857002679,0.60981308411215,0.769881248392352
"organic cation transport",-0.925014202345224,0.609638554216868,0.769881248392352
"type I interferon-mediated signaling pathway",-0.91335528178093,0.609004739336493,0.769881248392352
"regulation of CD4-positive, alpha-beta T cell activation",0.903825060530561,0.609215017064846,0.769881248392352
"COPII-coated vesicle budding",0.907028572501871,0.611111111111111,0.771126959868682
"granulocyte migration",0.918187217271855,0.614186851211073,0.774111016707175
"retina homeostasis",0.905489175416788,0.614601018675722,0.774111016707175
"protein localization to lysosome",0.90337146653542,0.61472602739726,0.774111016707175
"monosaccharide catabolic process",0.901336346595351,0.614065180102916,0.774111016707175
"response to light stimulus",-0.951266660638312,0.61624649859944,0.774501534299967
"retina development in camera-type eye",-0.945010865242968,0.616966580976864,0.774501534299967
"regulation of intracellular transport",0.944438796300427,0.616954474097331,0.774501534299967
"negative regulation of protein localization",0.941469409429427,0.617224880382775,0.774501534299967
"T cell mediated immunity",0.919663429811541,0.615652173913043,0.774501534299967
"replacement ossification",-0.913102819349407,0.616926503340757,0.774501534299967
"blastocyst formation",-0.908060822801652,0.615751789976134,0.774501534299967
"necroptotic process",0.900271101644169,0.620209059233449,0.777852070744939
"protein autophosphorylation",-0.928620211644453,0.621026894865526,0.778483612642666
"somite development",-0.921382409011519,0.62200956937799,0.779095534180022
"apoptotic process involved in development",0.899272485560072,0.622144112478032,0.779095534180022
"rhythmic process",-0.956839061155288,0.622905027932961,0.779654246685166
"aldehyde metabolic process",-0.922427822188001,0.623809523809524,0.780392015392015
"negative regulation of neuron differentiation",0.901294081355668,0.625423728813559,0.781621885101507
"response to amine",-0.89952675131841,0.625292740046838,0.781621885101507
"smoothened signaling pathway",-0.938077173941379,0.627249357326478,0.78196887700978
"regulation of epithelial cell differentiation",0.931266901444708,0.629139072847682,0.78196887700978
"regulation of response to endoplasmic reticulum stress",-0.913688763888833,0.628019323671498,0.78196887700978
"mitochondrial fusion",0.900661497455479,0.628774422735346,0.78196887700978
"metanephric nephron development",0.896044044208287,0.629173989455185,0.78196887700978
"protein O-linked glycosylation via N-acetyl-galactosamine",0.895698869215591,0.629173989455185,0.78196887700978
"icosanoid transport",-0.891829391861918,0.62877030162413,0.78196887700978
"regulation of calcium ion-dependent exocytosis",-0.889856015611618,0.628378378378378,0.78196887700978
"enteroendocrine cell differentiation",0.888179664696818,0.627306273062731,0.78196887700978
"photoreceptor cell development",-0.886074699859948,0.626398210290828,0.78196887700978
"defense response to Gram-negative bacterium",-0.884556506736151,0.626398210290828,0.78196887700978
"response to fibroblast growth factor",0.92836745275662,0.630849220103986,0.783657732295674
"glycoprotein metabolic process",-0.950135136295305,0.63265306122449,0.785504577770958
"regulation of oligodendrocyte differentiation",-0.88896481607614,0.635103926096998,0.788152517506144
"adaptive immune response based on somatic recombination of immune receptors built from immunoglobulin superfamily domains",-0.941578028928591,0.637362637362637,0.790226716323714
"regulation of DNA damage response, signal transduction by p53 class mediator",-0.885895278283696,0.637413394919169,0.790226716323714
"cellular response to glucose starvation",0.893639068018444,0.638983050847458,0.791553962900506
"negative regulation of intracellular transport",0.892739482101918,0.639123102866779,0.791553962900506
"chondrocyte development",0.890611249115688,0.639718804920914,0.791895791998553
"negative regulation of cell growth",0.926819539933379,0.640194489465154,0.792088786416177
"Ras protein signal transduction",0.923992541517202,0.640545144804089,0.79212697138279
"viral release from host cell",0.874952014264644,0.641952983725136,0.7934718266902
"modified amino acid biosynthetic process",-0.880814200016496,0.642857142857143,0.794193088706804
"cellular response to biotic stimulus",-0.935469285710067,0.644562334217507,0.794266658115821
"positive regulation of intracellular transport",-0.924723800805734,0.643979057591623,0.794266658115821
"negative regulation of leukocyte cell-cell adhesion",0.921328277503556,0.644518272425249,0.794266658115821
"cytoplasmic pattern recognition receptor signaling pathway",0.918590332027468,0.644012944983819,0.794266658115821
"nerve development",0.901452659348866,0.643598615916955,0.794266658115821
"motile cilium assembly",0.895562521417576,0.645161290322581,0.794266658115821
"negative regulation of response to endoplasmic reticulum stress",0.889334748969529,0.645051194539249,0.794266658115821
"cell-cell adhesion mediated by cadherin",0.895207969566486,0.646757679180887,0.795836448748663
"regeneration",0.923766340772084,0.648387096774194,0.796748875887101
"endoplasmic reticulum organization",0.91617080481169,0.648464163822526,0.796748875887101
"phosphatidylcholine metabolic process",-0.905194346192358,0.648456057007126,0.796748875887101
"lipoprotein metabolic process",0.89760905406123,0.64878892733564,0.796752688651651
"pigmentation",0.919113421526846,0.649913344887348,0.797738035325055
"negative regulation of defense response",0.928731674559895,0.652582159624413,0.800281396560709
"chemical synaptic transmission, postsynaptic",0.914956802775531,0.652631578947368,0.800281396560709
"acute inflammatory response",0.896501880229424,0.654044750430293,0.801617440284926
"T cell apoptotic process",-0.875971560343029,0.654377880184332,0.80162908467685
"spleen development",0.893142607033113,0.655913978494624,0.803113655329304
"regulation of platelet aggregation",-0.893529202247224,0.656521739130435,0.803460646159134
"glycerolipid catabolic process",0.885440509153241,0.656946826758148,0.803583846854287
"L-amino acid transport",0.900509334682559,0.657534246575342,0.80365960435028
"photoreceptor cell maintenance",0.885865704308891,0.657657657657658,0.80365960435028
"biological process involved in intraspecies interaction between organisms",0.880765226654,0.658662092624357,0.804490139758645
"negative regulation of T cell proliferation",0.877765895655156,0.659322033898305,0.804899299145442
"positive regulation of cell growth",0.915721372101393,0.660714285714286,0.805804670464936
"negative regulation of cell junction assembly",-0.86836893001947,0.660592255125285,0.805804670464936
"morphogenesis of an epithelial sheet",0.883462637093899,0.661458333333333,0.806315104166667
"lymphocyte homeostasis",-0.895354071970041,0.661870503597122,0.806420677525859
"ruffle organization",-0.880722138612668,0.662621359223301,0.806938597244895
"organic anion transport",0.931077054233626,0.664133738601824,0.808054222686747
"cellular response to molecule of bacterial origin",0.91781495545844,0.664516129032258,0.808054222686747
"androgen receptor signaling pathway",0.875563799971607,0.664347826086957,0.808054222686747
"negative regulation of proteasomal protein catabolic process",0.881201676843552,0.666095890410959,0.809180735923465
"positive regulation of BMP signaling pathway",0.874084364055698,0.666080843585237,0.809180735923465
"presynaptic modulation of chemical synaptic transmission",-0.883413245072544,0.667391304347826,0.810356990622336
"regulation of postsynaptic membrane potential",0.912508274361837,0.667774086378738,0.810424503655136
"regulation of coagulation",0.887582022119105,0.670774647887324,0.81366738629623
"synaptic vesicle transport",0.877996628311129,0.6723259762309,0.815149996634331
"homeostasis of number of cells within a tissue",-0.865727396054662,0.672853828306265,0.81539086727721
"regulation of leukocyte differentiation",-0.937354075536213,0.674220963172805,0.816648081065544
"regulation of acute inflammatory response",-0.883237271820434,0.674778761061947,0.816924238098946
"mRNA transcription",-0.87524165852752,0.675417661097852,0.817298264064182
"regulation of MAP kinase activity",0.875420215678848,0.675814751286449,0.817379462371355
"lipoprotein biosynthetic process",0.865322928540889,0.676975945017182,0.81838429273185
"type II interferon production",0.886264936161613,0.678200692041522,0.819464933749683
"placenta development",0.914356286077069,0.67862969004894,0.819583492077632
"protein localization to cell junction",0.893936716751864,0.679595278246206,0.819926243755062
"superoxide metabolic process",-0.885337290480121,0.679706601466993,0.819926243755062
"negative regulation of leukocyte apoptotic process",-0.856130852257564,0.679906542056075,0.819926243755062
"heparan sulfate proteoglycan biosynthetic process",-0.861373348146276,0.681093394077449,0.820957828287027
"anterior/posterior axis specification",-0.859397175966927,0.684466019417476,0.824621755883797
"non-motile cilium assembly",0.874514918829402,0.685470085470085,0.825200620720249
"positive regulation of cell-substrate junction organization",0.853056648731936,0.685612788632327,0.825200620720249
"negative regulation of cell development",0.918487788567589,0.686708860759494,0.825687691121765
"ventricular septum development",0.887561732956519,0.687179487179487,0.825687691121765
"negative regulation of lymphocyte differentiation",-0.882760882104917,0.687350835322196,0.825687691121765
"programmed necrotic cell death",-0.867936748757363,0.687350835322196,0.825687691121765
"negative regulation of protein catabolic process",0.894526862642161,0.688356164383562,0.826494531836201
"transepithelial transport",0.865758066212763,0.690017513134851,0.828087877923947
"innate immune response activating cell surface receptor signaling pathway",0.86998821828775,0.694158075601375,0.832250509808618
"positive regulation of B cell proliferation",-0.848655702002458,0.69392523364486,0.832250509808618
"skin development",0.916108340241231,0.695439739413681,0.833383761261581
"negative regulation of microtubule polymerization or depolymerization",-0.856515030682161,0.695852534562212,0.833475207016731
"cytoskeleton-dependent intracellular transport",0.913453254502477,0.696682464454976,0.834065956720627
"TORC1 signaling",0.888210730749298,0.69814502529511,0.834606770104241
"cytoplasmic microtubule organization",0.87061489040676,0.697792869269949,0.834606770104241
"positive regulation of T cell mediated immunity",0.868345508412959,0.697916666666667,0.834606770104241
"stem cell differentiation",0.914785740600201,0.699212598425197,0.83547979078592
"amyloid precursor protein metabolic process",0.87931603258321,0.702886247877759,0.839464433940795
"regulation of proteolysis",-0.937098284348031,0.704022988505747,0.840188724622687
"cell chemotaxis",0.911315188663311,0.705128205128205,0.840188724622687
"transition metal ion transport",-0.884921208527345,0.705188679245283,0.840188724622687
"molting cycle process",0.877184771627758,0.704347826086957,0.840188724622687
"positive regulation of interferon-beta production",-0.8447699334717,0.704805491990847,0.840188724622687
"response to estrogen",0.859169051558283,0.706281833616299,0.840278627217854
"positive regulation of receptor-mediated endocytosis",0.852958015687284,0.706086956521739,0.840278627217854
"regulation of androgen receptor signaling pathway",0.843369415479461,0.705776173285199,0.840278627217854
"epidermal cell differentiation",-0.914147905796975,0.70694087403599,0.840280562915551
"regulation of neural precursor cell proliferation",0.876883436282786,0.707979626485569,0.840280562915551
"ceramide biosynthetic process",-0.872294320816293,0.707434052757794,0.840280562915551
"granulocyte chemotaxis",0.86692708358587,0.707979626485569,0.840280562915551
"protein localization to synapse",0.864332519065492,0.707612456747405,0.840280562915551
"cellular pigmentation",0.86382936379155,0.708620689655172,0.840638624653191
"central nervous system projection neuron axonogenesis",0.848361013023873,0.709090909090909,0.84079376822316
"CD4-positive, alpha-beta T cell activation",0.882235764164757,0.709677419354839,0.841086587436333
"negative regulation of TORC1 signaling",0.851169474161935,0.710120068610635,0.841208708727184
"phospholipid dephosphorylation",0.848893492229328,0.713532513181019,0.844847053130681
"sterol transport",0.886528587785186,0.714038128249567,0.845041779108541
"regulation of leukocyte chemotaxis",0.865224750874922,0.715017064846416,0.845796212810207
"regulation of fibroblast growth factor receptor signaling pathway",0.835958826056237,0.716606498194946,0.847271740347914
"positive regulation of morphogenesis of an epithelium",0.844635910881807,0.718181818181818,0.848595810759397
"granulocyte differentiation",0.834643598440828,0.71841155234657,0.848595810759397
"regulation of oxidative stress-induced intrinsic apoptotic signaling pathway",0.844986066453705,0.718804920913884,0.848655762203856
"membrane protein ectodomain proteolysis",0.855554758106474,0.720070422535211,0.849340207914151
"salivary gland development",0.842350919939556,0.719789842381786,0.849340207914151
"positive regulation of membrane permeability",0.853291339554104,0.720486111111111,0.849426033899201
"chloride transport",0.863612913633601,0.72108843537415,0.849731710000842
"establishment of protein localization to endoplasmic reticulum",0.837754231079654,0.721739130434783,0.850094068514958
"icosanoid metabolic process",0.866393342117987,0.723076923076923,0.851264989763089
"negative regulation of proteolysis",0.877559940138562,0.723440134907251,0.851287987726965
"ear development",0.902749752523022,0.725521669341894,0.853331991908771
"intracellular pH reduction",0.839282973015769,0.727272727272727,0.854985546015446
"negative regulation of striated muscle cell differentiation",0.839299060494473,0.730297723292469,0.858134468973172
"interleukin-6 production",-0.876852230094395,0.731764705882353,0.859450534125457
"negative regulation of immune response",0.888633721792052,0.7328,0.859514918690451
"isoprenoid metabolic process",-0.871296871900742,0.732860520094563,0.859514918690451
"negative regulation of coagulation",0.846822095558765,0.732638888888889,0.859514918690451
"regulation of protein transport",0.917615987951209,0.733637747336377,0.860019261785237
"positive regulation of catalytic activity",-0.922248116798525,0.734246575342466,0.860325812262672
"antiviral innate immune response",0.853872320526439,0.735915492957746,0.861348214332403
"regulation of hippo signaling",-0.839954514738616,0.735714285714286,0.861348214332403
"protein-containing complex remodeling",0.818811173359926,0.736162361623616,0.861348214332403
"positive regulation of proteasomal protein catabolic process",-0.885248920065577,0.737980769230769,0.862660861436817
"thymus development",-0.831129734434468,0.737704918032787,0.862660861436817
"response to tumor cell",0.832997170024389,0.738675958188153,0.863066202090592
"microtubule-based transport",0.897092353477356,0.741269841269841,0.86568854164328
"spinal cord development",-0.874014544419334,0.743467933491686,0.867437621883612
"hematopoietic stem cell differentiation",-0.843414749771504,0.743303571428571,0.867437621883612
"regulation of kinase activity",0.899024143348335,0.74685534591195,0.869781406930611
"positive regulation of apoptotic signaling pathway",-0.885094530129354,0.746192893401015,0.869781406930611
"mesoderm development",0.870542359336955,0.746688741721854,0.869781406930611
"neutral lipid biosynthetic process",-0.821940970049788,0.747203579418344,0.869781406930611
"ganglioside metabolic process",0.805233410362873,0.747232472324723,0.869781406930611
"positive regulation of hemopoiesis",-0.892516203130838,0.748051948051948,0.870326291838739
"ferroptosis",0.821142567890364,0.748643761301989,0.870605913964801
"regulation of cell size",0.87811910227058,0.7491961414791,0.870839438030845
"negative regulation of peptide secretion",0.824349092373877,0.752613240418119,0.874401030260638
"positive regulation of kinase activity",0.859689077248911,0.753719008264463,0.875092515132645
"xenobiotic transport",-0.819028986810549,0.753914988814318,0.875092515132645
"regulation of proteasomal ubiquitin-dependent protein catabolic process",-0.877471025477135,0.755667506297229,0.876715884355146
"regulation of regulated secretory pathway",-0.871338216445014,0.756626506024096,0.877222885645913
"retina morphogenesis in camera-type eye",0.829938904285781,0.75716694772344,0.877222885645913
"neuroepithelial cell differentiation",-0.810148792039556,0.757009345794392,0.877222885645913
"regulation of hemopoiesis",0.903103228552803,0.762996941896025,0.879494264939716
"mechanoreceptor differentiation",-0.861646955136631,0.76271186440678,0.879494264939716
"postsynapse assembly",-0.859640349987633,0.761124121779859,0.879494264939716
"positive regulation of DNA-templated transcription, elongation",-0.851206939420331,0.76303317535545,0.879494264939716
"positive regulation of lipid transport",0.839173079359936,0.762323943661972,0.879494264939716
"hippo signaling",0.837512831959488,0.762975778546713,0.879494264939716
"positive regulation of Notch signaling pathway",0.820351466756878,0.761061946902655,0.879494264939716
"neuromuscular process controlling balance",0.818617253331653,0.759795570698467,0.879494264939716
"negative regulation of leukocyte mediated immunity",0.809560288453803,0.762886597938144,0.879494264939716
"exocrine system development",0.808878716449094,0.762886597938144,0.879494264939716
"glycosaminoglycan biosynthetic process",0.797896645808184,0.759927797833935,0.879494264939716
"GO:1903052",0.857806047357226,0.765676567656766,0.88090146683038
"lamellipodium assembly",0.835719229935199,0.764705882352941,0.88090146683038
"keratinocyte proliferation",0.818148575720642,0.765217391304348,0.88090146683038
"negative regulation of calcium ion transmembrane transport",0.800066219015793,0.765454545454545,0.88090146683038
"regulation of neuron differentiation",-0.895502294648241,0.766233766233766,0.881133258570585
"lymphocyte migration",0.840551146609282,0.767123287671233,0.8817468137177
"positive regulation of interleukin-12 production",-0.819008993922854,0.76837416481069,0.882774956510241
"central nervous system neuron development",0.838310247521288,0.770034843205575,0.883044586398245
"response to monoamine",0.829448450446731,0.76962457337884,0.883044586398245
"regulation of ruffle assembly",-0.820466149132723,0.769911504424779,0.883044586398245
"regulation of lymphocyte migration",0.812529003812304,0.770017035775128,0.883044586398245
"digestive system process",0.834491793218011,0.771084337349398,0.883748902414794
"plasma lipoprotein particle clearance",-0.810341578689284,0.771362586605081,0.883748902414794
"intracellular protein transmembrane transport",0.807371870958568,0.773519163763066,0.885400632458926
"regulation of hormone metabolic process",-0.802598165763757,0.773364485981308,0.885400632458926
"myeloid cell activation involved in immune response",-0.846518037470678,0.774346793349169,0.885529550842978
"sterol biosynthetic process",0.834538624809234,0.774137931034483,0.885529550842978
"establishment of tissue polarity",-0.818552348760563,0.776785714285714,0.88790872832751
"embryonic organ morphogenesis",0.886919743862584,0.778471138845554,0.889424820535257
"neuron projection guidance",0.883462791988249,0.778830963665087,0.889425678653029
"fibroblast growth factor receptor signaling pathway",0.839278785338435,0.780276816608997,0.890305641138072
"negative regulation of signal transduction by p53 class mediator",-0.811656495995352,0.780320366132723,0.890305641138072
"digestive system development",-0.867865814090377,0.780856423173804,0.890507071915981
"interleukin-12 production",0.822476021016279,0.78125,0.890545904279797
"negative regulation of extrinsic apoptotic signaling pathway via death domain receptors",0.791799875384013,0.783001808318264,0.892132235144591
"negative regulation of ubiquitin-dependent protein catabolic process",-0.803740066795824,0.784841075794621,0.893816710226794
"homeostasis of number of cells",0.896235561861505,0.785932721712538,0.894379836401541
"hair cell differentiation",-0.809258331486489,0.786057692307692,0.894379836401541
"regulation of response to cytokine stimulus",0.864761277878858,0.787781350482315,0.894808920610077
"intrinsic apoptotic signaling pathway in response to endoplasmic reticulum stress",-0.838046246630117,0.790094339622642,0.894808920610077
"regulation of plasma lipoprotein particle levels",0.828468448019516,0.78974358974359,0.894808920610077
"ventral spinal cord development",-0.8126590557698,0.787946428571429,0.894808920610077
"actin nucleation",0.808059271798653,0.78920741989882,0.894808920610077
"negative regulation of protein secretion",-0.801550828292628,0.787286063569682,0.894808920610077
"regulation of microtubule-based movement",-0.797730179248649,0.788288288288288,0.894808920610077
"positive regulation of animal organ morphogenesis",0.789572142728182,0.787346221441125,0.894808920610077
"synaptic vesicle membrane organization",0.788007796393623,0.789103690685413,0.894808920610077
"maternal placenta development",0.778329193681163,0.790408525754885,0.894808920610077
"peptidyl-threonine phosphorylation",0.778136709512947,0.790408525754885,0.894808920610077
"phagosome maturation",0.784781383357881,0.791512915129151,0.895649835895344
"intestinal absorption",0.787164539170034,0.792043399638336,0.895840867992767
"zinc ion transport",-0.806022124399031,0.792410714285714,0.895847256634283
"extracellular transport",0.801241488251829,0.792920353982301,0.896014469349525
"negative regulation of hydrolase activity",-0.797164729435209,0.793478260869565,0.896236047502924
"positive regulation of G protein-coupled receptor signaling pathway",-0.797410183519929,0.79445727482679,0.896932848562424
"negative regulation of axon extension",0.783329652933043,0.79520295202952,0.897365700308484
"inorganic anion transport",0.845397957803169,0.795918367346939,0.897764023642244
"circadian regulation of gene expression",0.823943116036162,0.800347222222222,0.902348688868659
"regulation of vesicle fusion",-0.794420640065735,0.800884955752212,0.902544147132953
"symbiont entry into host",0.837323033059593,0.802325581395349,0.903756464354834
"regulation of granulocyte chemotaxis",0.785239132085297,0.80385288966725,0.9050652762299
"rescue of stalled cytosolic ribosome",0.78795172319704,0.810810810810811,0.912136200292224
"negative regulation of microtubule depolymerization",-0.779324448155011,0.810869565217391,0.912136200292224
"neuron maturation",0.793191210980423,0.811320754716981,0.912229464109833
"tight junction organization",-0.831411143960638,0.811764705882353,0.912314508380485
"positive regulation of synapse assembly",0.805678687927968,0.813993174061433,0.913989615661909
"regulation of hematopoietic progenitor cell differentiation",0.786442902398,0.813708260105448,0.913989615661909
"synapse assembly",0.870296708739838,0.815217391304348,0.914554852841002
"homophilic cell-cell adhesion",0.842988395866132,0.815235008103728,0.914554852841002
"positive regulation of proteasomal ubiquitin-dependent protein catabolic process",0.813864404747503,0.816780821917808,0.915874194608606
"protein localization to postsynapse",0.786393163562566,0.81786941580756,0.916679883690193
"aminoglycan biosynthetic process",-0.788181688674577,0.819221967963387,0.917780558410361
"negative regulation of response to cytokine stimulus",0.812726425787444,0.821799307958478,0.920251756696722
"regulation of cell shape",0.828271050210529,0.822950819672131,0.920895052499854
"protein acetylation",0.767278261872627,0.823117338003503,0.920895052499854
"amyloid precursor protein catabolic process",0.798206773824448,0.824232081911263,0.921725899275033
"response to vitamin D",0.761692849817169,0.825454545454545,0.922676403019363
"negative regulation of organelle assembly",-0.778382998230872,0.826190476190476,0.92308245806216
"cilium movement",-0.8770251726472,0.827956989247312,0.923390122631964
"branching morphogenesis of an epithelial tube",0.838066417113041,0.82741935483871,0.923390122631964
"positive regulation of neuron apoptotic process",0.788255358862875,0.827645051194539,0.923390122631964
"response to interferon-beta",-0.770621878373661,0.827433628318584,0.923390122631964
"erythrocyte development",-0.780969618090222,0.831408775981524,0.926553125760822
"substantia nigra development",0.77826215128212,0.831541218637993,0.926553125760822
"regulation of alpha-beta T cell activation",-0.827237028874133,0.832535885167464,0.927244328938763
"microtubule bundle formation",0.820034002626937,0.834494773519164,0.927757429985175
"cellular response to type II interferon",0.803690415622375,0.833910034602076,0.927757429985175
"regulation of homotypic cell-cell adhesion",0.782545196333854,0.834215167548501,0.927757429985175
"Fc receptor signaling pathway",-0.77051097074291,0.834451901565996,0.927757429985175
"positive regulation of leukocyte proliferation",-0.839952388343435,0.834928229665072,0.927822891377471
"lymphocyte apoptotic process",-0.817668241626542,0.837264150943396,0.929168146006627
"positive regulation of non-canonical NF-kappaB signal transduction",-0.776648517321151,0.836538461538462,0.929168146006627
"regulation of T cell migration",0.759532767271098,0.837127845884413,0.929168146006627
"regulation of transcription by RNA polymerase III",-0.775800224417767,0.838337182448037,0.929942320162914
"B cell activation",-0.879877285531265,0.840220385674931,0.931614098172249
"negative regulation of intracellular steroid hormone receptor signaling pathway",-0.77229959026351,0.841013824884793,0.932076619346591
"peptidyl-lysine modification",-0.84640305796227,0.842639593908629,0.933043484180454
"negative regulation of leukocyte proliferation",0.798579152359773,0.842560553633218,0.933043484180454
"positive regulation of proteolysis",0.843687192918232,0.843800322061192,0.933911259046279
"forebrain neuron development",0.740868143626798,0.844765342960289,0.934561748330789
"specification of symmetry",-0.847048322038204,0.845360824742268,0.934803019145803
"somitogenesis",-0.812922175830766,0.846698113207547,0.935218605446377
"negative regulation of axonogenesis",0.769079389733971,0.847079037800687,0.935218605446377
"response to arsenic-containing substance",0.750571523710047,0.846863468634686,0.935218605446377
"GO:0032088",0.738891389072203,0.847246891651865,0.935218605446377
"amyloid-beta metabolic process",0.763596701014328,0.84822934232715,0.935886004874989
"regulation of myelination",0.763823036038578,0.848857644991213,0.936162238042402
"regulation of syncytium formation by plasma membrane fusion",-0.780054122079445,0.850356294536817,0.937397659798708
"tube formation",-0.862827078612329,0.850785340314136,0.937453419910194
"alpha-beta T cell activation",0.829300998917214,0.852032520325203,0.937576433960697
"inner ear morphogenesis",0.806139059968567,0.85191637630662,0.937576433960697
"keratinocyte differentiation",0.797967406825481,0.85191637630662,0.937576433960697
"peptidyl-amino acid modification",0.87194828015479,0.853881278538813,0.93789378665245
"translational elongation",0.797526165319256,0.853700516351119,0.93789378665245
"regulation of defense response to virus",-0.780802744971356,0.853300733496333,0.93789378665245
"regulation of mitochondrial gene expression",-0.761948850581586,0.854214123006834,0.93789378665245
"regulation of macrophage activation",0.76058407405095,0.854130052724077,0.93789378665245
"molting cycle",0.805676670694013,0.855148342059337,0.938503519397863
"negative regulation of type I interferon production",0.75559914008446,0.855633802816901,0.938620429396574
"membrane protein proteolysis",0.765280941493892,0.857876712328767,0.940278061585375
"regulation of synaptic transmission, GABAergic",0.727065106915699,0.857904085257549,0.940278061585375
"apical junction assembly",0.781045935500848,0.859375,0.941400388200748
"stress-activated protein kinase signaling cascade",0.760402309844218,0.860068259385666,0.941400388200748
"tetrapyrrole biosynthetic process",0.736863021777693,0.86,0.941400388200748
"bone development",0.837425911439302,0.862838915470494,0.941637102056333
"camera-type eye morphogenesis",-0.827225690331644,0.861182519280206,0.941637102056333
"vacuolar localization",0.790048690040756,0.863013698630137,0.941637102056333
"mammary gland epithelium development",0.789826647299675,0.862676056338028,0.941637102056333
"regulation of lamellipodium assembly",-0.749219019398596,0.863325740318907,0.941637102056333
"vacuolar acidification",0.747794262400386,0.862369337979094,0.941637102056333
"dopaminergic neuron differentiation",0.735049503987986,0.861818181818182,0.941637102056333
"negative regulation of interleukin-6 production",-0.718474351677066,0.86304347826087,0.941637102056333
"inner ear auditory receptor cell differentiation",-0.746108666282334,0.863849765258216,0.941793956225617
"regulation of nitric oxide metabolic process",-0.748321797283394,0.864406779661017,0.941986622622235
"intracellular iron ion homeostasis",-0.799198791840328,0.865707434052758,0.942989144304609
"negative regulation of apoptotic signaling pathway",-0.859089477176528,0.868421052631579,0.945529207634471
"bicellular tight junction assembly",0.756773398717356,0.869491525423729,0.945863200911101
"walking behavior",0.74217118692089,0.869337979094077,0.945863200911101
"natural killer cell activation",0.740032670941197,0.870151770657673,0.946165906900375
"negative regulation of protein localization to nucleus",0.743890731015519,0.87170474516696,0.947438637024379
"cellular response to alcohol",0.780302169412994,0.872822299651568,0.947991896103265
"regulation of endoplasmic reticulum stress-induced intrinsic apoptotic signaling pathway",-0.747278424570918,0.8729792147806,0.947991896103265
"regulation of tumor necrosis factor-mediated signaling pathway",0.785579516593707,0.873702422145329,0.948361481005249
"regulation of adaptive immune response",0.815529046045168,0.87479674796748,0.949133396721615
"positive regulation of interleukin-8 production",-0.742070770476275,0.875586854460094,0.949574710375505
"pattern specification process",-0.895568925358428,0.87719298245614,0.949866145720281
"positive regulation of molecular function",0.866275727421527,0.879336349924585,0.949866145720281
"T cell proliferation",0.809263698472512,0.880064829821718,0.949866145720281
"hematopoietic or lymphoid organ development",0.785294439033123,0.876712328767123,0.949866145720281
"secretory granule organization",-0.776561865033647,0.877934272300469,0.949866145720281
"regulation of substrate adhesion-dependent cell spreading",0.745510424426821,0.877796901893287,0.949866145720281
"positive regulation of substrate adhesion-dependent cell spreading",0.744831707742078,0.879928315412186,0.949866145720281
"modified amino acid transport",0.742604735133266,0.880070546737213,0.949866145720281
"DNA catabolic process",0.729181901039579,0.880073800738007,0.949866145720281
"epithelial tube branching involved in lung morphogenesis",-0.718149309619535,0.87750556792873,0.949866145720281
"cellular component disassembly involved in execution phase of apoptosis",-0.707332062889045,0.879732739420935,0.949866145720281
"interleukin-8 production",0.738610526652591,0.880546075085324,0.949961945987085
"response to endoplasmic reticulum stress",-0.866922716374945,0.88135593220339,0.950008113171365
"regulation of extrinsic apoptotic signaling pathway in absence of ligand",-0.751274502608221,0.881006864988558,0.950008113171365
"vesicle cytoskeletal trafficking",0.757008151076845,0.881944444444444,0.950228964283988
"regulation of B cell proliferation",0.747161968787676,0.88336192109777,0.951342381982251
"regulation of Ras protein signal transduction",0.743043546810427,0.883959044368601,0.951571730943513
"liposaccharide metabolic process",-0.813875153944919,0.885085574572127,0.951956998790777
"positive regulation of neural precursor cell proliferation",-0.733959356154322,0.884792626728111,0.951956998790777
"sensory organ morphogenesis",0.834321929038984,0.891338582677165,0.952310478424154
"skeletal system morphogenesis",0.825248993271912,0.886762360446571,0.952310478424154
"ERAD pathway",-0.812309619622372,0.89,0.952310478424154
"midbrain development",-0.792367420522775,0.890736342042755,0.952310478424154
"positive regulation of exocytosis",0.774021238609769,0.885813148788927,0.952310478424154
"regulation of dendrite development",0.770243156007754,0.892857142857143,0.952310478424154
"synaptic vesicle localization",0.764813511455521,0.893103448275862,0.952310478424154
"amino acid import across plasma membrane",0.752655126267688,0.892173913043478,0.952310478424154
"regulation of receptor signaling pathway via JAK-STAT",0.746794034594223,0.887372013651877,0.952310478424154
"regulation of alpha-beta T cell differentiation",0.742308071412858,0.890784982935154,0.952310478424154
"neuropeptide signaling pathway",0.741644909326469,0.886792452830189,0.952310478424154
"embryo implantation",-0.736810580770146,0.892601431980907,0.952310478424154
"establishment or maintenance of bipolar cell polarity",0.736751824089185,0.892123287671233,0.952310478424154
"branching involved in blood vessel morphogenesis",0.736401682612349,0.887125220458554,0.952310478424154
"positive regulation of chemokine production",0.733992734132307,0.892361111111111,0.952310478424154
"glycosphingolipid biosynthetic process",-0.731089772041775,0.89047619047619,0.952310478424154
"vesicle docking involved in exocytosis",0.722635568969662,0.889279437609842,0.952310478424154
"lipid droplet organization",0.716514802815871,0.892035398230088,0.952310478424154
"response to amphetamine",0.714895724725334,0.891500904159132,0.952310478424154
"maintenance of blood-brain barrier",0.714536739893589,0.892794376098418,0.952310478424154
"regulation of apoptotic signaling pathway",0.853770379375125,0.894333843797856,0.952802120897759
"regulation of inflammasome-mediated signaling pathway",0.717156901334531,0.894179894179894,0.952802120897759
"embryonic pattern specification",-0.748308276710587,0.895883777239709,0.954043042228186
"leukocyte chemotaxis",0.803337947385448,0.896440129449838,0.95422526886431
"segmentation",-0.78591355656974,0.897619047619048,0.955069751268205
"metabolic compound salvage",-0.721649143015595,0.898648648648649,0.955754702749121
"positive regulation of response to endoplasmic reticulum stress",-0.73245743410552,0.899313501144165,0.956051305722788
"T cell selection",0.732273471570524,0.900514579759863,0.956917466351429
"pigment granule organization",0.708748425745631,0.901581722319859,0.957640620148496
"positive regulation of response to cytokine stimulus",0.729259229369087,0.902229845626072,0.95784996133024
"lactation",-0.714853030044219,0.902552204176334,0.95784996133024
"negative regulation of tumor necrosis factor superfamily cytokine production",-0.717548767844417,0.903803131991051,0.958766748583227
"sterol homeostasis",0.757619837687273,0.905335628227194,0.959817899440623
"GO:0043433",-0.72692186277441,0.905569007263923,0.959817899440623
"iron ion transport",0.720835840439926,0.90625,0.960128849443969
"positive regulation of leukocyte chemotaxis",0.748830502304994,0.90669014084507,0.960184471514852
"response to type II interferon",-0.791753307790274,0.9075,0.96063141025641
"bone morphogenesis",0.761735757675927,0.908163265306122,0.960677464300679
"neural retina development",0.720395405723048,0.908319185059423,0.960677464300679
"filopodium assembly",0.746676960722703,0.910034602076125,0.962080968562766
"embryonic digit morphogenesis",0.724545674851997,0.910806174957118,0.962485876863815
"protein targeting to membrane",0.766452037315901,0.912671232876712,0.964045477115402
"positive regulation of CD4-positive, alpha-beta T cell activation",0.68911264076081,0.913200723327306,0.964193602592385
"regulation of leukocyte proliferation",0.798698166118165,0.914149443561208,0.964784052706056
"positive regulation of Rho protein signal transduction",0.685664249432409,0.916817359855335,0.967187649217063
"regulation of receptor signaling pathway via STAT",0.741588459996554,0.917253521126761,0.967235833048525
"biological process involved in interaction with host",0.789201822876073,0.91869918699187,0.967936148948899
"chemokine production",0.710112738255033,0.918505942275042,0.967936148948899
"alpha-beta T cell differentiation",0.764392038046843,0.920661157024793,0.968965639552265
"hormone biosynthetic process",-0.703327233358504,0.921241050119332,0.968965639552265
"inclusion body assembly",0.696366358021601,0.920664206642066,0.968965639552265
"GO:0090151",0.680020200289263,0.921190893169877,0.968965639552265
"negative regulation of calcium ion transport",0.708159935391491,0.922522522522523,0.969901650377032
"alcohol biosynthetic process",-0.784742656571597,0.924433249370277,0.970774312748446
"regulation of osteoclast differentiation",0.704148668066217,0.924528301886792,0.970774312748446
"cellular response to lipoprotein particle stimulus",0.691731460402343,0.924428822495606,0.970774312748446
"endolysosomal toll-like receptor signaling pathway",-0.70846818856639,0.925233644859813,0.971103278948202
"mast cell activation",-0.706823113868422,0.927360774818402,0.972923608312233
"eye morphogenesis",0.774944385938067,0.928455284552846,0.973659500354529
"negative regulation of cell-cell adhesion",-0.80553494298506,0.928947368421053,0.973763280397354
"phospholipid transport",-0.770351001783532,0.930952380952381,0.974215905204498
"B cell proliferation",-0.757681071791555,0.930455635491607,0.974215905204498
"anterograde axonal transport",0.716497516598414,0.930434782608696,0.974215905204498
"cell surface toll-like receptor signaling pathway",0.697275174354319,0.930860033726813,0.974215905204498
"leukocyte cell-cell adhesion",0.832794524338725,0.932203389830508,0.97470147598572
"negative regulation of establishment of protein localization",0.755063340558933,0.931972789115646,0.97470147598572
"regulation of defense response to virus by host",-0.689561827015355,0.933333333333333,0.975471167369902
"Arp2/3 complex-mediated actin nucleation",0.696592379924153,0.934027777777778,0.975629210903419
"mast cell activation involved in immune response",-0.692245227186153,0.934272300469484,0.975629210903419
"defense response to virus",0.811521275021703,0.93563579277865,0.976641322677082
"collagen catabolic process",0.656361631842502,0.938181818181818,0.978886421076817
"regulation of synapse assembly",-0.812181172990485,0.941644562334218,0.979806360403844
"cilium or flagellum-dependent cell motility",-0.811893965748973,0.941952506596306,0.979806360403844
"glial cell differentiation",0.786876684292935,0.943127962085308,0.979806360403844
"positive regulation of T cell proliferation",-0.742182892013183,0.94484412470024,0.979806360403844
"execution phase of apoptosis",-0.742032762225261,0.945368171021378,0.979806360403844
"organelle transport along microtubule",0.725498744195473,0.945205479452055,0.979806360403844
"GO:1903051",0.725287697473219,0.944922547332186,0.979806360403844
"cranial nerve development",0.70240844218095,0.941580756013746,0.979806360403844
"semaphorin-plexin signaling pathway",0.696572071587616,0.940869565217391,0.979806360403844
"neural nucleus development",0.682224679048359,0.945392491467577,0.979806360403844
"pigment biosynthetic process",0.68195879654381,0.943781942078365,0.979806360403844
"negative regulation of plasma membrane bounded cell projection assembly",-0.679993890077351,0.941441441441441,0.979806360403844
"regulation of actin nucleation",0.661877650660533,0.943760984182777,0.979806360403844
"glycoprotein catabolic process",0.656407032316146,0.941592920353982,0.979806360403844
"positive regulation of erythrocyte differentiation",0.656180584557231,0.9449378330373,0.979806360403844
"regulation of Rac protein signal transduction",0.655891863141001,0.94045534150613,0.979806360403844
"stress granule assembly",0.653202013050304,0.945993031358885,0.980018711282291
"regulation of sterol transport",0.677631260777849,0.947098976109215,0.980754249089684
"regulation of smoothened signaling pathway",0.736725524332372,0.948453608247423,0.98133650276895
"regulation of insulin receptor signaling pathway",-0.715581035618389,0.94811320754717,0.98133650276895
"biological process involved in symbiotic interaction",-0.792020143007413,0.952254641909814,0.981507960818306
"leukocyte proliferation",0.785309436960861,0.952978056426332,0.981507960818306
"regulation of B cell activation",-0.756510917066275,0.949152542372881,0.981507960818306
"positive regulation of DNA-templated transcription initiation",-0.74989910417159,0.949760765550239,0.981507960818306
"viral gene expression",-0.743138708679459,0.952830188679245,0.981507960818306
"myeloid leukocyte mediated immunity",-0.73686482199849,0.950118764845606,0.981507960818306
"protein localization to cilium",0.721756180788285,0.951304347826087,0.981507960818306
"regulation of leukocyte apoptotic process",-0.705613294973038,0.950704225352113,0.981507960818306
"neutrophil migration",0.700402155273466,0.951557093425606,0.981507960818306
"anoikis",-0.661493037370271,0.952164009111617,0.981507960818306
"signaling receptor ligand precursor processing",0.645486578215694,0.952961672473868,0.981507960818306
"response to acetylcholine",-0.66894054013523,0.953810623556582,0.981957154841918
"specification of animal organ identity",0.652180334322679,0.954305799648506,0.982058772633714
"negative regulation of cell adhesion",-0.800237279667026,0.957333333333333,0.984594210823802
"angiogenesis involved in wound healing",0.629139461425243,0.957564575645756,0.984594210823802
"response to virus",-0.831185980216517,0.959654178674352,0.985758549134427
"positive regulation of receptor signaling pathway via STAT",0.632132538262783,0.96028880866426,0.985758549134427
"GPI anchor metabolic process",0.610482689834454,0.960216998191682,0.985758549134427
"isoprenoid biosynthetic process",-0.606900393336041,0.959910913140312,0.985758549134427
"cranial skeletal system development",-0.698154659492657,0.961995249406176,0.985875975498178
"positive regulation of pattern recognition receptor signaling pathway",-0.683012132982418,0.961995249406176,0.985875975498178
"viral protein processing",0.639737919104727,0.961335676625659,0.985875975498178
"hyperosmotic response",0.612375773678902,0.961254612546125,0.985875975498178
"regulation of synapse structure or activity",0.801853851234175,0.962732919254658,0.98622392100653
"protein O-linked glycosylation",-0.768744305830881,0.96401028277635,0.987124212665158
"regulation of DNA-templated transcription initiation",-0.73185006157024,0.964953271028037,0.987681509229937
"response to heat",0.711447342737316,0.967353951890034,0.98768991707816
"T-helper 1 type immune response",-0.664665544061876,0.966101694915254,0.98768991707816
"negative regulation of gliogenesis",-0.631799179948797,0.967289719626168,0.98768991707816
"negative regulation of chemotaxis",0.630386868661516,0.966608084358524,0.98768991707816
"activated T cell proliferation",0.622002683949452,0.965703971119134,0.98768991707816
"positive regulation of defense response to virus by host",0.598865363564227,0.966789667896679,0.98768991707816
"syncytium formation",0.705995727308057,0.968641114982578,0.988596638571012
"leukocyte apoptotic process",0.687286811785422,0.970383275261324,0.988750026123848
"myeloid cell development",0.675399158308626,0.97053726169844,0.988750026123848
"inner ear receptor cell development",0.654834153999349,0.969439728353141,0.988750026123848
"neutrophil chemotaxis",0.633251827281697,0.971186440677966,0.988750026123848
"regulation of keratinocyte proliferation",0.61667107943623,0.9701230228471,0.988750026123848
"positive regulation of lymphocyte migration",0.587901736066176,0.970909090909091,0.988750026123848
"epidermis development",0.770763582618096,0.972006220839813,0.989178064511182
"viral process",0.800275268861813,0.972434915773354,0.989207920480738
"vitamin metabolic process",0.577499876087025,0.972875226039783,0.989249562767054
"intraciliary transport",0.644542617322878,0.974704890387858,0.989493122291313
"polyol biosynthetic process",-0.64396160616193,0.973557692307692,0.989493122291313
"amino sugar metabolic process",-0.637608277126082,0.974712643678161,0.989493122291313
"negative regulation of cellular response to insulin stimulus",-0.617273001730104,0.974178403755869,0.989493122291313
"skin epidermis development",0.710426637470452,0.976068376068376,0.990463485260699
"placenta blood vessel development",0.602107756491372,0.976534296028881,0.990530487822907
"heart formation",0.588231897473474,0.97723292469352,0.990833382916844
"postsynapse organization",0.749972790048591,0.977848101265823,0.991051451241998
"positive regulation of cell-cell adhesion",-0.80598646665141,0.980609418282548,0.991475198163624
"monoatomic anion transport",0.713533687506521,0.979763912310287,0.991475198163624
"ER-nucleus signaling pathway",-0.655813784482302,0.980440097799511,0.991475198163624
"postsynaptic membrane organization",0.60277387700873,0.980633802816901,0.991475198163624
"regulation of muscle organ development",0.583303774494451,0.978984238178634,0.991475198163624
"interleukin-10 production",0.583223110535503,0.98066783831283,0.991475198163624
"organophosphate ester transport",-0.744517735924694,0.982005141388175,0.991792242034434
"response to fungus",-0.58287321814978,0.981776765375854,0.991792242034434
"myeloid leukocyte cytokine production",-0.571030219637089,0.982182628062361,0.991792242034434
"viral life cycle",0.746721532341884,0.984301412872841,0.992031886170978
"negative regulation of nervous system development",0.703935831513097,0.983443708609272,0.992031886170978
"negative regulation of cell-substrate adhesion",0.614561963179064,0.984822934232715,0.992031886170978
"positive regulation of mitochondrial membrane permeability",-0.602615972551541,0.984340044742729,0.992031886170978
"regulation of cell adhesion mediated by integrin",0.588621799285054,0.984154929577465,0.992031886170978
"collateral sprouting",-0.569774612894096,0.984513274336283,0.992031886170978
"Rac protein signal transduction",0.596664858631693,0.986230636833046,0.993046051803031
"neuron migration",-0.758385138154011,0.986876640419947,0.993098791670289
"metallo-sulfur cluster assembly",0.527973442458787,0.987084870848708,0.993098791670289
"heparan sulfate proteoglycan metabolic process",-0.577292846324727,0.988262910798122,0.993880320766118
"glycolipid biosynthetic process",0.617109345892193,0.989492119089317,0.994309119263383
"negative regulation of cell-matrix adhesion",0.548122752461145,0.989090909090909,0.994309119263383
"lytic vacuole organization",0.668497920115491,0.993344425956739,0.996581504460621
"regulation of lamellipodium organization",0.56431236978211,0.993185689948893,0.996581504460621
"lymphocyte costimulation",-0.552698827475232,0.993362831858407,0.996581504460621
"negative regulation of signal transduction in absence of ligand",0.502739108635336,0.992619926199262,0.996581504460621
"protein processing",0.675533098047144,0.995145631067961,0.997965881844267
"mitochondrial outer membrane permeabilization",0.527717739689469,0.996447602131439,0.998867143051224
"embryonic skeletal system morphogenesis",-0.644367647336957,0.997647058823529,0.999097297763964
"protein transmembrane transport",0.560146954487704,0.998290598290598,0.999097297763964
"myoblast fusion",0.514892402265863,0.998290598290598,0.999097297763964
"disruption of anatomical structure in another organism",0.505555432994494,0.99820788530466,0.999097297763964
"regulation of cellular response to insulin stimulus",-0.528088369177983,1,1
"mammary gland duct morphogenesis",0.426051078528366,1,1
