"go_description","NES","pval","padj"
"ribosome biogenesis",-3.04099878988161,1.62958403481335e-38,4.03647965423267e-35
"rRNA metabolic process",-2.98175505780993,1.89214150432927e-32,2.3434172531118e-29
"rRNA processing",-2.97842036071046,9.47040949251758e-29,7.81940143765534e-26
"mitochondrial gene expression",-2.93025323353155,3.804831948563e-24,2.35614218414764e-21
"tRNA metabolic process",-2.83526746380953,7.88008542308135e-24,3.9037943185945e-21
"mitochondrial translation",-2.9871851630931,1.25351375472398e-23,5.17492261741883e-21
"oxidative phosphorylation",-2.92819855766323,1.15697518744132e-19,4.09403934184593e-17
"heart morphogenesis",2.49036388831969,1.15102250489675e-18,3.16786971625473e-16
"pattern specification process",2.3495997179178,1.05712133279305e-18,3.16786971625473e-16
"sensory system development",2.35850110793928,2.38848833228336e-18,5.91628559906588e-16
"maturation of SSU-rRNA",-2.8979511619944,2.58020630748242e-17,5.81015547603087e-15
"mitochondrion organization",-2.2951416163682,2.93749972827439e-17,6.06348902244639e-15
"DNA replication",-2.3748311117575,3.78122874221253e-17,7.20469507266188e-15
"renal system development",2.3807364415132,6.69702972450841e-17,1.18489590197195e-14
"ATP synthesis coupled electron transport",-2.90488829946321,1.0430639059408e-16,1.72244619667691e-14
"ribosomal small subunit biogenesis",-2.78658509205995,2.11155084235259e-16,3.2689446478171e-14
"protein-RNA complex organization",-2.45146367466788,6.48561609124357e-16,9.44992415177078e-14
"external encapsulating structure organization",2.36211852046209,7.49136882160032e-16,1.03089558728355e-13
"mesenchyme development",2.27794497673409,8.80588417521688e-15,1.14800921589538e-12
"embryonic organ development",2.15928444944703,9.54003801367432e-15,1.18153370799356e-12
"regulation of translation",-2.2335596965076,1.23027739374623e-14,1.45114147824258e-12
"electron transport chain",-2.68358640980078,2.02992997326322e-14,2.23928820997877e-12
"embryonic organ morphogenesis",2.31877774507759,2.07927447838158e-14,2.23928820997877e-12
"RNA modification",-2.498293914384,2.28354120646069e-14,2.35680482016798e-12
"cellular respiration",-2.27572091472232,4.10486437905956e-14,4.06709962677221e-12
"tRNA processing",-2.5648543659345,8.8434020775308e-14,8.42504113309377e-12
"nucleotide biosynthetic process",-2.40522687338943,9.2183990732341e-14,8.45702759422255e-12
"mesenchymal cell differentiation",2.27621235944437,1.4787067506834e-13,1.30812736480099e-11
"nucleoside phosphate biosynthetic process",-2.24891534987128,1.53217666915862e-13,1.30869021017444e-11
"cardiac chamber development",2.42611034130371,1.90912546903627e-13,1.57630126226762e-11
"spliceosomal snRNP assembly",-2.69214244246794,2.58683388503604e-13,2.06696372039815e-11
"mitochondrial respiratory chain complex assembly",-2.65416902255158,2.93695561327652e-13,2.27338720440186e-11
"macromolecule methylation",-2.50652316993403,3.27669755639586e-13,2.45950904460381e-11
"DNA-templated DNA replication",-2.42640253937691,4.62948312606844e-13,3.29453713831882e-11
"protein folding",-2.38634091124988,4.65517964639317e-13,3.29453713831882e-11
"cell surface receptor protein serine/threonine kinase signaling pathway",2.1161893435047,1.04768749648346e-12,7.20867202441533e-11
"proton motive force-driven ATP synthesis",-2.66981250280798,1.79849866325273e-12,1.20402194293973e-10
"gastrulation",2.35957760288803,2.25587344559502e-12,1.47047329598391e-10
"ribosomal large subunit biogenesis",-2.59731830775919,2.33052687938213e-12,1.48018335390501e-10
"amino acid metabolic process",-2.27112177684111,2.80707421903573e-12,1.73828071013788e-10
"epithelial tube morphogenesis",2.13527305078881,3.25094878236099e-12,1.96404881314834e-10
"mesonephros development",2.58517853344914,3.59490565354618e-12,2.12013840567474e-10
"RNA localization",-2.3007958920134,4.67150844956493e-12,2.69100614641217e-10
"nucleoside triphosphate biosynthetic process",-2.49432772299245,6.47777762405853e-12,3.6466943579075e-10
"cell-substrate adhesion",2.08935022079519,7.06161165884492e-12,3.8870249064353e-10
"regulation of cellular response to growth factor stimulus",2.14912793363532,7.66830430077113e-12,4.12921516369785e-10
"artery development",2.48829759358248,8.43767254886158e-12,4.4468329581979e-10
"cardiac septum development",2.47046347509568,8.92712133699402e-12,4.51275092892534e-10
"generation of precursor metabolites and energy",-2.01959200691219,8.91316799056361e-12,4.51275092892534e-10
"positive regulation of translation",-2.42218356881261,9.99151106361374e-12,4.94979458091425e-10
"kidney epithelium development",2.39342083143078,1.13677397379988e-11,5.52115516294569e-10
"skeletal system morphogenesis",2.24469419346744,1.74473838406105e-11,8.31099418715237e-10
"cardiac ventricle development",2.37768872288921,2.71317327463175e-11,1.26802456627601e-09
"ATP biosynthetic process",-2.49438994381942,4.52009358045202e-11,1.99933424978208e-09
"epithelial to mesenchymal transition",2.30742575426395,4.47023049132763e-11,1.99933424978208e-09
"response to BMP",2.30620745283775,4.43762819264065e-11,1.99933424978208e-09
"cartilage development",2.23861730685658,4.81381724764305e-11,2.0918991793705e-09
"cardiac chamber morphogenesis",2.35476608070355,5.63117778143991e-11,2.40490126976322e-09
"ribose phosphate biosynthetic process",-2.32647087534528,7.78227621346689e-11,3.2672369797894e-09
"gland development",1.97727865581988,8.24216898151914e-11,3.40264209453715e-09
"cardiac muscle tissue development",2.16165371452728,8.41719210516871e-11,3.41793194172179e-09
"RNA methylation",-2.51623079355792,8.74543541195772e-11,3.49394250248698e-09
"regulation of nervous system development",1.96862776712298,1.29900888449421e-10,5.10737302681293e-09
"endocardial cushion development",2.52740072210978,1.3993065032236e-10,5.4157534507576e-09
"response to type I interferon",-2.41633079009472,1.45416285619634e-10,5.54147906892051e-09
"purine-containing compound biosynthetic process",-2.16120450795484,1.48605941041642e-10,5.57722599939616e-09
"nucleoside triphosphate metabolic process",-2.11319696321685,1.77313552930599e-10,6.55530851655363e-09
"nephron development",2.31265298691457,1.93242664911746e-10,7.03914824979992e-09
"sensory organ morphogenesis",2.0837633534902,2.21975762577071e-10,7.96860817251312e-09
"connective tissue development",2.07435643466824,2.47318360188941e-10,8.75153683125725e-09
"regulation of transmembrane receptor protein serine/threonine kinase signaling pathway",2.10882586335978,2.70486157892091e-10,9.43653821265789e-09
"morphogenesis of a branching structure",2.19503762606975,2.74643270558445e-10,9.44849140518427e-09
"translational initiation",-2.34644744362838,3.03278248757334e-10,1.02906879749578e-08
"regulation of cell junction assembly",2.09667729235155,3.58876934425424e-10,1.20126779266456e-08
"outflow tract morphogenesis",2.4003037670872,5.14555153128238e-10,1.69940415239819e-08
"roof of mouth development",2.38302866157977,8.95677304208293e-10,2.91920089805782e-08
"establishment of protein localization to organelle",-1.88735813639893,9.30968315096842e-10,2.99481625518815e-08
"muscle tissue development",1.89949242586341,9.48781776644504e-10,3.01299033429287e-08
"formation of primary germ layer",2.27697737030667,9.92386167050871e-10,3.11157029846203e-08
"mesenchyme morphogenesis",2.4573501681822,1.20656670115252e-09,3.73583214844349e-08
"chromosome segregation",-1.87350454108814,1.45296854730636e-09,4.44321369342946e-08
"reproductive system development",2.04537940655531,1.86947700879457e-09,5.64718847656602e-08
"muscle cell differentiation",1.87663826020313,2.17459089849375e-09,6.48971283803497e-08
"spliceosomal tri-snRNP complex assembly",-2.52367512519114,2.36850847821071e-09,6.98428035777136e-08
"amino acid activation",-2.48697495733077,3.00060183688027e-09,8.74410676464992e-08
"GO:0072655",-2.19912462168064,3.38006057304242e-09,9.62345981543228e-08
"mitotic cell cycle phase transition",-1.86406474482865,3.36103135839674e-09,9.62345981543228e-08
"maturation of SSU-rRNA from tricistronic rRNA transcript (SSU-rRNA, 5.8S rRNA, LSU-rRNA)",-2.55329882493709,4.20936709451294e-09,1.18484116967143e-07
"Wnt signaling pathway",1.80382180740048,5.28402420866282e-09,1.47062111964695e-07
"homophilic cell-cell adhesion",2.1927846058653,5.39697507308158e-09,1.48536747289145e-07
"endocardial cushion morphogenesis",2.4866896934015,5.57449387981594e-09,1.517364982451e-07
"heart valve development",2.32422416315347,5.65204296119379e-09,1.52175113205185e-07
"mitochondrial electron transport, NADH to ubiquinone",-2.46780899468983,6.83031459123155e-09,1.81921389704092e-07
"regulation of synapse structure or activity",1.96160412398147,7.28274995945415e-09,1.91908209037957e-07
"tRNA modification",-2.32600635278262,7.36385765036102e-09,1.92002898946782e-07
"digestive system development",2.17781226280355,7.84557480331419e-09,1.99542560164248e-07
"cell fate commitment",2.04630560168128,7.73987643924589e-09,1.99542560164248e-07
"regulation of chromosome organization",-1.9873145532004,7.89469959470986e-09,1.99542560164248e-07
"endocrine system development",2.28820355245748,8.71202571360997e-09,2.17976643359716e-07
"ear development",2.04569338652321,9.21729415926636e-09,2.28312376325028e-07
"mitotic sister chromatid segregation",-2.08531403123337,9.83251048410693e-09,2.38775769305224e-07
"positive regulation of MAPK cascade",1.83580030487469,9.76211288348837e-09,2.38775769305224e-07
"GO:1903050",-2.00261809713509,1.06903391323489e-08,2.57087087677945e-07
"smooth muscle cell differentiation",2.3849641549418,1.09650795360826e-08,2.61158673181506e-07
"ossification",1.85549527154011,1.51504736773569e-08,3.57406888560124e-07
"neuron projection guidance",2.04076425734621,1.63721721417149e-08,3.82583682971961e-07
"regulation of AMPA receptor activity",-2.53915820588026,1.79560672882684e-08,4.15674567037764e-07
"regulation of cell cycle phase transition",-1.80968424207976,1.88074082200213e-08,4.31351390379561e-07
"maturation of 5.8S rRNA",-2.44118547250368,1.996920105687e-08,4.53795513925385e-07
"retina development in camera-type eye",2.13984289539606,2.1061548906918e-08,4.74267787658509e-07
"endocardial cushion formation",2.4313971167654,2.23963734085668e-08,4.98985130991335e-07
"response to transforming growth factor beta",1.95154131175806,2.25621052365884e-08,4.98985130991335e-07
"cardiac septum morphogenesis",2.31264248900804,2.44226969600973e-08,5.35354162567797e-07
"negative regulation of cellular response to growth factor stimulus",2.26029728215957,2.64776076807455e-08,5.7530731776497e-07
"maturation of LSU-rRNA",-2.47969117550804,2.75926533505478e-08,5.89198296114715e-07
"glycoprotein metabolic process",1.84215236464871,2.73681266633494e-08,5.89198296114715e-07
"anterior/posterior pattern specification",2.06320713587695,3.61732426595627e-08,7.65821556134503e-07
"heart valve morphogenesis",2.33586212615541,3.73152905566716e-08,7.83304870414199e-07
"nephron epithelium development",2.21982412016053,4.32658527553607e-08,8.95312401040637e-07
"positive regulation of nervous system development",1.93549149154929,4.33740363846897e-08,8.95312401040637e-07
"nuclear chromosome segregation",-1.87754350546256,4.40940708112881e-08,9.02653003302154e-07
"endothelial cell migration",1.96580996131718,4.59017975660865e-08,9.31956988288494e-07
"telomere organization",-2.09168218837315,4.79130688445706e-08,9.64883508357734e-07
"smoothened signaling pathway",2.1160767690996,5.08266556963843e-08,1.01530343677374e-06
"appendage morphogenesis",2.09533439430027,5.55773849157024e-08,1.10132145948956e-06
"regulation of epithelial to mesenchymal transition",2.2066203224022,5.92275781228561e-08,1.16433897627234e-06
"RNA splicing",-1.75110722499516,5.98900899677383e-08,1.16809254212668e-06
"phosphatidylinositol 3-kinase/protein kinase B signal transduction",1.87971216473378,6.77884106484867e-08,1.31181166543986e-06
"coronary vasculature development",2.38559392334362,7.02929325180067e-08,1.34973328563645e-06
"positive regulation of cell junction assembly",2.22424422838577,7.34284288747564e-08,1.39909398709824e-06
"branching morphogenesis of an epithelial tube",2.11264601357077,7.73974531150566e-08,1.44167070105763e-06
"proton transmembrane transport",-2.10521881521341,7.72532919010795e-08,1.44167070105763e-06
"eye morphogenesis",2.07848224968408,7.74090445057187e-08,1.44167070105763e-06
"ribose phosphate metabolic process",-1.84601389430549,7.87558301245522e-08,1.4558073971531e-06
"regulation of translational initiation",-2.26143038183752,9.20901314931374e-08,1.68968337561853e-06
"regulation of synapse assembly",2.05536666601406,9.35854966100852e-08,1.70449466987633e-06
"cell cycle checkpoint signaling",-2.00643234864856,9.91631642580435e-08,1.79289896253411e-06
"synapse assembly",1.90572077817181,1.01431142650437e-07,1.82061550974733e-06
"ventricular septum development",2.25071341893518,1.03258758522264e-07,1.84008593424208e-06
"gland morphogenesis",2.12336799468523,1.04094861830137e-07,1.84173551966606e-06
"artery morphogenesis",2.27182370600383,1.33618471360983e-07,2.33079544761376e-06
"nuclear-transcribed mRNA catabolic process",-2.1170317222919,1.32680960842583e-07,2.33079544761376e-06
"bone development",1.94099006494134,1.35334086766209e-07,2.34421351692238e-06
"cardiac conduction system development",2.35108382838523,1.38265772732715e-07,2.37836332679816e-06
"respiratory system development",1.92686706444746,1.41406073154059e-07,2.41560581519038e-06
"regulation of neurogenesis",1.82995549375534,1.42907199196034e-07,2.42452830416834e-06
"embryonic skeletal system development",2.16162632913434,1.4552529195048e-07,2.45215066776421e-06
"spliceosomal conformational changes to generate catalytic conformation",-2.35194788535192,1.49491577299331e-07,2.50196376331381e-06
"transforming growth factor beta receptor signaling pathway",1.94637333423754,1.51309770082403e-07,2.51539798989337e-06
"regulation of neurotransmitter receptor activity",-2.41698857724983,1.52992141146775e-07,2.52641022413708e-06
"regulation of mitotic cell cycle phase transition",-1.79833891184428,1.77777255759522e-07,2.91625339414792e-06
"renal tubule development",2.17555936181071,2.00513356618375e-07,3.2675762127876e-06
"collagen metabolic process",2.20230443746207,2.11923183748213e-07,3.43093938656421e-06
"mesoderm morphogenesis",2.25032330528133,2.18106022417034e-07,3.50810790601943e-06
"protein localization to mitochondrion",-2.2612584146665,2.34212344300499e-07,3.74286436666024e-06
"ATP metabolic process",-1.97604858231298,2.37437290948792e-07,3.77007801077024e-06
"embryonic appendage morphogenesis",2.11168603373562,2.4095215323213e-07,3.80151900354131e-06
"odontogenesis of dentin-containing tooth",2.26981578981139,2.76809440270352e-07,4.3245970548154e-06
"forebrain development",1.75756191852384,2.77598276833124e-07,4.3245970548154e-06
"mesoderm development",2.077534625982,2.79614693776752e-07,4.32878497803135e-06
"regulation of DNA replication",-2.12834549497517,2.87807945993589e-07,4.42795206351627e-06
"muscle organ development",1.80403876607941,2.93153931580679e-07,4.48235980571199e-06
"RNA 5'-end processing",-2.32807955830453,3.0250597612896e-07,4.56894696872826e-06
"specification of symmetry",2.04454815113124,3.0096474059917e-07,4.56894696872826e-06
"proteoglycan metabolic process",2.07306237472451,3.05229423158268e-07,4.58214109795775e-06
"maturation of 5.8S rRNA from tricistronic rRNA transcript (SSU-rRNA, 5.8S rRNA, LSU-rRNA)",-2.37337387408942,3.40034545058481e-07,5.07388896451721e-06
"regulation of neuron projection development",1.74891116463758,3.6841901346148e-07,5.46451434936578e-06
"alpha-amino acid metabolic process",-2.04108242686792,3.7498411278669e-07,5.52878361531328e-06
"mitochondrial membrane organization",-2.1048694046924,4.38803724671757e-07,6.43146050894641e-06
"vascular endothelial growth factor signaling pathway",2.2766625712438,4.68007514892521e-07,6.8191447905222e-06
"heterophilic cell-cell adhesion",2.29628540350182,4.79858357056782e-07,6.91051831645145e-06
"kidney morphogenesis",2.15055952073689,4.79560930095693e-07,6.91051831645145e-06
"inner mitochondrial membrane organization",-2.23742267813142,5.08088663275006e-07,7.27477236376988e-06
"rRNA modification",-2.27606400471147,6.31511701770803e-07,8.98996830624298e-06
"cellular response to vascular endothelial growth factor stimulus",2.19463114013897,6.47640281924002e-07,9.16688559043288e-06
"positive regulation of transmembrane receptor protein serine/threonine kinase signaling pathway",2.10870294146911,6.68659033467175e-07,9.41061605623972e-06
"positive regulation of synapse assembly",2.2344369063174,6.81865501818401e-07,9.54226467798971e-06
"cardiac epithelial to mesenchymal transition",2.29710334672525,6.8847272567323e-07,9.5632659190683e-06
"canonical Wnt signaling pathway",1.78801556152295,6.91087848006954e-07,9.5632659190683e-06
"negative regulation of nervous system development",2.04666087816548,7.26210221765677e-07,9.99345955174212e-06
"DNA-templated transcription initiation",-1.84411669872505,7.34433865440682e-07,1.00507883132407e-05
"regulation of BMP signaling pathway",2.1153066945157,8.35746755649605e-07,1.13744215040883e-05
"taxis",1.75605263368477,8.53000706887227e-07,1.15458073822932e-05
"sister chromatid segregation",-1.85790765433286,9.03005820167903e-07,1.21562250899777e-05
"ERK1 and ERK2 cascade",1.82462403558445,9.15384026760121e-07,1.22562499150531e-05
"metanephros development",2.17357587523944,9.29774767406082e-07,1.23820005315315e-05
"ameboidal-type cell migration",1.87552136730171,9.34887104450114e-07,1.23835045867537e-05
"regulation of endothelial cell migration",1.9767810971427,9.51485313378206e-07,1.25363251129671e-05
"nephron morphogenesis",2.18026198976379,9.65815457821572e-07,1.26578036456298e-05
"mesonephric tubule morphogenesis",2.22749334410515,9.72684786599934e-07,1.26807379810949e-05
"aorta development",2.17735614802151,1.00369004469698e-06,1.30164410508608e-05
"extracellular matrix assembly",2.24561354326449,1.01690539650132e-06,1.31191388913217e-05
"substrate adhesion-dependent cell spreading",2.07114485935927,1.06252168566135e-06,1.36366125149386e-05
"mitochondrial RNA metabolic process",-2.19606046462039,1.07974563250939e-06,1.3786236761473e-05
"regulation of ossification",2.03884510774171,1.11180024983488e-06,1.41227139427744e-05
"sex differentiation",1.87378394143925,1.13390964219461e-06,1.43300723658982e-05
"negative regulation of transmembrane receptor protein serine/threonine kinase signaling pathway",1.99781310724341,1.1430143216656e-06,1.43718095165771e-05
"cardiac ventricle morphogenesis",2.14795822299393,1.16321241822274e-06,1.45519048481704e-05
"collagen fibril organization",2.17098072733646,1.19859583362373e-06,1.49192054265628e-05
"RNA splicing, via transesterification reactions",-1.79828984853202,1.2055188091588e-06,1.49303504514317e-05
"semi-lunar valve development",2.24870024596833,1.22424531493214e-06,1.50868440054075e-05
"establishment of RNA localization",-1.97611670974738,1.2333705848377e-06,1.51240541516979e-05
"NADH dehydrogenase complex assembly",-2.30708980965956,1.25520302905155e-06,1.53159502608901e-05
"nuclear transport",-1.79544501242055,1.26635512103524e-06,1.53762825235504e-05
"mRNA 3'-end processing",-2.27111943904968,1.28670681059194e-06,1.55471842431036e-05
"negative regulation of cell cycle process",-1.75624803727604,1.33871614234716e-06,1.60320654245609e-05
"regulation of protein catabolic process",-1.72622099907469,1.33978100237549e-06,1.60320654245609e-05
"striated muscle cell differentiation",1.77979824885857,1.3769308280695e-06,1.63973926015777e-05
"mRNA catabolic process",-1.79192329106583,1.55957560431449e-06,1.84835826406076e-05
"ventricular cardiac muscle tissue development",2.1564538049541,1.70908049263385e-06,2.0159011334543e-05
"regulation of vasculature development",1.81456176685817,1.79269111569623e-06,2.10450042349742e-05
"response to oxidative stress",-1.69460177876614,1.87459537503217e-06,2.19027016224278e-05
"embryonic heart tube development",2.07314569744706,1.91412093129011e-06,2.22595189990873e-05
"dicarboxylic acid metabolic process",-2.12662186266005,1.99251666712484e-06,2.30043848895103e-05
"cell-matrix adhesion",1.8491898820209,1.99674717450331e-06,2.30043848895103e-05
"nuclear export",-1.95203115689424,2.06542878941569e-06,2.36854958860309e-05
"telomere maintenance via telomere lengthening",-2.14444219675782,2.13665047180933e-06,2.43893235883489e-05
"cytoplasmic translational initiation",-2.22842077389209,2.19790459077657e-06,2.497343885942e-05
"embryonic camera-type eye development",2.26185231364829,2.33931905369788e-06,2.64588734977609e-05
"lung alveolus development",2.21810376868567,2.48629067535962e-06,2.7993372740299e-05
"ribosome assembly",-2.12985213561776,2.61848608959142e-06,2.93483712394477e-05
"regulation of animal organ morphogenesis",2.11603033853425,2.71097900401755e-06,3.02481756439256e-05
"methylation",-1.86324238549897,2.75468731919911e-06,3.05980291015972e-05
"nerve development",2.10895337311167,2.79896209542583e-06,3.08134627127546e-05
"positive regulation of ERK1 and ERK2 cascade",1.91554096813777,2.79830776676842e-06,3.08134627127546e-05
"cochlea development",2.20315971698456,2.83523373204118e-06,3.10746635144514e-05
"camera-type eye morphogenesis",1.97124785321521,2.95276870887282e-06,3.2078982859114e-05
"appendage development",1.89683907381215,2.94158991003733e-06,3.2078982859114e-05
"animal organ formation",2.14495489998704,2.98062687990276e-06,3.22402304869832e-05
"protein transmembrane transport",-2.14222081361674,3.42849162731328e-06,3.69233641776304e-05
"positive regulation of epithelial to mesenchymal transition",2.14932973956781,3.83058733970152e-06,4.10751724694401e-05
"muscle organ morphogenesis",2.05850575372854,3.90344143416321e-06,4.16759673811305e-05
"metallo-sulfur cluster assembly",-2.30823376115462,4.03897375069511e-06,4.29379312466601e-05
"regulation of smoothened signaling pathway",2.06039419013769,4.2454652512419e-06,4.49402454159239e-05
"digestive tract morphogenesis",2.22519732022949,4.29089152957174e-06,4.52278226329753e-05
"metaphase chromosome alignment",-1.96096661468067,4.32720246713702e-06,4.54172903012644e-05
"negative chemotaxis",2.22249701179985,4.53608273472776e-06,4.74087634342644e-05
"meiotic cell cycle",-1.76451619583186,4.62069502165288e-06,4.80901746581268e-05
"cardiac muscle tissue morphogenesis",2.12266323131171,4.65862994573606e-06,4.82821187263106e-05
"regulation of Wnt signaling pathway",1.6830340437292,4.76489673087582e-06,4.91777050099142e-05
"regulation of proteolysis",-1.68268729005845,4.91848918784543e-06,5.0552272690013e-05
"protein insertion into membrane",-2.09553662593206,5.0478650193237e-06,5.1667610135805e-05
"RNA export from nucleus",-2.09214040826646,5.11024315228385e-06,5.20803878913913e-05
"biomineral tissue development",1.93066023157892,5.13024410395619e-06,5.20803878913913e-05
"cardiocyte differentiation",1.89792545803019,5.15542115040538e-06,5.21223599573638e-05
"vasculogenesis",2.0822759700421,5.21816461268212e-06,5.25422509984293e-05
"L-amino acid metabolic process",-1.93472653070017,5.31982937621025e-06,5.31339409873902e-05
"negative regulation of Wnt signaling pathway",1.86425111576026,5.30423743103564e-06,5.31339409873902e-05
"cytochrome complex assembly",-2.17348970011241,5.98899493178983e-06,5.95772708676442e-05
"RNA 3'-end processing",-2.0296937172016,6.43982471514202e-06,6.38057832776271e-05
"pharyngeal system development",2.18969822441786,6.53676469387936e-06,6.42522466140443e-05
"aortic valve morphogenesis",2.12225898528777,6.53016293759892e-06,6.42522466140443e-05
"developmental growth involved in morphogenesis",1.75537848750711,6.99270858544274e-06,6.84622101428524e-05
"cranial nerve development",2.20196101321374,7.10365000214981e-06,6.9274571083957e-05
"nucleobase-containing compound transport",-1.82806839086782,7.29895698516594e-06,7.09000645186511e-05
"glomerulus development",2.06186722650497,8.03840927924308e-06,7.77778897839262e-05
"regulation of osteoblast differentiation",1.92034811074218,8.2159645042866e-06,7.91865528292525e-05
"calcium-mediated signaling",1.83320876365823,8.53721720337966e-06,8.19639031502769e-05
"female sex differentiation",1.95460366130402,8.93187483328407e-06,8.54218299692843e-05
"mitotic sister chromatid separation",-2.0544146426557,9.49198979533025e-06,9.04294566270501e-05
"mammary gland duct morphogenesis",2.18108769745336,1.05874861548638e-05,0.000100479705768574
"central nervous system neuron differentiation",1.80127155149966,1.0919635193951e-05,0.000103236398379452
"positive regulation of chromosome organization",-1.94591901638,1.10558675436269e-05,0.000104126935002144
"nucleoside monophosphate metabolic process",-2.05590282661632,1.22430691929302e-05,0.000114871524207909
"rRNA transcription",-2.13566321219844,1.25922061562223e-05,0.000117701489241368
"semaphorin-plexin signaling pathway",2.11130422210334,1.27817447887953e-05,0.000119023991886639
"DNA-templated transcription elongation",-1.84663405851609,1.29322403207055e-05,0.000119974379304822
"regulation of blood circulation",1.7272548488497,1.29923821993225e-05,0.000120082577267619
"muscle contraction",1.62776842089315,1.33669006769891e-05,0.000123084806605584
"cardiac muscle cell differentiation",1.87522443619423,1.35046936145798e-05,0.000123435889606325
"muscle cell development",1.77909147052425,1.35005332078504e-05,0.000123435889606325
"negative regulation of ossification",2.18808625479114,1.39178799505705e-05,0.000126744811167511
"neural crest cell differentiation",1.95909267929367,1.41731725305982e-05,0.000128596880433303
"mRNA transport",-1.88309666437843,1.46004615162996e-05,0.000131990303561584
"positive regulation of animal organ morphogenesis",2.13605608530556,1.53151046195987e-05,0.00013794732415544
"regulation of morphogenesis of an epithelium",2.1058330042907,1.55372547517453e-05,0.000138937834007484
"DNA-templated DNA replication maintenance of fidelity",-2.03379181984215,1.55101988721404e-05,0.000138937834007484
"transcription elongation by RNA polymerase II",-1.87472586128844,1.579742477718e-05,0.000140756191270054
"SMAD protein signal transduction",1.97179410755241,1.76033926357162e-05,0.000156285317414584
"dorsal/ventral pattern formation",2.05387332942776,1.77397899013277e-05,0.000156933784234245
"spindle organization",-1.78764867046775,1.7914147596945e-05,0.000157912254795846
"embryonic skeletal system morphogenesis",2.00644818446734,1.80483302505077e-05,0.000158530900817402
"myofibril assembly",2.04892496318387,1.92576189897801e-05,0.000168555202253305
"regulation of telomere maintenance",-1.92444996624305,1.96701864706675e-05,0.000171560041858604
"mitotic cell cycle checkpoint signaling",-1.83285091293335,1.99849094541982e-05,0.000173693406028242
"regulation of morphogenesis of a branching structure",2.09027067171778,2.10008654969792e-05,0.000181885118307754
"mitochondrial RNA processing",-2.19340296503895,2.12920030416974e-05,0.000183764082000991
"RNA-templated DNA biosynthetic process",-2.07098228219696,2.19913341722621e-05,0.000189140745641296
"respiratory chain complex IV assembly",-2.17312919650102,2.34629714019908e-05,0.000201099585338171
"positive regulation of vasculature development",1.7922501647676,2.3649555667613e-05,0.000201999825478198
"outflow tract septum morphogenesis",2.12309459193766,2.38399164355271e-05,0.000202926024092099
"chromosome separation",-1.94201685023312,2.65184759983344e-05,0.000224952962492721
"cellular component assembly involved in morphogenesis",1.86380241741798,2.69444756127655e-05,0.000227011789431361
"ear morphogenesis",1.86116401273158,2.69444756127655e-05,0.000227011789431361
"cardiac atrium development",2.14447600457009,2.780325723865e-05,0.000233453112475037
"negative regulation of response to wounding",1.99808988136313,2.79786660919098e-05,0.000234132283478583
"regulation of cell-substrate adhesion",1.71923482161355,3.11985617874758e-05,0.0002601981062208
"calcium ion import",1.96659638052353,3.29780794029777e-05,0.000272289008937253
"positive regulation of phosphatidylinositol 3-kinase/protein kinase B signal transduction",1.76049435171269,3.27813937818694e-05,0.000272289008937253
"glycoprotein biosynthetic process",1.65242277760555,3.28790360981817e-05,0.000272289008937253
"renal system vasculature development",2.07778754431428,3.35307567256843e-05,0.000275396748285291
"regulation of SMAD protein signal transduction",1.99303123374388,3.35768340662729e-05,0.000275396748285291
"positive regulation of BMP signaling pathway",2.08855831832676,3.44133075982289e-05,0.000281325950233706
"odontogenesis",1.91097833357449,3.60971639883712e-05,0.000294120642102617
"platelet-derived growth factor receptor signaling pathway",1.98778776894968,3.73665994444621e-05,0.000303465792865353
"endothelium development",1.81620383723423,3.87922327566003e-05,0.000314014250124506
"regulation of cell cycle checkpoint",-2.01386248540765,3.9439594012936e-05,0.000317181410292346
"regulation of developmental growth",1.64054228473821,3.93432018569392e-05,0.000317181410292346
"response to fluid shear stress",2.01329917183455,4.01135933928361e-05,0.000321557834414417
"proteoglycan biosynthetic process",1.96247327151895,4.07073895195241e-05,0.000325265173676972
"regulation of signaling receptor activity",-2.04087663692401,4.15525384257106e-05,0.000330950603474229
"DNA replication initiation",-2.08883309188133,4.28810489876291e-05,0.000340437045969094
"Notch signaling pathway",1.78682745867296,4.30773602015664e-05,0.000340902943192588
"inorganic ion import across plasma membrane",1.91346967284378,4.52081431465702e-05,0.000356626020936479
"ventricular cardiac muscle tissue morphogenesis",1.9926464065941,4.67055085326092e-05,0.000367268395667533
"non-canonical Wnt signaling pathway",1.95396214796161,4.84615863918057e-05,0.00037987135915349
"negative regulation of cell development",1.70511349816837,4.90161724828904e-05,0.000381802073082137
"calcium ion transmembrane transport",1.67692531516261,4.88762603629729e-05,0.000381802073082137
"rRNA methylation",-2.16201582424165,4.926116672166e-05,0.000382507554763485
"epithelial cell proliferation",1.59209350786141,5.00955172167879e-05,0.000387770612956199
"regulation of cellular response to transforming growth factor beta stimulus",1.79628442217479,5.12510921286161e-05,0.000395479611222997
"ventricular septum morphogenesis",2.05766382056953,5.16514912858709e-05,0.000397331502841933
"wound healing",1.5830212242891,5.26124717358576e-05,0.000403470874581174
"negative regulation of canonical Wnt signaling pathway",1.79465130460939,5.343195384882e-05,0.000408490585442985
"negative regulation of locomotion",1.63734274189175,5.36445756248585e-05,0.000408854196377768
"GO:0090151",-2.11589036329841,5.42829937862734e-05,0.000412450845425151
"mesenchymal cell proliferation",2.05086440053363,5.45820245386448e-05,0.000413454662942578
"development of primary sexual characteristics",1.72585848705571,5.59247224867974e-05,0.000422333956096943
"proteinogenic amino acid biosynthetic process",-2.05429592741216,5.66855914072741e-05,0.00042677875354352
"head morphogenesis",2.01891123665305,5.77936812591001e-05,0.000433802874178154
"cell-cell junction organization",1.72360137982014,5.98504691098933e-05,0.000447884024124489
"transcription by RNA polymerase I",-1.96494500822597,6.12508079503795e-05,0.000456982684617741
"regulation of chromosome segregation",-1.76949036873578,6.21330212336154e-05,0.000462172653440436
"cell cycle DNA replication",-2.03559720730818,6.47923093445389e-05,0.000479076269392307
"embryonic heart tube morphogenesis",1.95202747869652,6.47384840458344e-05,0.000479076269392307
"regulation of cartilage development",1.95029169399448,6.54437229700754e-05,0.000481021073581236
"DNA biosynthetic process",-1.80765464199931,6.52533030044494e-05,0.000481021073581236
"tricarboxylic acid cycle",-2.09712737267583,6.67447910211703e-05,0.000489132684495381
"regulation of telomere maintenance via telomere lengthening",-2.02782814123844,6.73180544486372e-05,0.000490431826086101
"mitotic spindle organization",-1.81385549406679,6.72014587548473e-05,0.000490431826086101
"mitotic nuclear division",-1.6487572679703,6.96338146500683e-05,0.000505815128704455
"calcium ion transport",1.61058013636436,7.04830586515808e-05,0.000510486948187034
"mRNA export from nucleus",-1.92848809316078,7.17240640914176e-05,0.000517960661091666
"axon extension",1.91093428512128,7.23967916797997e-05,0.000521298991252511
"nuclear-transcribed mRNA catabolic process, nonsense-mediated decay",-2.0293383654761,7.46436666973925e-05,0.000535919891041859
"nucleoside monophosphate biosynthetic process",-2.02443103451621,8.32272900635793e-05,0.00059410373915702
"negative regulation of cell growth",1.76975309738346,8.32078335653808e-05,0.00059410373915702
"stem cell differentiation",1.67957029782392,9.08590133487654e-05,0.000646717747312908
"cardiac atrium morphogenesis",2.05561531513157,9.31695276286239e-05,0.000661263380905735
"development of primary female sexual characteristics",1.84966161730831,9.39146539434556e-05,0.00066464742233697
"negative regulation of BMP signaling pathway",1.98042673867079,9.43934736457732e-05,0.000666132861027294
"chondrocyte differentiation",1.80157373147799,9.58630907472617e-05,0.000674582033468657
"nucleolar large rRNA transcription by RNA polymerase I",-2.06700474570753,9.69198597567354e-05,0.000679330612537893
"transcription initiation at RNA polymerase II promoter",-1.70310573814993,9.70864097046485e-05,0.000679330612537893
"ovulation cycle",1.99556136031035,9.75755225379825e-05,0.000680829772750937
"regulation of heart rate by cardiac conduction",1.96693962374024,9.84268532311426e-05,0.000681682252133266
"striated muscle adaptation",1.9651388865834,9.85233129849451e-05,0.000681682252133266
"negative regulation of neuron projection development",1.78322756533677,9.81300063462827e-05,0.000681682252133266
"ribonucleoside monophosphate biosynthetic process",-2.04652217501057,9.91031236736065e-05,0.000683783948020956
"positive regulation of DNA biosynthetic process",-1.99112844122669,0.000100004838854087,0.000688088849559925
"tRNA methylation",-2.04270883399241,0.000100679316495453,0.00068890239491502
"cell cycle G1/S phase transition",-1.65261515249555,0.000100493426125807,0.00068890239491502
"positive regulation of SMAD protein signal transduction",1.96425740139318,0.00010134315186965,0.000691534399947996
"endoderm development",1.90122018842028,0.000105720608483028,0.000719422931902363
"heparan sulfate proteoglycan metabolic process",2.00232721255619,0.000110967539564305,0.000751001627051321
"regulation of fibroblast growth factor receptor signaling pathway",1.98741961499235,0.000110668242283136,0.000751001627051321
"endothelial cell differentiation",1.7994519122094,0.000112173909585408,0.000755191362377451
"negative regulation of growth",1.6759084039529,0.000112501256648074,0.000755191362377451
"striated muscle contraction",1.67480492360048,0.000112366508324451,0.000755191362377451
"neural tube development",1.70438452462428,0.000114031862539204,0.000763397090566508
"chromosome localization",-1.80140943370635,0.000119026176826978,0.000794684204852893
"alpha-amino acid biosynthetic process",-1.96704157253449,0.000120961561816034,0.000805434915640635
"spliceosomal complex assembly",-1.92513077937418,0.000122969998959384,0.0008166131030091
"apoptotic mitochondrial changes",-1.82758063377568,0.000123703412638721,0.000819287040390675
"actomyosin structure organization",1.65138040435977,0.000126050987424867,0.000832608788937055
"exocrine system development",2.01200162831459,0.000129048047315215,0.000850138332978158
"activin receptor signaling pathway",1.99047115488504,0.000131349928910221,0.000860724269604809
"regulation of cytosolic calcium ion concentration",1.99007988058629,0.000131349928910221,0.000860724269604809
"regulation of muscle system process",1.65321458027002,0.000134064552400899,0.000876194977037012
"postsynapse organization",1.6515815736041,0.000134924888515236,0.000879497233821682
"regulation of protein stability",-1.56190619042712,0.00014131461944791,0.000918730478667909
"regulation of telomere maintenance via telomerase",-1.97552299572797,0.000143500716200293,0.000930500717351115
"regulation of muscle cell differentiation",1.74115673608719,0.000146532853557624,0.000947681144287816
"NADP+ metabolic process",-2.03273401276947,0.000149528146526403,0.000964534424338281
"stem cell development",1.85818164474481,0.000150076125853681,0.000965554711011862
"negative regulation of nuclear division",-1.90736540664282,0.000155162408425945,0.000995692449925038
"negative regulation of epithelial cell proliferation",1.80170845352316,0.000155592959321863,0.000995875349458024
"organ growth",1.72898078898645,0.000157161436734382,0.00100332185255429
"regulation of body fluid levels",1.56003525542587,0.000159316481797962,0.00101446510389088
"gliogenesis",1.57897412194968,0.000162409909456456,0.00103151114288113
"developmental induction",1.9775663390915,0.000164696711789664,0.0010433599874757
"recombinational repair",-1.70153193827681,0.000166154210589574,0.00104990811130198
"male sex differentiation",1.73496742872616,0.000168233134941787,0.00106033963168144
"segmentation",1.85163181587026,0.000171329450308813,0.0010771143360785
"amino acid biosynthetic process",-1.91706175824752,0.000172033062014394,0.001078799733189
"forebrain generation of neurons",1.86326160367067,0.000175358395396152,0.00109687561968754
"mammary gland epithelium development",1.90187518598648,0.000179575430956781,0.00112042403647341
"positive regulation of mitotic cell cycle phase transition",-1.89862789535663,0.000181060983784992,0.00112685441415936
"bone morphogenesis",1.87568784632509,0.000185468739576602,0.00115139365396301
"glycoprotein catabolic process",1.94710938947707,0.000187777519806018,0.00116281229139877
"urogenital system development",1.95514678349349,0.000189135026103085,0.0011682979043824
"adenylate cyclase-modulating G protein-coupled receptor signaling pathway",1.68004481347133,0.000190767345802332,0.00117544954117506
"morphogenesis of embryonic epithelium",1.70622982030967,0.00019301434306754,0.00118634374138535
"protein stabilization",-1.6588776268613,0.00019565953511683,0.00119962541704056
"positive regulation of interleukin-2 production",-1.939707257791,0.000196370755718295,0.00120101323929436
"adenylate cyclase-inhibiting G protein-coupled receptor signaling pathway",1.84038058564844,0.000206293605486759,0.00125135630448167
"neuromuscular process",1.71588382151247,0.000207099306323257,0.00125135630448167
"microtubule cytoskeleton organization involved in mitosis",-1.71161774716145,0.000207128011642102,0.00125135630448167
"cytoplasmic translation",-1.6918790745487,0.000206741894638522,0.00125135630448167
"regulation of muscle contraction",1.67054475916127,0.000205854220313298,0.00125135630448167
"regulation of small GTPase mediated signal transduction",1.56058196357963,0.000208365819044066,0.0012557716150174
"potassium ion transport",1.67544736552657,0.00021749117071151,0.0013075864802243
"regulation of DNA biosynthetic process",-1.8875241762011,0.000218984969873103,0.00131020717482048
"calcium ion transmembrane import into cytosol",1.66937620533588,0.000218555587579234,0.00131020717482048
"atrioventricular valve development",2.00163578574391,0.0002204535737446,0.00131581566786837
"heart formation",2.02454520688092,0.000222481735859101,0.00132472898971873
"cardiac conduction",1.8274772439937,0.000230920994485634,0.00137168178259212
"nuclear receptor-mediated signaling pathway",1.68790539133449,0.000243836622932656,0.0014449361602971
"positive regulation of cell-substrate adhesion",1.7441515586314,0.00024636604848175,0.00145644081644223
"embryonic eye morphogenesis",1.99253849974992,0.00024965232070093,0.00146885700326889
"bone mineralization",1.75273435271365,0.000249571339997405,0.00146885700326889
"embryonic epithelial tube formation",1.69975733292621,0.000250656957806366,0.00147127318598666
"inner ear morphogenesis",1.76682348866643,0.000254472146816805,0.00149013595192725
"positive regulation of telomere maintenance",-1.84700450216843,0.00026192263798501,0.00153014710917187
"protein methylation",-1.88837864517897,0.000263696451110418,0.00153688496329531
"GO:0006626",-1.84125876058903,0.00026451234037716,0.00153802128430569
"negative regulation of mRNA metabolic process",-1.79261960368414,0.000267171588646033,0.00154984549198179
"blood vessel endothelial cell migration",1.7367074237613,0.000276594652975872,0.0016007592416384
"regulation of axonogenesis",1.7108950186709,0.000278160974350713,0.00160607163978255
"regulation of alcohol biosynthetic process",1.93225460826357,0.000279761722660581,0.00161155764425642
"secondary palate development",1.96635028039659,0.000282150988327055,0.00162154987955015
"protein O-linked glycosylation via xylose",1.8879255241485,0.00028385571236105,0.00162757083221834
"regulation of cell size",1.64933501548443,0.000284690868073945,0.00162858956170707
"mitotic metaphase chromosome alignment",-1.8724511338689,0.000291111082606244,0.00166110141762139
"calcium ion homeostasis",1.60116075196086,0.000291715428609328,0.00166110141762139
"CD8-positive, alpha-beta T cell activation",-2.01774597306144,0.000293308102095113,0.00166633983690274
"cilium organization",1.48709071878514,0.000294913878422298,0.00167162855114882
"regulation of biomineral tissue development",1.840826046165,0.000301520728953776,0.00170517544661759
"positive regulation of DNA metabolic process",-1.56629770189144,0.000302414064545703,0.00170633174915651
"osteoblast differentiation",1.59228488338079,0.000316723454783379,0.0017830090852237
"pyridine-containing compound metabolic process",-1.66539601980666,0.000321867600861508,0.00180785951776407
"regulation of extracellular matrix organization",1.8659231804139,0.000329212282218172,0.00184076483759461
"cell-cell junction assembly",1.68384139403918,0.000328920476577597,0.00184076483759461
"protein O-linked glycosylation",1.68914700447774,0.000331126307114789,0.00184729698811561
"lens development in camera-type eye",1.84163241232275,0.000335021910727904,0.00186482982668094
"regulation of bone mineralization",1.81498302712546,0.000338338959348972,0.00187486711925594
"telencephalon development",1.59130151650749,0.000337658875110866,0.00187486711925594
"mesenchymal cell migration",1.84807564555095,0.000347148599045157,0.0019193908032028
"body morphogenesis",1.93610552987891,0.000353995711452359,0.00194978084653743
"regulation of mRNA metabolic process",-1.55702169718698,0.000354219370586129,0.00194978084653743
"histone mRNA metabolic process",-1.96201313709473,0.000359659522967074,0.00197525041723781
"negative regulation of cell projection organization",1.66674185705994,0.000360441335725268,0.00197525041723781
"metanephric nephron development",1.93173487266759,0.000362577425669386,0.00198257016199353
"collagen biosynthetic process",1.9108273348306,0.000366648120431256,0.00200041276279344
"glial cell activation",1.93000131407893,0.00036837854170567,0.00200543658858229
"vascular associated smooth muscle cell differentiation",1.90082252985166,0.000377227966429469,0.00204462510469539
"astrocyte differentiation",1.80453383390327,0.000376650968239006,0.00204462510469539
"regulation of heart contraction",1.60305180391575,0.000385431323322202,0.00208452704774911
"isoprenoid biosynthetic process",-2.00181864668358,0.000388281538885067,0.00209536682313357
"learning or memory",1.55333805788651,0.000398496791909395,0.00214581859469472
"sprouting angiogenesis",1.67727765335645,0.000404088361580959,0.00217120796450333
"regulation of transmembrane transporter activity",-1.82668185278589,0.000414723879487809,0.00222353041015433
"DNA recombination",-1.54434337956036,0.000421494685511215,0.00225495104970039
"double-strand break repair",-1.53912216497313,0.00042245698374471,0.00225522833779234
"dendrite development",1.59812675239763,0.000430439890985599,0.00229290238703511
"negative regulation of lipid localization",1.97450234803141,0.000432746646066054,0.00229531786360946
"sodium ion transport",1.61546175860363,0.000432506040232766,0.00229531786360946
"regulation of epithelial cell proliferation",1.5540417030091,0.000435372621832388,0.00230431193221971
"ovulation cycle process",1.8846392662051,0.000436861931912183,0.00230726440372383
"dendrite morphogenesis",1.67258743397101,0.000438478306481536,0.00231087396841439
"regulation of cellular response to vascular endothelial growth factor stimulus",1.95158323416524,0.000440235734563626,0.00231521000958408
"regulation of mitochondrion organization",-1.73923256240028,0.000444545931088196,0.00233292430361326
"negative regulation of chromosome organization",-1.75379903920037,0.000446377736369676,0.00233758489003739
"DNA strand elongation",-1.85249592960172,0.00045201158754578,0.00236209430875717
"DNA integrity checkpoint signaling",-1.69266694558288,0.000456317321592482,0.00237957474859911
"cell-cell adhesion mediated by cadherin",1.87641875924194,0.000473066878927778,0.00246173667879014
"tissue remodeling",1.61907335676963,0.000477646570747962,0.00248035755920902
"positive regulation of cell cycle phase transition",-1.72410119551116,0.000480473014018624,0.00248535359775393
"regulation of canonical Wnt signaling pathway",1.57490149851665,0.000480615411111882,0.00248535359775393
"negative regulation of cell cycle",-1.48628699060707,0.000489415340422476,0.00252558707963848
"positive regulation of bone mineralization",1.87581476045967,0.000498077476653423,0.00256494367914871
"calcium-dependent cell-cell adhesion",1.88383997280633,0.000521852028182211,0.0026817997381895
"cranial skeletal system development",1.81525802361895,0.000540902148836441,0.00277394331815293
"mesodermal cell differentiation",1.86351424958893,0.000552679878075366,0.00282848772312538
"negative regulation of mitotic cell cycle phase transition",-1.60709392824875,0.000563662578208247,0.00287874681695222
"transcription by RNA polymerase III",-1.81243474849621,0.000568039104224651,0.00288918451984489
"vascular process in circulatory system",1.55485822547835,0.000567641122819231,0.00288918451984489
"pituitary gland development",1.92340951121572,0.000572592523897794,0.0029004328869015
"negative regulation of endothelial cell migration",1.85550813331348,0.000571503550776454,0.0029004328869015
"regulation of postsynapse organization",1.61018443186176,0.000582933621791983,0.00294678894118111
"calcium ion import across plasma membrane",1.92781339453036,0.000585499322592211,0.00295373079849472
"regulation of cell morphogenesis",1.57021401075355,0.000590505425992281,0.00297293077272943
"limbic system development",1.70548984819857,0.000593618759462304,0.00298254293547288
"positive regulation of mitotic cell cycle",-1.67544935509781,0.000598390437541141,0.003000431404432
"specification of animal organ identity",1.88056190420385,0.00060025491821463,0.00300264934185841
"face development",1.8370493760124,0.000601257195624453,0.00300264934185841
"positive regulation of cell adhesion",1.46148425904211,0.000606719888186008,0.00302383332602966
"regulation of cell growth",1.48002950071826,0.000626810346012885,0.0031176892109918
"protein targeting",-1.53915441865311,0.000628249779697883,0.00311858658178689
"embryonic digestive tract development",1.91639910951259,0.000640809037796062,0.00316823151022125
"regulation of coagulation",1.80002856849103,0.000640809037796062,0.00316823151022125
"regulation of mitotic sister chromatid segregation",-1.79482700704951,0.000642340131346365,0.0031694751102489
"positive regulation of cartilage development",1.88512450376239,0.000651249918248951,0.00320704979622793
"heart process",1.53123513719932,0.00065302354309433,0.00320940340524733
"cell fate specification",1.7435464813129,0.000657950020288549,0.00322721227773215
"prostate gland development",1.86114382542559,0.000672694061376172,0.00329037333929407
"peptidyl-tyrosine modification",1.75999537769085,0.00067348376383613,0.00329037333929407
"regulation of monoatomic ion transport",1.51768925420681,0.000675151655823688,0.00329202884148676
"neuron projection extension",1.63750173520639,0.000678915084512228,0.00330387556844163
"integrin-mediated signaling pathway",1.67897939661403,0.000697354943463282,0.00338695724501676
"positive regulation of muscle cell differentiation",1.7920801714994,0.000700544786713467,0.00339579146123142
"face morphogenesis",1.9080600209349,0.000708857864073022,0.0034293768150564
"regulation of extent of cell growth",1.7541229310312,0.000723353934912961,0.00349268556877077
"Wnt signaling pathway, planar cell polarity pathway",1.84300036471075,0.00072685938009546,0.00350278343287248
"positive regulation of chemotaxis",1.67473977693237,0.000733009796862533,0.00352375335441397
"positive regulation of developmental growth",1.60779567435337,0.000734056007621157,0.00352375335441397
"regulation of cell fate commitment",1.83369883082962,0.000751311063290934,0.00359960832450995
"genitalia development",1.92007746472326,0.00076250917930415,0.0036462070214988
"cardiac cell development",1.73326795082956,0.000764034197662759,0.00364645993759278
"autonomic nervous system development",1.83990817649142,0.000772762121713553,0.00368102264516245
"striated muscle cell proliferation",1.7576355005928,0.000780812784053185,0.00371223275642944
"regulation of myeloid cell differentiation",1.60604806284678,0.00078571542909845,0.003728385283289
"endothelial cell apoptotic process",1.79555739055296,0.000795182484556852,0.0037660937174901
"mammary gland morphogenesis",1.81613923892844,0.00079958984499234,0.00377974054588936
"regulation of axon extension",1.7457474374001,0.000806118196525217,0.00380334242436755
"synaptic membrane adhesion",1.90649612223998,0.000817613386580282,0.00385024402767939
"axoneme assembly",1.75293903778628,0.000825113495821497,0.00387818999838681
"tube formation",1.58113296015133,0.000828632626701529,0.00388735419761304
"negative regulation of synaptic transmission",1.84825427306416,0.000832599683198222,0.00389858112529678
"negative regulation of wound healing",1.82839432093152,0.000860022071203153,0.00401938617050983
"aminoglycan metabolic process",1.72852464363795,0.000865110959198438,0.00403555526541343
"pancreas development",1.77386770365932,0.000876273527371475,0.00407994272048711
"cell differentiation involved in kidney development",1.76087897294436,0.000882215885129481,0.00409990384139911
"positive regulation of cytosolic calcium ion concentration",1.69516877725675,0.000895707012857536,0.0041548057506519
"positive regulation of neurogenesis",1.58105925107443,0.000902989183693776,0.00418075552898969
"translational elongation",-1.73462237019454,0.000930096366588511,0.00429822518664131
"positive regulation of ossification",1.80021439847035,0.000974445422539127,0.0044947882898127
"microtubule bundle formation",1.67226802428292,0.000988434165296407,0.00455083908445948
"hormone-mediated signaling pathway",1.58105472887134,0.00102426369567507,0.00470705227121922
"tRNA wobble base modification",-1.92132186796542,0.0010294982661725,0.00472234667649868
"negative regulation of axonogenesis",1.83671424802883,0.00103254965533523,0.00472758871768089
"RNA polymerase II preinitiation complex assembly",-1.79268156497383,0.00104102400395731,0.00475759494059459
"regulation of chemotaxis",1.58744224416852,0.00106538155965608,0.00485994497839432
"somite development",1.73253422386952,0.00106964308589471,0.00487041530103159
"positive regulation of cell projection organization",1.49426698747372,0.00107659717732464,0.00489308478574889
"photoreceptor cell development",1.80666831597757,0.0010840861466322,0.00491809777510615
"negative regulation of response to external stimulus",1.44882273918896,0.00109480600907644,0.00495764988022364
"tetrapyrrole biosynthetic process",-1.89815489410313,0.00110199358447494,0.00498109143931464
"regulation of gliogenesis",1.68778266104613,0.00117118275524883,0.00528418886111356
"mitotic spindle assembly",-1.74453628044482,0.00118062777746858,0.00531711819052666
"cardiac muscle cell proliferation",1.73300472754575,0.00119195874228261,0.00535840617900913
"protein-DNA complex organization",-1.58532052752636,0.00121427083332443,0.00544882038794313
"cell fate determination",1.80989512359732,0.00125061163194168,0.00559256926937408
"sister chromatid cohesion",-1.75252073486065,0.00125082090239533,0.00559256926937408
"muscle cell proliferation",1.55751593565282,0.00127639743878584,0.00569664226283336
"GO:0009064",-1.78772541617608,0.00128168272838743,0.00570994265866128
"positive regulation of transcription by RNA polymerase I",-1.88675292950888,0.00130357799254725,0.00579706048032231
"sulfur compound biosynthetic process",-1.67638475154059,0.00131419407213989,0.00581296199409018
"memory",1.65708431506716,0.00131290580897484,0.00581296199409018
"developmental cell growth",1.51914608767399,0.00131020075362864,0.00581296199409018
"neural retina development",1.77230566690752,0.00132172573833115,0.00583585499794343
"negative regulation of coagulation",1.81456699302223,0.0013415940958519,0.00591304016979567
"membraneless organelle assembly",-1.42496296419199,0.00135602349987475,0.00596602168594981
"protein autophosphorylation",1.61585000436394,0.00136603609354961,0.0059994173824865
"mechanoreceptor differentiation",1.73752636958132,0.00139151930442825,0.00610051914525446
"attachment of spindle microtubules to kinetochore",-1.75582883633217,0.00139714664640478,0.00611436792075023
"regulation of neural precursor cell proliferation",1.70067187131982,0.00139976941888138,0.0061150420644959
"excitatory synapse assembly",1.75737725994152,0.00144175784642868,0.00628738412958421
"negative regulation of DNA metabolic process",-1.60599552805201,0.00145340841488467,0.00632705209783711
"response to vitamin D",1.80062984544026,0.0015561151856347,0.0067622759909073
"regulation of DNA-templated DNA replication",-1.78685982831111,0.00155929093091151,0.0067642095199086
"cognition",1.46688746073885,0.00160550834292529,0.00695252476473069
"insulin-like growth factor receptor signaling pathway",1.78664416727783,0.00166100512281416,0.00718029614172893
"zymogen activation",1.76881768958294,0.0016731048425093,0.00722000121061941
"endoderm formation",1.77741374117345,0.00169497518464491,0.00730165831715731
"cell-substrate junction organization",1.61555670314432,0.00171513156266147,0.0073756612512369
"embryonic pattern specification",1.75201877790648,0.00173005583683993,0.00742694680737001
"regulation of striated muscle cell differentiation",1.68064588083961,0.00175246067008393,0.00751011259480605
"postsynaptic density organization",1.77103291453254,0.00177549386984219,0.00759567930155284
"cellular response to nutrient",1.73583910941952,0.00182174922116072,0.00775338972648643
"embryonic cranial skeleton morphogenesis",1.73562063404574,0.00182174922116072,0.00775338972648643
"spindle assembly",-1.58765154156662,0.00181760926987838,0.00775338972648643
"embryonic digit morphogenesis",1.77184980198025,0.00182619731475917,0.00775898927728726
"positive regulation of translational initiation",-1.87498223927643,0.001833685831781,0.00777746542007111
"glial cell differentiation",1.51886706728236,0.0018472388621412,0.0078215566863654
"regulation of spindle checkpoint",-1.85168079414014,0.00185161159150533,0.00782669268286466
"negative regulation of axon extension",1.79261383600477,0.00188566955966294,0.00795707580798141
"pyrimidine-containing compound biosynthetic process",-1.79965819666675,0.00190406973239481,0.00802105565840468
"negative regulation of osteoblast differentiation",1.76882535653328,0.00196771514649066,0.00827509408804305
"response to fibroblast growth factor",1.58636902393095,0.00199888687158358,0.00839193691680089
"negative regulation of lipid biosynthetic process",1.74156304184099,0.00203878813207036,0.00853053750530116
"muscle adaptation",1.614783511928,0.00203710931517137,0.00853053750530116
"regulation of glial cell differentiation",1.73800203140779,0.00205242266986105,0.00857310447427625
"positive regulation of extracellular matrix organization",1.78516544640629,0.00209137657151815,0.00872111071995027
"regulation of steroid metabolic process",1.66409104674937,0.00210990933510299,0.0087836057530254
"purine nucleoside monophosphate metabolic process",-1.78339800260978,0.00211770848043317,0.00880128172153181
"DNA-templated transcription termination",-1.77211569805984,0.00214147754415667,0.00888489270615297
"glial cell migration",1.75246190058205,0.0021450003384253,0.00888489270615297
"regulation of mitochondrial membrane potential",-1.71900577720367,0.00215552855681059,0.00891359638600972
"organic acid biosynthetic process",-1.48111673010572,0.00217347124939293,0.00897281380791048
"hemostasis",1.49964016721084,0.00218280197880714,0.00899634026872759
"sodium ion transmembrane transport",1.52032073504479,0.00220664741715779,0.00907951105033196
"positive regulation of cell development",1.41680978294626,0.00222366644777036,0.00913436449606496
"negative regulation of mRNA processing",-1.83883788864212,0.00223747881819592,0.0091607190622666
"positive regulation of chromosome separation",-1.83719896698363,0.00223747881819592,0.0091607190622666
"regulation of sister chromatid segregation",-1.61996785638521,0.00224184315887121,0.00916344142660723
"neural tube patterning",1.76510821855749,0.00226033193791864,0.00922379276807984
"type I interferon production",-1.62096000729974,0.00227187644375521,0.0092404564058812
"mononuclear cell migration",1.5522336959693,0.00226918398363594,0.0092404564058812
"dendritic spine development",1.62589896321878,0.00229641134935083,0.00932493592187215
"positive regulation of endothelial cell migration",1.59511756939516,0.00230576536706713,0.00934759544063057
"positive regulation of biomineral tissue development",1.75403791468579,0.00233543498461289,0.00945240597530413
"negative regulation of RNA catabolic process",-1.65081836705679,0.00236774337372809,0.00956753725403666
"cellular oxidant detoxification",-1.6910715503147,0.00238186510359128,0.00960892485601888
"regulation of smooth muscle cell differentiation",1.74295088022549,0.00242035989314427,0.00974834382978593
"regulation of mitochondrial gene expression",-1.81999276169236,0.0024255678354756,0.00975346027349523
"negative regulation of transforming growth factor beta receptor signaling pathway",1.67447407547931,0.00244007769268108,0.00979590347612811
"aminoglycan biosynthetic process",1.71528166459954,0.00244966201765288,0.00981846734259899
"cellular response to toxic substance",-1.60837402287324,0.00255966853141586,0.0102428092929194
"release of cytochrome c from mitochondria",-1.75373000507521,0.00259553511521331,0.0103695814199732
"regulation of mesenchymal cell proliferation",1.80843543742567,0.00260779047460363,0.0104017665146428
"regulation of synaptic transmission, glutamatergic",1.71973114135553,0.00261500130138266,0.0104137592018085
"somitogenesis",1.70994245410214,0.0026251566462424,0.0104374205661997
"response to prostaglandin",1.75852310457534,0.00263526251179501,0.0104510939237533
"regulation of lipid metabolic process",1.44223385184205,0.00263703419553726,0.0104510939237533
"pyrimidine nucleotide biosynthetic process",-1.80106387712242,0.00264570581764156,0.0104687113583037
"phospholipase C-activating G protein-coupled receptor signaling pathway",1.61710403030067,0.00268139746380615,0.0105930167748769
"cyclic nucleotide metabolic process",1.75628264749054,0.0027532103124359,0.0108593979998467
"establishment of protein localization to membrane",-1.47327114750934,0.00275824233524386,0.0108619495459444
"adherens junction organization",1.67904833410371,0.00276369648950545,0.0108661527055635
"fibroblast growth factor receptor signaling pathway",1.63790633661531,0.00300983977800309,0.0118151713630961
"meiotic cell cycle process",-1.51358071373142,0.00311319183890755,0.0122015445964779
"bone remodeling",1.6165508953613,0.00314356271825497,0.0123011135120341
"cell surface receptor signaling pathway via STAT",1.58177401029618,0.00320118403080955,0.0125068341392985
"negative regulation of mitotic cell cycle",-1.48374221727208,0.0032389297127174,0.0126145108465424
"carbohydrate homeostasis",1.47040460152361,0.00323548802486447,0.0126145108465424
"collagen catabolic process",1.73753915345233,0.003245955110706,0.0126218257507475
"mammary gland development",1.59309937999102,0.00325099912352721,0.0126218257507475
"negative regulation of chemotaxis",1.71085853799031,0.00326413447352125,0.0126529907526012
"regulation of hemopoiesis",1.3916115297368,0.00329044323547787,0.0127350435848105
"myeloid cell differentiation",1.38747528683636,0.00342319187371403,0.0132239752364131
"regulation of actin filament-based process",1.38712696178208,0.00342744937496053,0.0132239752364131
"forebrain cell migration",1.68463988795853,0.00344956124600882,0.013247384816068
"renal system process",1.54656828779923,0.00344873892487723,0.013247384816068
"lymphocyte differentiation",1.38749017232086,0.00344508862343928,0.013247384816068
"regulation of carbohydrate biosynthetic process",1.62245512860767,0.00346027655650299,0.0132474575432116
"regulation of intrinsic apoptotic signaling pathway",-1.53701158626047,0.00345629867031743,0.0132474575432116
"kinetochore organization",-1.80401946495718,0.00359679861626529,0.013748873722977
"regulation of cell cycle G1/S phase transition",-1.51814504006699,0.00361449642000135,0.0137952351808064
"regulation of transcription by RNA polymerase I",-1.72017071302228,0.00365634195206442,0.0139120722200669
"response to mechanical stimulus",1.48225963991673,0.00365634195206442,0.0139120722200669
"spinal cord development",1.5992483774482,0.0036711456823203,0.0139469752378948
"multicellular organismal-level chemical homeostasis",1.62729983544229,0.00367815682661585,0.0139522120360298
"regulation of mRNA catabolic process",-1.4964940829245,0.00369162448957145,0.0139818866371078
"heparan sulfate proteoglycan biosynthetic process",1.76101797780263,0.00372255608870202,0.014077513636206
"innervation",1.7210636951829,0.00378320873373179,0.0142850732217281
"response to axon injury",1.64865087951419,0.0038316801740435,0.0144460757855491
"syncytium formation",1.57765535315329,0.0038673624246928,0.0145584448722858
"pyrimidine-containing compound metabolic process",-1.66861681481412,0.00390162971068932,0.0146618697212457
"regulation of autophagy of mitochondrion",-1.64563418305896,0.00390955985237771,0.0146618697212457
"synaptic transmission, glutamatergic",1.57685317460192,0.00391259422113176,0.0146618697212457
"focal adhesion assembly",1.59142607873799,0.0039335448821469,0.0147181127992113
"porphyrin-containing compound metabolic process",-1.71519212250212,0.00395424005285398,0.0147732316906777
"myoblast fusion",1.61811313432086,0.00399488239179479,0.0149025959103549
"fat cell differentiation",1.45088712692744,0.00402012852319247,0.0149742230856357
"heart growth",1.64163791979479,0.00403539844039311,0.0150085314367173
"inner ear receptor cell development",1.66737626345128,0.00406066689709058,0.015079867922179
"sodium ion homeostasis",1.66607358762436,0.00407498349922455,0.0151103804305078
"axis specification",1.6054611980919,0.00409442118948797,0.0151371362483011
"regulation of neuron differentiation",1.51916710099361,0.00409442118948797,0.0151371362483011
"negative regulation of lipid metabolic process",1.60356407110488,0.00415476422074805,0.0153373337925379
"bone growth",1.78620501359804,0.00419034887384398,0.0154447857738112
"chondroitin sulfate proteoglycan metabolic process",1.65740843639126,0.00419634268299352,0.0154447857738112
"regulation of tube size",1.5357640813152,0.00423259029394321,0.0155550833206192
"endothelial cell proliferation",1.50360986787105,0.00427810407761387,0.0156990574818512
"locomotory behavior",1.46351682081869,0.00430099815812427,0.0157597225409376
"renal absorption",1.71142061394046,0.00432046326541937,0.0157843473575867
"postsynaptic density assembly",1.70992259935825,0.00432046326541937,0.0157843473575867
"protein modification by small protein removal",-1.54266616704667,0.00440090903416109,0.0160074180288062
"regulation of cell cycle G2/M phase transition",-1.5403988073021,0.00440090903416109,0.0160074180288062
"intracellular receptor signaling pathway",1.37691107559797,0.00439187913915163,0.0160074180288062
"endodermal cell differentiation",1.68027284106073,0.00442526261900019,0.0160723981044919
"cardiac muscle contraction",1.51456296937501,0.00445124263437593,0.0161430863914336
"retinoic acid receptor signaling pathway",1.7433288488953,0.00445997056111,0.0161510922220314
"negative regulation of neuron differentiation",1.6995089645984,0.00450079440187103,0.0162751353772767
"neuron projection regeneration",1.65734813446867,0.00451834135860347,0.0163147690164152
"postsynaptic specialization organization",1.67665530604696,0.00454958241105772,0.0164036617644687
"negative regulation of intracellular protein transport",-1.73950537432156,0.00458164451811021,0.0164952521386032
"positive regulation of striated muscle cell differentiation",1.7731519268441,0.00462656510371972,0.0166328037183073
"rhythmic process",1.43417862503073,0.00463410065229163,0.0166357497329368
"thymic T cell selection",-1.76648058584003,0.00467812733077435,0.0167210986988861
"cholesterol efflux",1.69245060085952,0.0046690435883845,0.0167210986988861
"tube closure",1.57368232928494,0.00467320386484593,0.0167210986988861
"substrate-dependent cell migration",1.689659495909,0.00474981376426963,0.0169528655534523
"regulation of nervous system process",1.56933115692358,0.0047804323022227,0.0170375982915189
"developmental maturation",1.39484280075085,0.00481903598764004,0.0171505059502649
"protein localization to chromosome, centromeric region",-1.7546990679088,0.00493099241331062,0.0174986650541123
"programmed necrotic cell death",-1.64670797863911,0.00492737181970905,0.0174986650541123
"adult behavior",1.45512231939735,0.00498923248118437,0.0176800126693758
"positive regulation of glial cell differentiation",1.76757703114719,0.00514541787481861,0.0181964565348396
"amino acid catabolic process",-1.61721397887776,0.0051496633148658,0.0181964565348396
"nuclear-transcribed mRNA catabolic process, deadenylation-dependent decay",-1.61192758903855,0.00516197576464696,0.018213980012864
"morphogenesis of an epithelial sheet",1.61543176553419,0.0051939627983497,0.0183007764601881
"regulation of striated muscle contraction",1.56307625474614,0.00523954137252871,0.0184351476985137
"glycosaminoglycan biosynthetic process",1.63491250550537,0.00533844934270202,0.0187565092508835
"epithelial cell development",1.44488791579921,0.00537198168458346,0.0188475901313219
"response to laminar fluid shear stress",1.72127210674333,0.005394414780311,0.018899526747992
"mRNA modification",-1.74595069632744,0.00543672348376691,0.0190208532052128
"transcription preinitiation complex assembly",-1.60455774743822,0.00551492305368995,0.0192672276501975
"regulation of calcium-mediated signaling",1.57994188120203,0.00552440067863175,0.0192731556070012
"modulation of excitatory postsynaptic potential",1.63642859983619,0.00557277480814208,0.0194145755270998
"positive regulation of chromosome segregation",-1.69181564549349,0.0056382085632279,0.0196149474875218
"regulation of hormone metabolic process",1.7135266531626,0.00564926387413619,0.0196258437815363
"folic acid-containing compound metabolic process",-1.73991358494264,0.00585816677890053,0.0201991722233455
"positive regulation of excitatory postsynaptic potential",1.70357596740075,0.00586061913243945,0.0201991722233455
"regulation of vasoconstriction",1.65560812818686,0.00585816677890053,0.0201991722233455
"positive regulation of gliogenesis",1.62962680819732,0.00582417354807519,0.0201991722233455
"regulation of actomyosin structure organization",1.53452614711981,0.00583223598341996,0.0201991722233455
"hormone metabolic process",1.47882378165292,0.00586322358844789,0.0201991722233455
"lymphocyte migration",1.58353331362117,0.00591571262152234,0.0203516946715428
"positive regulation of type II interferon production",-1.60928442722446,0.0059282398679207,0.0203665050663517
"regulation of response to wounding",1.50736414722221,0.00600338477649009,0.0205960998495373
"T cell homeostasis",-1.67200402384392,0.00602979164347894,0.0206373089281241
"interleukin-2 production",-1.61287536982881,0.00603205961403384,0.0206373089281241
"cell cycle G2/M phase transition",-1.5118342165026,0.00609792626903324,0.0208338805081315
"postsynapse assembly",1.5488821802435,0.00613258192332968,0.0209234234491565
"negative regulation of G protein-coupled receptor signaling pathway",1.59083293563599,0.00617130892348016,0.0210265917516649
"pteridine-containing compound metabolic process",-1.7369316577905,0.00620817505967483,0.0211231450862837
"regulation of steroid biosynthetic process",1.59977475756499,0.00625711348576728,0.0212604528178951
"response to arsenic-containing substance",-1.73398419763749,0.00627961059974549,0.0212961657305365
"NAD+ metabolic process",-1.62582810576145,0.00628481919621403,0.0212961657305365
"substantia nigra development",-1.68525521068453,0.00633080597319237,0.0214218022489191
"regulation of kidney development",1.66099166850481,0.0063478412800592,0.0214218022489191
"positive regulation of blood vessel endothelial cell migration",1.58176941347189,0.00633923314099645,0.0214218022489191
"positive regulation of cell-matrix adhesion",1.58827260105263,0.00658371221679802,0.0221875580421887
"transcription initiation at RNA polymerase III promoter",-1.74546118277101,0.0066167659674357,0.0222384386721007
"viral release from host cell",-1.74536827161438,0.0066167659674357,0.0222384386721007
"anterior/posterior axis specification",1.66348544099056,0.00668804309013702,0.0224475375803109
"vesicle targeting",-1.59082020108021,0.0068020354145239,0.0227992445490876
"regulation of endothelial cell differentiation",1.64514307136645,0.00687074284295344,0.0229984189486428
"epithelial tube branching involved in lung morphogenesis",1.70591271052448,0.00688051891509629,0.0230000612047146
"negative regulation of fat cell differentiation",1.59682221728465,0.0069436472117638,0.0231615941971232
"negative regulation of neuron apoptotic process",1.40051831570772,0.00694754319275839,0.0231615941971232
"positive regulation of endothelial cell proliferation",1.53905545235614,0.00714863137192905,0.0237999461132638
"protein localization to nucleus",-1.35799301903185,0.00716496951343297,0.0238223214560718
"GO:0051208",1.49903449608435,0.00717734073486852,0.0238314651478141
"positive regulation of endocytosis",1.46359535677677,0.0072208397696253,0.0239438020205648
"negative regulation of syncytium formation by plasma membrane fusion",1.63995110511664,0.0073195581401782,0.024238697210189
"sarcomere organization",1.6376176160596,0.00740417637241415,0.0244861747322695
"positive regulation of Notch signaling pathway",1.60586691487155,0.00751470424122681,0.0248185632073584
"endochondral bone morphogenesis",1.59089707939861,0.00752574268524363,0.0248219236103175
"protein localization to cilium",1.52858555509781,0.00754437726770845,0.0248502958671726
"salivary gland development",1.72295009181138,0.00756674311911386,0.0248908668074967
"negative regulation of myeloid cell differentiation",1.5528707171904,0.00761804987912188,0.0250264052395025
"neural tube formation",1.48058376726249,0.00775243006682218,0.025434131490753
"regulation of dendritic spine development",1.6401546734868,0.00779016465236382,0.0255241241321497
"glycosaminoglycan metabolic process",1.62835890673285,0.00780517460352444,0.025539521126724
"cell chemotaxis",1.41776773294014,0.00782382832520091,0.0255667846458083
"positive regulation of neuron projection development",1.47152233027857,0.00784258523394245,0.0255943130757252
"intrinsic apoptotic signaling pathway in response to oxidative stress",-1.57995685321555,0.00788127517982324,0.0256867350268713
"neutral amino acid transport",-1.64662966800817,0.00794436171226807,0.0258398512037103
"regulation of endocytosis",1.38634503230638,0.0079491185374353,0.0258398512037103
"hippocampus development",1.52346199390237,0.00798556403057419,0.0259243015776308
"negative regulation of RNA splicing",-1.6425433691175,0.00804104765602793,0.0260702552931691
"myeloid leukocyte activation",1.45977307949069,0.00810105772523126,0.0262304836410429
"ensheathment of neurons",1.40818150513105,0.00814475346793409,0.026337538302967
"regulation of keratinocyte proliferation",1.62496140452231,0.00818360731157411,0.0264286770674955
"positive regulation of G1/S transition of mitotic cell cycle",-1.57562409294653,0.00828401967122532,0.0267181207364911
"chondroitin sulfate proteoglycan biosynthetic process",1.6828201652501,0.00830099512137128,0.0267380558070698
"vasoconstriction",1.54734211934389,0.00836472063520441,0.0269083285888329
"positive regulation of calcium-mediated signaling",1.59340662631977,0.00841717654086048,0.0270419536857476
"regulation of collagen metabolic process",1.62040153935881,0.0084461804833041,0.0270999858253164
"deoxyribonucleotide metabolic process",-1.63795127006507,0.00846529843843333,0.0271097854240237
"response to chemokine",1.61793191751227,0.00847112390722421,0.0271097854240237
"negative regulation of muscle cell differentiation",1.54464133700389,0.00868772797150531,0.0277477868203583
"steroid metabolic process",1.38650621338548,0.00869288759491241,0.0277477868203583
"neuron recognition",1.60302164128263,0.00872153236049949,0.0278033920938961
"Arp2/3 complex-mediated actin nucleation",-1.63146842584001,0.00881258974900021,0.0280311488888684
"L-amino acid catabolic process",-1.56562898990871,0.00881560960211082,0.0280311488888684
"positive regulation of epithelial cell proliferation",1.41700564736561,0.0088518133376431,0.0281101815863358
"learning",1.43071071593573,0.00886589170312722,0.0281188396269477
"ferroptosis",-1.69215666831486,0.00888765181131747,0.0281518075916028
"myotube differentiation",1.42127886015299,0.00891226169641499,0.0281937065415325
"positive regulation of mRNA metabolic process",-1.47104435392773,0.00895617573269064,0.0282964888901463
"positive regulation of monoatomic ion transport",1.39733473507074,0.00899262407680547,0.0283754520232448
"response to retinoic acid",1.51389943908514,0.00903803958325955,0.0284824733431729
"hydrogen peroxide metabolic process",-1.68704793070533,0.00905377135254114,0.0284957962391924
"regulation of nucleotide metabolic process",-1.58480528862959,0.00909303779573375,0.0285830642386199
"receptor clustering",1.56181704867296,0.00923786347632033,0.029001505489031
"retina morphogenesis in camera-type eye",1.63098499884306,0.00944191358143168,0.0296045822040586
"regulation of epithelial cell differentiation",1.46801035357613,0.00955448379708131,0.0299196667071687
"negative regulation of developmental growth",1.51102548574904,0.00964881898624439,0.0301769250365244
"adenylate cyclase-activating G protein-coupled receptor signaling pathway",1.4401388057796,0.00974628180428726,0.0304433039460524
"photoreceptor cell differentiation",1.61922569621768,0.00979447189999285,0.030520757146786
"negative regulation of cell activation",1.43330380101197,0.00980571035187438,0.030520757146786
"response to toxic substance",-1.40644898455568,0.00980804307179721,0.030520757146786
"regulation of DNA-templated transcription initiation",-1.50161007268003,0.00984605874261813,0.030600611675615
"positive regulation of cell cycle process",-1.3854687758285,0.00987753726035591,0.0306599746790747
"negative regulation of smoothened signaling pathway",1.69093555115101,0.00997042049699871,0.0308982783776099
"necroptotic process",-1.68628356662841,0.00997925825679771,0.0308982783776099
"positive regulation of osteoblast differentiation",1.55546277143996,0.0100103821021971,0.0309559506456208
"response to interleukin-1",1.49516623617215,0.010040480700091,0.0310103125861911
"regulation of oligodendrocyte differentiation",1.60613030706441,0.0100912740787805,0.031128375956587
"regulation of postsynaptic membrane potential",1.46352808807739,0.0101408509205408,0.0312423976743528
"glial cell development",1.47839705319615,0.0101734840509091,0.031303999992673
"oligodendrocyte differentiation",1.46958568757184,0.0102781495246839,0.0315868193208957
"response to oxygen levels",1.35150277141809,0.0103306413128955,0.0317087961983174
"meiotic chromosome segregation",-1.53729149033951,0.0104847218742111,0.032141901092105
"positive chemotaxis",1.58182487891441,0.0105488505871953,0.0322985202774819
"neuroblast proliferation",1.58086816809583,0.0105694136487688,0.0323215279111115
"cerebral cortex radially oriented cell migration",1.66430149976844,0.0105859671868159,0.032332232702519
"endocrine pancreas development",1.5907360929047,0.0106107812168658,0.0323681096972617
"regulation of mRNA processing",-1.44008456093918,0.0106734545189383,0.0325192458098526
"positive regulation of DNA replication",-1.60535127532644,0.0107812594625726,0.0328073460550274
"nutrient storage",1.51928460041541,0.0108877694815631,0.033090803688137
"central nervous system neuron axonogenesis",1.56308171145508,0.0109879780345914,0.0333544382251017
"multicellular organismal-level water homeostasis",1.59534051321229,0.0111262525201087,0.0337328365878939
"protein localization to cell surface",1.55325540204054,0.0111482640981688,0.0337396137758731
"endocrine process",1.50513654195968,0.0111557301907307,0.0337396137758731
"detoxification",-1.50436310952992,0.0112440924100633,0.0339393930408321
"neuron migration",1.4448033218642,0.0112491892153909,0.0339393930408321
"regulation of hydrolase activity",1.35960287637343,0.0113112881814381,0.0340852321477157
"regulation of transferase activity",-1.40260141968825,0.0114115817702818,0.0343456719866196
"regulation of dendrite morphogenesis",1.59645383186722,0.0114687028109049,0.0344757000759846
"glutamate receptor signaling pathway",1.57409049611354,0.0115680786559609,0.0347322797949276
"cellular response to fluid shear stress",1.58209979635316,0.0115906725595859,0.0347543382574788
"regulation of cell-matrix adhesion",1.47087405599035,0.011603487177608,0.0347543382574788
"intrinsic apoptotic signaling pathway",-1.33839706147977,0.0116289452325728,0.0347885233587958
"mitotic sister chromatid cohesion",-1.63611218364722,0.0117804506627217,0.035156838905496
"postsynaptic specialization assembly",1.57576897028635,0.0117804506627217,0.035156838905496
"nucleobase metabolic process",-1.66117380861971,0.0120864039725213,0.0359832002883838
"cell fate commitment involved in formation of primary germ layer",1.55166101675274,0.0120864039725213,0.0359832002883838
"neuron apoptotic process",1.35667548312644,0.0126732848182122,0.0376851458519948
"endocrine hormone secretion",1.56630416318165,0.012708416957369,0.0377443031215863
"phagocytosis, engulfment",1.56522848287495,0.0129501220748217,0.0383873221402988
"forebrain neuron development",1.54480222050644,0.0129559149411747,0.0383873221402988
"inner ear receptor cell stereocilium organization",1.62655497253753,0.0129755144710469,0.0383994615827755
"post-embryonic development",1.47836748323921,0.0131835179301336,0.0389684652899055
"chemical synaptic transmission, postsynaptic",1.51167818324508,0.0132350247604678,0.0390740838279842
"regulation of sterol transport",1.50989918063684,0.0133103618702141,0.0392497218482385
"vascular endothelial growth factor receptor signaling pathway",1.54577015362051,0.0133571147486714,0.0393407529517944
"lymph vessel development",1.59227971458468,0.0136515243577733,0.0401601256938294
"cerebral cortex cell migration",1.59814698636356,0.0136785299400907,0.0401918370837541
"regulation of release of cytochrome c from mitochondria",-1.5940832303165,0.0137693398657387,0.0404107284922213
"establishment of protein localization to endoplasmic reticulum",-1.57484730866268,0.0139708753294986,0.0409536783327433
"positive regulation of proteasomal protein catabolic process",-1.47382092048411,0.0142875549047351,0.0418324745851405
"meiosis I cell cycle process",-1.49013236567856,0.0145175356677892,0.042455650353145
"presynapse organization",1.54435170231598,0.0145357466458858,0.0424587788229472
"regulation of calcium ion import",1.51964537766016,0.014868841952481,0.0433805907141288
"negative regulation of nucleocytoplasmic transport",-1.636607447107,0.015034109768042,0.0437596826033372
"regulation of chondrocyte differentiation",1.53857673667968,0.015034109768042,0.0437596826033372
"diencephalon development",1.50971430733036,0.0150634160248997,0.0437935228799022
"negative regulation of epithelial cell differentiation",1.55223135980766,0.0151223726433925,0.0439133845693824
"multicellular organismal movement",1.5505451835815,0.0153963058463904,0.0446564983390034
"steroid hormone receptor signaling pathway",1.40509411504272,0.0154386791834453,0.0447270272951977
"negative regulation of blood vessel endothelial cell migration",1.62145445207647,0.0154851638950053,0.0447499077346614
"negative regulation of intracellular transport",-1.57544167020916,0.0155007754688492,0.0447499077346614
"skeletal muscle organ development",1.4209009184493,0.0155007754688492,0.0447499077346614
"central nervous system projection neuron axonogenesis",1.58255578090715,0.0155644525372819,0.0448814306575638
"regulation of syncytium formation by plasma membrane fusion",1.50533105856552,0.0156074998328778,0.0449532291698121
"action potential",1.37754893934044,0.0157023954258415,0.0451740226130189
"aorta morphogenesis",1.63609725027262,0.0157650796391183,0.0452492494392769
"regulation of polysaccharide biosynthetic process",1.6331048354905,0.0157650796391183,0.0452492494392769
"protein insertion into ER membrane",-1.57309085960593,0.0159578545666966,0.0457495437056799
"regulation of lipid biosynthetic process",1.35574907738118,0.0159773387634798,0.0457524486903346
"establishment of organelle localization",-1.30956406745017,0.0161518523744952,0.0461987740549937
"regulation of polysaccharide metabolic process",1.52668932092648,0.0163416105883406,0.0466876233302418
"negative regulation of vasculature development",1.44381064055421,0.0165404942871845,0.047201387499258
"sulfur compound metabolic process",-1.38714515602658,0.0165761036563768,0.0472485716419395
"polysaccharide biosynthetic process",1.47690491489318,0.0166588408681405,0.0474298262418207
"regulation of calcium ion transport",1.38249428452373,0.0167442786110512,0.0476183445689712
"tetrapyrrole metabolic process",-1.50663084482203,0.0167787318592221,0.0476616041459784
"fibroblast migration",1.53467004857183,0.0168943108510683,0.0478801006614373
"organic hydroxy compound transport",1.3475263196768,0.0168809150912089,0.0478801006614373
"regulation of G protein-coupled receptor signaling pathway",1.40736943338836,0.0169258287005323,0.0479146030756783
"motile cilium assembly",1.46548254522611,0.0173576881116873,0.0490810427541661
"oligosaccharide metabolic process",1.51100052649862,0.0174145940580578,0.0491297830088943
"trabecula morphogenesis",1.50512804502063,0.0174145940580578,0.0491297830088943
"regeneration",1.31906831919621,0.0175997275873483,0.0495955918473968
"sensory perception of mechanical stimulus",1.36776871068988,0.0177055375728434,0.0498370642817422
"enteroendocrine cell differentiation",1.53510585831379,0.0177597980872911,0.0499330531920771
"cell redox homeostasis",-1.5463005513291,0.0179574456277416,0.0504315111336915
"eye photoreceptor cell differentiation",1.52635334979743,0.0180189137500303,0.0505468282659401
"maintenance of location",1.34606246596024,0.0181046378050181,0.0507298505011651
"embryonic axis specification",1.55158789544147,0.0181885760161937,0.0509074607820472
"protein localization to membrane",1.29167300613319,0.0182171471505639,0.0509298797877504
"regulation of Notch signaling pathway",1.4856831238179,0.0183432541975309,0.0512246230521803
"replacement ossification",1.59663140671831,0.018449477721344,0.0514632390943346
"transforming growth factor beta production",1.54270352640839,0.0185285395934655,0.0516256384398359
"positive regulation of type I interferon production",-1.49324618207501,0.0185684078651056,0.05167859132794
"isoprenoid metabolic process",-1.50304147744606,0.018680140069872,0.0519312087015409
"negative regulation of fatty acid metabolic process",1.55813401891247,0.0187172528179321,0.0519760484641455
"osteoclast differentiation",1.45158560808931,0.0188304620083631,0.0522318638238695
"multicellular organism growth",1.35745251372329,0.0189066986966561,0.0523846674179163
"import across plasma membrane",1.33290804653332,0.0189888759808808,0.0525535707314433
"positive regulation of nervous system process",1.48852161710786,0.0190222182406275,0.0525870921674491
"neuron cellular homeostasis",1.52646400950635,0.0190857465734446,0.0527038954987985
"positive regulation of morphogenesis of an epithelium",1.55445183363258,0.019364951722128,0.0532966504619012
"regulation of Rho protein signal transduction",1.46648399923862,0.0193529470254728,0.0532966504619012
"regulation of cell-substrate junction organization",1.46321722672714,0.0193413670013284,0.0532966504619012
"pyrimidine ribonucleotide metabolic process",-1.60516197663842,0.0194806189974032,0.053555486411285
"negative regulation of epithelial to mesenchymal transition",1.54809218407144,0.0195720791325569,0.0537472727398487
"positive regulation of calcium ion transport",1.45785549975933,0.0195949866236111,0.0537505889996507
"synapse maturation",1.47675753784294,0.0197312414578117,0.0540644746581855
"cell junction disassembly",1.51958855389637,0.0198883955629821,0.0543747856617071
"nucleoside diphosphate metabolic process",-1.37675178325217,0.0198883955629821,0.0543747856617071
"dopaminergic neuron differentiation",1.54481794943847,0.0200504191520899,0.0547573188971628
"regulation of release of sequestered calcium ion into cytosol",1.46853938842476,0.0204134183099129,0.055687265587725
"biological process involved in intraspecies interaction between organisms",1.50166010771621,0.0204628125181146,0.0557606013282398
"intraciliary transport",1.52892754964882,0.0205503235441119,0.05593752903161
"positive regulation of DNA-templated transcription initiation",-1.44324877917229,0.020651765907162,0.0561116738743494
"anatomical structure maturation",1.33565226763921,0.0206822600917566,0.0561116738743494
"myeloid leukocyte differentiation",1.33471242367572,0.0206822600917566,0.0561116738743494
"response to heat",-1.46773179234733,0.0208307373156689,0.0564526655699256
"positive regulation of smooth muscle cell migration",1.51876807626008,0.0209082890568199,0.0566009092827791
"central nervous system neuron development",1.45872003506617,0.0209492193255779,0.056649799420804
"positive regulation of cell-substrate junction organization",1.54187632232875,0.0210779271228676,0.0569356875499924
"response to tumor necrosis factor",1.32755783090927,0.0212517517107307,0.0573426895288453
"pyrimidine nucleotide metabolic process",-1.5351938635022,0.0213393878002595,0.0575165000884034
"phagocytosis",1.363620550751,0.0214650727230835,0.0577923751468238
"hematopoietic or lymphoid organ development",1.42411812415684,0.0215446940381818,0.0579437645304846
"positive regulation of synaptic transmission",1.37598848401163,0.0216880162549669,0.0582659612402961
"female meiotic nuclear division",-1.53717768306834,0.0219139833439303,0.0588092489089008
"epithelial cell differentiation involved in kidney development",1.53613598916255,0.0219431693873783,0.0588238426109697
"potassium ion import across plasma membrane",1.5082785721519,0.0221428834323907,0.0592950510940884
"oligodendrocyte development",1.53126868117694,0.0222731356878754,0.0595794353119517
"T cell migration",1.48311460339215,0.0224272024507184,0.0599268397739261
"cell surface receptor signaling pathway via JAK-STAT",1.41975558564603,0.0229018129048718,0.0611290846609564
"reactive oxygen species metabolic process",-1.3451995358519,0.0229781236977473,0.0612667517753713
"negative regulation of translational initiation",-1.54638360216226,0.0232175105800632,0.0617720447978696
"regulation of intrinsic apoptotic signaling pathway by p53 class mediator",-1.54160614873068,0.0232175105800632,0.0617720447978696
"neuromuscular junction development",1.44541163963966,0.0232735607170087,0.0618547316481015
"platelet activation",1.41260717507877,0.0233450398446175,0.0619782033173821
"regulation of receptor signaling pathway via STAT",1.45513130781209,0.0234386071385839,0.0621599891673151
"regulation of tissue remodeling",1.50604788295128,0.0235081192935281,0.0622776593476676
"organic acid catabolic process",-1.34157583754744,0.0236049560549414,0.0624673890471044
"extracellular matrix disassembly",1.51412930824653,0.0237326053070878,0.0626712828844951
"associative learning",1.45150850203453,0.0237282958128246,0.0626712828844951
"negative regulation of muscle hypertrophy",1.52726240319922,0.0237758475078403,0.0627186094535893
"regulation of centrosome cycle",-1.47683178414436,0.0238715249626002,0.0629040078003837
"regulation of carbohydrate metabolic process",1.28472887301591,0.0239689858380349,0.0630937066108527
"positive regulation of organ growth",1.51252260908809,0.0245904512381496,0.0646126987551438
"detection of abiotic stimulus",1.43015082666124,0.0245982135349619,0.0646126987551438
"transmission of nerve impulse",1.49564977606073,0.0249128690122332,0.0653698904060399
"response to topologically incorrect protein",-1.35710191511165,0.025572803039412,0.0670305112472207
"regulation of wound healing",1.38041236967554,0.0256386095451049,0.0671319617793075
"negative regulation of cytokine production",1.30739136675527,0.0256857135017707,0.0671842791382113
"export across plasma membrane",1.44135574145183,0.025724121400592,0.0672137644612514
"renal water homeostasis",1.49110694985753,0.0260359901562273,0.0679289543093721
"dendritic spine morphogenesis",1.4849957350998,0.0261020795841097,0.0679289543093721
"cardiac muscle cell contraction",1.42550176237043,0.0260842591002003,0.0679289543093721
"columnar/cuboidal epithelial cell differentiation",1.41622071338995,0.0261075351241511,0.0679289543093721
"response to ketone",1.3520714992013,0.0262511636285929,0.0682309887807183
"photoreceptor cell maintenance",1.48532048424288,0.0262842750973114,0.0682454396394552
"positive regulation of smoothened signaling pathway",1.49552854372132,0.0265627045179469,0.0688961456449786
"response to nutrient",1.35457137952996,0.026650788893489,0.069052305532607
"positive regulation of neural precursor cell proliferation",1.47363671589046,0.0267198802843253,0.069158979586493
"positive regulation of cell cycle G2/M phase transition",-1.52387535526612,0.0268400442478621,0.0693974839268835
"regulation of protein localization to cell surface",1.48760283491554,0.026892671785603,0.0694610511083823
"response to alcohol",1.31536275363172,0.0269618926184007,0.0695673000164359
"negative regulation of cell-substrate adhesion",1.49712503492253,0.0270227486547173,0.0695818366065092
"postsynaptic membrane organization",1.4727169688764,0.0270518000210207,0.0695818366065092
"Rho protein signal transduction",1.37393561429843,0.0270518000210207,0.0695818366065092
"neural nucleus development",-1.44719318478524,0.0271146144492726,0.0696710580817928
"vascular endothelial growth factor production",1.49010037603843,0.0272478534104511,0.0699408631064118
"vesicle coating",-1.52483619829759,0.027478659846152,0.0703096157140849
"response to estrogen",1.44181015547466,0.0275050535433784,0.0703096157140849
"tight junction organization",1.42168628660778,0.0274986874764247,0.0703096157140849
"regulation of mitotic nuclear division",-1.37752442596424,0.0274921701842926,0.0703096157140849
"regulation of protein ubiquitination",-1.33859553178989,0.0275583579107105,0.0703732500462164
"negative regulation of intracellular steroid hormone receptor signaling pathway",1.46747748800992,0.0277156396458639,0.0707019973252368
"protein localization to cell junction",1.37739927660737,0.0277636894952581,0.070751706666414
"T-helper 1 cell differentiation",-1.52943326267382,0.0282706017533333,0.0718955652392264
"neuron fate commitment",1.49865330413889,0.0282653971141701,0.0718955652392264
"positive regulation of protein ubiquitination",-1.40893978679616,0.0283236143437864,0.0719565053636503
"glutathione metabolic process",-1.4398897072239,0.0284498892275979,0.0722032537056966
"response to vitamin",1.41114017527577,0.0284866526688799,0.0722225574829226
"stress granule assembly",-1.52052041549771,0.0285606286594573,0.0723360707458852
"chloride transport",1.36743270426489,0.0286621435988915,0.0725190293099634
"skeletal muscle contraction",1.45994504439437,0.0287113994354982,0.0725695269405399
"regulation of programmed necrotic cell death",-1.51532140479502,0.0288159744865356,0.0727596012264512
"morphogenesis of a polarized epithelium",1.48764362202422,0.0296117249238085,0.074616726995192
"modified amino acid metabolic process",-1.32436035249772,0.0296088398257958,0.074616726995192
"positive regulation of cell cycle G1/S phase transition",-1.49249599994099,0.0302005799041444,0.0759460268249398
"corpus callosum development",1.47945667074664,0.0301741044315977,0.0759460268249398
"signal transduction in response to DNA damage",-1.32699520382477,0.0303172718143544,0.076162152418008
"regulation of monoatomic ion transmembrane transport",1.29101609640537,0.0303897275862163,0.0762668239423078
"foam cell differentiation",1.47669247751826,0.0305189476073264,0.0764405410838768
"hepaticobiliary system development",1.32786032849729,0.0305206682002237,0.0764405410838768
"sensory perception of light stimulus",1.34160920691902,0.0307919062067514,0.0770419713880031
"T-helper 17 type immune response",-1.48369584306016,0.0308988515194508,0.0772315390652671
"non-motile cilium assembly",1.40608538784312,0.0313667606573981,0.0783220424882814
"regulation of cellular component size",1.2739007675448,0.0315971233027212,0.0788177990139381
"GO:0086019",1.54103318042689,0.0318983207113845,0.0794890748512068
"positive regulation of stress fiber assembly",1.44994753570585,0.0326400892803132,0.0811741979390922
"B cell differentiation",1.38664965218022,0.0326198777254763,0.0811741979390922
"negative regulation of translation",-1.36416939389898,0.0327500967982327,0.0813660880333223
"peptide metabolic process",1.47655137297684,0.0331668605099983,0.082318951386038
"autophagy of mitochondrion",-1.37098142964527,0.0332926170764117,0.0825483608591309
"neuron projection arborization",1.4566017264909,0.033492025809116,0.0829597479291803
"cellular response to radiation",-1.34578876875931,0.0336238841784432,0.0831201208682673
"negative regulation of organelle organization",-1.23671828419276,0.0336065339451986,0.0831201208682673
"RNA decapping",-1.52616912216861,0.0338766370571076,0.0836614456534951
"negative regulation of cell adhesion",1.28845876818684,0.0339705973000302,0.0838099297930028
"regulation of mononuclear cell migration",1.41060781128019,0.0340257632722095,0.0838625031097143
"modification of postsynaptic structure",-1.50491194264187,0.0346174780265473,0.0851514330404745
"regulation of cholesterol metabolic process",1.45661625901935,0.0346174780265473,0.0851514330404745
"negative regulation of striated muscle cell differentiation",1.51568375377082,0.0347556715516034,0.0854065460648033
"negative regulation of cellular response to insulin stimulus",-1.47055079364076,0.0348949728403874,0.0856638728698113
"regulation of muscle adaptation",1.40562011435503,0.0349650430669745,0.085750902650392
"regulation of supramolecular fiber organization",1.24133989969966,0.0352098680169841,0.0862659179802864
"neuroinflammatory response",1.45811466870416,0.0354429579985724,0.0866397306024077
"negative regulation of myeloid leukocyte differentiation",1.45169557521951,0.0354429579985724,0.0866397306024077
"cell communication involved in cardiac conduction",1.45125838798103,0.0354673745784584,0.0866397306024077
"positive regulation of viral genome replication",-1.51657265289885,0.0358123879498442,0.0873963398539547
"neuromuscular process controlling balance",1.46933061777605,0.0359522800902732,0.0876513757712665
"brain morphogenesis",1.50168040787763,0.0360796578428581,0.0877029563069278
"positive regulation of axon extension",1.49721385791631,0.0360796578428581,0.0877029563069278
"protein localization to cell periphery",1.25314685288424,0.0360610863002498,0.0877029563069278
"response to leukemia inhibitory factor",-1.3793492674858,0.0361641795799998,0.0877950153635559
"receptor-mediated endocytosis",1.24957309301845,0.036188417717477,0.0877950153635559
"mitotic cytokinesis",-1.38251852478299,0.0363700373828409,0.088063130593643
"negative regulation of intrinsic apoptotic signaling pathway",-1.37098992422676,0.0363700373828409,0.088063130593643
"signal transduction by p53 class mediator",-1.30032425292168,0.0364576389004762,0.0881890347231247
"positive regulation of epithelial cell differentiation",1.41087859489077,0.0368875929143382,0.0891420172183568
"positive regulation of heart growth",1.48487747874819,0.0374036454986922,0.0902374594588522
"regulation of heart rate",1.37565671762331,0.0374137548906908,0.0902374594588522
"response to gamma radiation",-1.46789655894492,0.0377978796842298,0.0909867327287047
"cellular response to glucose starvation",-1.46787857585507,0.0377978796842298,0.0909867327287047
"hindbrain development",1.30067848459021,0.0381939858739507,0.0918509737958988
"leukocyte migration",1.27615463359059,0.038912828778651,0.0934889203537522
"positive regulation of cell cycle",-1.26042156799449,0.039484158642469,0.0947696327106547
"regulation of proteasomal ubiquitin-dependent protein catabolic process",-1.31728274683895,0.0410478876976162,0.0984275099970914
"regulation of myeloid leukocyte differentiation",1.38284070033397,0.0417046400013168,0.0999056027884543
"cell migration involved in sprouting angiogenesis",1.4313408563022,0.0419460847489783,0.100386910070743
"protein localization to chromosome",-1.38385435386154,0.0428707479398376,0.102500813365809
"positive regulation of post-translational protein modification",-1.32501850123492,0.0430181452401876,0.102754046055877
"steroid biosynthetic process",1.28539675547924,0.0433616034856182,0.103474654945931
"calcineurin-mediated signaling",1.43922087156406,0.0434708424963553,0.103586435870133
"regulation of post-translational protein modification",-1.29913879209988,0.0434920844993696,0.103586435870133
"regulation of binding",1.38639797033994,0.0435692529979205,0.103670547239048
"positive regulation of hemopoiesis",1.27203861977367,0.0446474161315108,0.10613402088076
"negative regulation of small GTPase mediated signal transduction",1.37976334615195,0.0448646971655771,0.106548278886994
"nucleus organization",-1.30084465381783,0.0449775638639643,0.106714009282605
"blastocyst development",-1.3711903139241,0.0450452392064848,0.106772303841591
"protein localization to synapse",1.39315848784234,0.0460834569820468,0.109128798226128
"mitochondrial transport",-1.38464412035306,0.0462263664975465,0.1093626645792
"protein K48-linked ubiquitination",-1.3497697029342,0.0463937804752275,0.109654002134674
"regulation of mitochondrial membrane permeability",-1.43023222087019,0.0464470620033672,0.109675283681926
"cell adhesion mediated by integrin",1.3572912810989,0.0465896385328907,0.109802601946689
"intrinsic apoptotic signaling pathway by p53 class mediator",-1.35186456269792,0.0465786162540133,0.109802601946689
"T cell differentiation",1.26588712656809,0.0467284397647592,0.110025043058278
"response to ionizing radiation",-1.32392361174726,0.0478999735908018,0.112676386120053
"cellular response to UV",-1.38326581046282,0.0481659033448925,0.113194442680549
"lipoprotein metabolic process",1.35130666203568,0.048774415299356,0.11451585468863
"protein processing",1.27228747461805,0.0492262428621361,0.115467238228704
"regulation of vascular permeability",1.42261846181953,0.0493096646942801,0.115553490489812
"regulation of erythrocyte differentiation",1.41118472277748,0.0495555280406098,0.116019889372959
"regulation of glucose metabolic process",1.35862948272478,0.05015935708735,0.117212007080534
"neuron projection organization",1.35824055006714,0.05015935708735,0.117212007080534
"positive regulation of cell morphogenesis",1.47753178444247,0.0505050505050505,0.117797561300386
"type II interferon production",-1.41972186674347,0.0504991972909039,0.117797561300386
"negative regulation of catabolic process",-1.22870142073956,0.0507518796992481,0.118261905940769
"inorganic anion transport",1.30930258019258,0.0511247443762781,0.11901878930455
"protein polyubiquitination",-1.2443867744222,0.0520446096654275,0.121046477127947
"regulation of leukocyte migration",1.26801605086183,0.0521042084168337,0.121071411114913
"attachment of mitotic spindle microtubules to kinetochore",-1.48051767316741,0.0525291828793774,0.121944504210139
"positive regulation of sterol transport",1.45492880592249,0.0529531568228106,0.122584083598226
"lens fiber cell differentiation",1.43879549436582,0.0529411764705882,0.122584083598226
"positive regulation of lymphocyte differentiation",1.30539809284183,0.0529531568228106,0.122584083598226
"ribosome disassembly",-1.4392331145742,0.0530612244897959,0.122719564016083
"C21-steroid hormone metabolic process",1.47049699032102,0.0532786885245902,0.123107566674823
"positive regulation of leukocyte migration",1.31848349681743,0.0534653465346535,0.12342373100311
"double-strand break repair via nonhomologous end joining",-1.35089963809358,0.0535714285714286,0.12343853820598
"positive regulation of cell-cell adhesion",1.23183249571551,0.0535331905781585,0.12343853820598
"peptidyl-amino acid modification",1.20581594185791,0.0538793103448276,0.124032575951801
"positive regulation of peptidyl-tyrosine phosphorylation",1.45007204419649,0.0545454545454545,0.125414546467178
"regulation of platelet activation",1.42492532141098,0.0545808966861598,0.125414546467178
"negative regulation of small molecule metabolic process",1.35066512717565,0.0547247951798639,0.125555992041869
"dephosphorylation",1.28176640290635,0.0547945205479452,0.125555992041869
"negative regulation of inflammatory response",1.27941530563918,0.0547945205479452,0.125555992041869
"regulation of dendrite development",1.3229199751178,0.054989816700611,0.125770799600566
"tumor necrosis factor-mediated signaling pathway",1.30363178543853,0.054989816700611,0.125770799600566
"negative regulation of mRNA catabolic process",-1.41395281164057,0.0550603544509327,0.125815957541476
"positive regulation of coagulation",1.45876721104414,0.055327868852459,0.126310719951651
"positive regulation of Wnt signaling pathway",1.26852422722927,0.055984555984556,0.127692214708789
"leukocyte homeostasis",-1.35108824835355,0.0561637683677851,0.127951507637939
"regulation of blood pressure",1.26182631763338,0.0562015503875969,0.127951507637939
"lymphocyte homeostasis",-1.36794577987589,0.0575807638763849,0.130971122242245
"T-helper 17 cell differentiation",-1.45640496004587,0.0576540755467197,0.131017564338738
"T cell proliferation",1.25062327498105,0.0577689243027888,0.131158226854269
"cellular component maintenance",1.30099078411848,0.0582329317269076,0.132090633596658
"negative regulation of type I interferon production",-1.44052138658292,0.0585858585858586,0.132648237401437
"regulation of lipid localization",1.29648445563848,0.0585858585858586,0.132648237401437
"muscle cell migration",1.35582076565823,0.0588655273705842,0.133159736344235
"negative regulation of miRNA metabolic process",1.4510136898085,0.0594262295081967,0.134305447529018
"basement membrane organization",1.40752840298459,0.0596421471172962,0.134670554612163
"cellular response to heat",-1.37371346618387,0.0597938144329897,0.134890053142546
"negative regulation of alpha-beta T cell activation",1.46116759815617,0.0601202404809619,0.135134152151854
"negative regulation of binding",1.42915080579212,0.0601202404809619,0.135134152151854
"regulation of reactive oxygen species metabolic process",-1.29727958211223,0.0601202404809619,0.135134152151854
"GO:0042886",1.22283390338543,0.0599571734475375,0.135134152151854
"carbohydrate biosynthetic process",1.28161624511118,0.060208931522195,0.135210809955102
"regulation of peptide transport",1.24468895985266,0.0602910602910603,0.135272605381301
"positive regulation of axonogenesis",1.34656485935283,0.060665362035225,0.135989232363124
"regulation of cell shape",1.27695386166047,0.0607287449392713,0.13600822894627
"megakaryocyte differentiation",1.38916570018942,0.0607843137254902,0.136009706502294
"stress fiber assembly",1.29206891687217,0.0610997963340122,0.136592234223238
"monosaccharide metabolic process",1.24093307136403,0.0611814345991561,0.136651409830577
"neuromuscular synaptic transmission",1.43863271825759,0.0614754098360656,0.137184315463004
"regulation of protein maturation",1.39956251020946,0.0615384615384615,0.137201412448937
"presynapse assembly",1.42890211912984,0.062015503875969,0.138140650270481
"regulation of cholesterol efflux",1.44484032636364,0.062124248496994,0.138258547643355
"glucose metabolic process",1.23582651360061,0.0622406639004149,0.138393289480546
"intrinsic apoptotic signaling pathway in response to DNA damage by p53 class mediator",-1.41926403903985,0.0626262626262626,0.139010483309763
"positive regulation of growth",1.25280965952711,0.0626304801670146,0.139010483309763
"amino acid import across plasma membrane",-1.42994975908916,0.0630081300813008,0.139598513605887
"positive regulation of intrinsic apoptotic signaling pathway",-1.38191757004235,0.0630081300813008,0.139598513605887
"cellular response to light stimulus",-1.30118077626323,0.0632411067193676,0.13998947394448
"sterol transport",1.29866140462472,0.0633663366336634,0.1401414427157
"cAMP/PKA signal transduction",1.38536486691864,0.0634615384615385,0.140226789267824
"organelle disassembly",-1.34149069805056,0.0637450199203187,0.140727642016604
"leukocyte chemotaxis",1.2688264669811,0.0638588687988445,0.140853444358627
"regulation of stem cell proliferation",1.41821192502803,0.064128256513026,0.141321789486446
"monocarboxylic acid biosynthetic process",-1.25534009073385,0.0642023346303502,0.141359273670558
"negative regulation of cell cycle G2/M phase transition",-1.33981873131276,0.0650406504065041,0.143077878380915
"regulation of fat cell differentiation",1.27256765810519,0.0653465346534653,0.143623217690003
"mRNA cis splicing, via spliceosome",-1.43863855402633,0.0656063618290258,0.143811467478316
"response to pH",1.42511185172201,0.0655737704918033,0.143811467478316
"protein catabolic process in the vacuole",1.42475310550393,0.0655737704918033,0.143811467478316
"regulation of double-strand break repair via homologous recombination",-1.33864551728231,0.0657370517928287,0.143843354497206
"regulation of actin filament bundle assembly",1.30455702083586,0.0657370517928287,0.143843354497206
"regulation of ATP-dependent activity",-1.41688947770389,0.0665362035225049,0.145463527030225
"signaling receptor ligand precursor processing",1.41577654343656,0.0666666666666667,0.145491923641703
"steroid hormone biosynthetic process",1.4147367269639,0.0666666666666667,0.145491923641703
"detection of mechanical stimulus",1.39306388225254,0.0670611439842209,0.146149435142316
"regulation of inflammatory response",1.21608161794783,0.0670859538784067,0.146149435142316
"cellular response to retinoic acid",1.38144192237771,0.0671785028790787,0.146222453103232
"negative regulation of proteasomal protein catabolic process",-1.38634720797583,0.0674846625766871,0.146759885164578
"regulation of substrate adhesion-dependent cell spreading",1.37668817616778,0.0676982591876209,0.146983635162269
"regulation of insulin receptor signaling pathway",-1.34758266141736,0.0677618069815195,0.146983635162269
"response to endoplasmic reticulum stress",-1.22010017929164,0.0677655677655678,0.146983635162269
"regulation of bone remodeling",1.40052367333642,0.0681362725450902,0.147658396407864
"actin filament-based movement",1.26670808830714,0.0682730923694779,0.147825568006291
"positive regulation of DNA-templated transcription, elongation",-1.36182947912933,0.06841046277666,0.147993638688023
"establishment of tissue polarity",1.41464547599123,0.0692464358452139,0.149671397546767
"membrane invagination",1.35851328253524,0.069364161849711,0.149795142896019
"muscle hypertrophy",1.30321314664571,0.07,0.151036585365854
"cellular response to oxidative stress",-1.2244955624238,0.0700757575757576,0.151068452145476
"cellular response to steroid hormone stimulus",1.24423966860227,0.0703933747412008,0.151621208029526
"cellular response to chemical stress",-1.20420510529935,0.0711610486891386,0.15314154439878
"import into nucleus",-1.24406926096426,0.0715667311411992,0.15388089673329
"positive regulation of interferon-beta production",-1.41706345968684,0.0720164609053498,0.154713593809672
"thymus development",1.37768267692638,0.0725490196078431,0.155587810881929
"positive regulation of receptor-mediated endocytosis",1.37716475036105,0.0725490196078431,0.155587810881929
"vesicle tethering",-1.44136378367783,0.0729783037475345,0.156237906985863
"regulation of receptor signaling pathway via JAK-STAT",1.37032893711622,0.072936660268714,0.156237906985863
"sulfur compound transport",-1.36676544259143,0.0731707317073171,0.15647998989229
"cardiac muscle cell action potential involved in contraction",1.35325989242395,0.0732177263969171,0.15647998989229
"mitochondrial fusion",-1.38295393988404,0.073558648111332,0.157073078768767
"angiogenesis involved in wound healing",1.40455369562952,0.0737704918032787,0.157389757275384
"pallium development",1.22652087821897,0.0743801652892562,0.158553932376495
"cellular response to lipoprotein particle stimulus",1.40034303988121,0.0747474747474747,0.159199909672825
"regulation of alpha-beta T cell differentiation",1.36726446028756,0.0748560460652591,0.159294180501415
"mismatch repair",-1.42015552211447,0.0749506903353057,0.159358678077727
"positive regulation of B cell mediated immunity",1.40301208176653,0.0753564154786151,0.159946736195827
"macrophage chemotaxis",1.40252503142713,0.0753564154786151,0.159946736195827
"regulation of response to oxidative stress",-1.36795356532494,0.0755467196819085,0.160213377270623
"regulation of kinase activity",-1.21724040600645,0.0756143667296786,0.160219663292912
"positive regulation of substrate adhesion-dependent cell spreading",1.38683497681877,0.0761523046092184,0.161221588476098
"keratinocyte proliferation",1.36560530052623,0.0764705882352941,0.161757170844427
"nuclear membrane organization",-1.37196563368024,0.0778688524590164,0.16457069846678
"regulation of sodium ion transport",1.32859845894659,0.0779727095516569,0.16457069846678
"positive regulation of small GTPase mediated signal transduction",1.27881239459676,0.078,0.16457069846678
"negative regulation of kinase activity",-1.31670410913444,0.0791075050709939,0.166765353243278
"reproductive behavior",1.40452082816442,0.0794573643410853,0.167360451932711
"mitotic DNA integrity checkpoint signaling",-1.30816476504665,0.0796812749003984,0.167689479973056
"positive regulation of signal transduction by p53 class mediator",1.3991924954453,0.0803921568627451,0.169041912180832
"regulation of cAMP/PKA signal transduction",1.371272370162,0.0808678500986193,0.169897934431111
"negative regulation of immune effector process",1.28978228662806,0.0811359026369168,0.170316636298003
"regulation of transcription by RNA polymerase III",-1.38014668957069,0.0828402366863905,0.173747050188137
"positive regulation of mitochondrial membrane permeability",-1.38450231404292,0.0831643002028398,0.174148273984608
"acute inflammatory response",1.3371244787873,0.0831721470019342,0.174148273984608
"protein-lipid complex organization",1.36842579948819,0.0834990059642147,0.174684998119392
"transepithelial transport",1.38706022233501,0.0838323353293413,0.175234341443695
"acylglycerol homeostasis",1.38929798701933,0.0840163934426229,0.175471000469964
"snRNA processing",-1.40201790606453,0.0841889117043121,0.175683179689622
"cellular response to alcohol",1.26616900436757,0.0843621399176955,0.175896481966441
"snRNA metabolic process",-1.33924720027702,0.0845360824742268,0.176110913615357
"ceramide metabolic process",1.26965453315443,0.0846774193548387,0.176257115749526
"cell activation involved in immune response",1.20094754865146,0.0852390852390852,0.177277257881792
"regulation of cell migration involved in sprouting angiogenesis",1.39185275205114,0.0854368932038835,0.177455505634077
"dopamine transport",1.38451833124059,0.0855397148676171,0.177455505634077
"ligand-gated ion channel signaling pathway",1.38226236804821,0.0855397148676171,0.177455505634077
"regulation of synaptic plasticity",1.21853015409569,0.0857142857142857,0.177668858338314
"regulation of neuron apoptotic process",1.22052538885767,0.0861344537815126,0.178390503358534
"regulation of lymphocyte migration",1.32297259755542,0.087890625,0.181875587406015
"regulation of epidermis development",1.33538581072738,0.0884615384615385,0.182904199306537
"lung morphogenesis",1.32197165454524,0.0889748549323017,0.183812106478158
"cellular response to ketone",1.26732452188284,0.0890688259109312,0.18385290148448
"metabolic compound salvage",-1.37662903189141,0.0894632206759443,0.184513236981111
"negative regulation of endothelial cell apoptotic process",1.36104682826664,0.0896130346232179,0.18451495158912
"regulation of fatty acid oxidation",1.35831182268992,0.0896130346232179,0.18451495158912
"pigment biosynthetic process",-1.36563381616956,0.0897959183673469,0.18473794833548
"sterol homeostasis",1.26662706492391,0.09,0.185004149377593
"stem cell proliferation",1.29524513664622,0.0903732809430255,0.185463642830053
"positive regulation of cytoskeleton organization",1.20049425565435,0.0903490759753593,0.185463642830053
"hematopoietic progenitor cell differentiation",1.23732488872029,0.0905432595573441,0.185658653910216
"regulation of myoblast differentiation",1.31621158525906,0.0907297830374754,0.18588723952343
"smooth muscle cell proliferation",1.23793371795809,0.0909090909090909,0.186100676183321
"purine nucleotide transport",-1.37432469539231,0.0914396887159533,0.187032294755918
"response to purine-containing compound",1.22692975031791,0.0918163672654691,0.187647806696837
"negative regulation of gliogenesis",1.36843803007573,0.092156862745098,0.187878641168402
"apoptotic cell clearance",1.36556552903821,0.092156862745098,0.187878641168402
"positive regulation of reproductive process",1.31912085954642,0.0921305182341651,0.187878641168402
"pigment metabolic process",-1.30789068604428,0.0924024640657084,0.188224427212796
"retina homeostasis",1.33020570172825,0.0928433268858801,0.188967067129273
"regulation of glycogen metabolic process",1.37039005007427,0.094188376753507,0.191547298208897
"response to monoamine",1.3031033065476,0.0944123314065511,0.191845237812984
"organelle transport along microtubule",-1.25859386491987,0.0948616600790514,0.192600272144107
"T cell selection",-1.31796182834484,0.0955284552845529,0.193795236478163
"cytokinesis",-1.21239937938677,0.095703125,0.193990704275777
"negative regulation of leukocyte migration",1.35521930580789,0.0958083832335329,0.194045270048619
"neuropeptide signaling pathway",1.31151859898289,0.096078431372549,0.194433230808663
"regulation of apoptotic signaling pathway",-1.17162131125425,0.0962264150943396,0.194573738929534
"response to amphetamine",1.36676159699619,0.0963114754098361,0.194586887920199
"regulation of hormone secretion",1.19896837983461,0.0968421052631579,0.195499506712993
"modified amino acid biosynthetic process",-1.36965093672626,0.096969696969697,0.195597670516237
"cellular process involved in reproduction in multicellular organism",1.1760970284966,0.0976138828633406,0.196678922203235
"cellular response to peptide hormone stimulus",1.17170926894554,0.0976645435244161,0.196678922203235
"response to type II interferon",-1.24403342760967,0.0978043912175649,0.196800549996676
"regulation of muscle hypertrophy",1.30637934343376,0.0978886756238004,0.196810267467657
"regulation of neurotransmitter transport",1.2390461774409,0.098159509202454,0.197194731787898
"vascular endothelial cell response to fluid shear stress",1.36213834310345,0.0983606557377049,0.197438690650158
"regulation of oxidative stress-induced intrinsic apoptotic signaling pathway",-1.35864761874631,0.0985626283367557,0.19768391124708
"lipid localization",1.15773467114621,0.0987124463519313,0.197824214897843
"monocyte differentiation",1.36010491927519,0.098989898989899,0.197978325771645
"response to acetylcholine",1.35562415096041,0.0990291262135922,0.197978325771645
"regulation of generation of precursor metabolites and energy",-1.23990593530691,0.099009900990099,0.197978325771645
"neurotransmitter transport",1.20301831023772,0.1,0.199758064516129
"miRNA transcription",1.28359355393962,0.100196463654224,0.199989234868262
"regulation of CD4-positive, alpha-beta T cell differentiation",1.33327729769414,0.101391650099404,0.202001491215807
"nuclear envelope organization",-1.30689373555264,0.101449275362319,0.202001491215807
"smooth muscle cell migration",1.30420947879196,0.101364522417154,0.202001491215807
"homeostasis of number of cells within a tissue",-1.34450266647234,0.101796407185629,0.202529879999038
"positive regulation of lipid metabolic process",1.23111833325851,0.102249488752556,0.203268044654961
"hormone transport",1.16653066754852,0.102564102564103,0.203729977587235
"protein K11-linked ubiquitination",-1.33224713975892,0.102669404517454,0.20377573316485
"regulation of cellular respiration",-1.35359890631372,0.102880658436214,0.203868312757202
"lipid homeostasis",1.20017392299433,0.102822580645161,0.203868312757202
"RNA surveillance",-1.35626911604832,0.103030303030303,0.203884471867912
"negative regulation of apoptotic signaling pathway",-1.19080817041544,0.103053435114504,0.203884471867912
"actin-mediated cell contraction",1.2392606144978,0.103238866396761,0.204088325670213
"long-term memory",1.34298383904415,0.103718199608611,0.204383437096681
"branching involved in blood vessel morphogenesis",1.34079355670909,0.103718199608611,0.204383437096681
"positive regulation of hydrolase activity",1.23977278777287,0.103585657370518,0.204383437096681
"regulation of nuclear division",-1.20946411401257,0.10351966873706,0.204383437096681
"cardiac muscle cell action potential",1.2525625654552,0.104,0.204775834658188
"positive regulation of carbohydrate metabolic process",1.28555305469135,0.104536489151874,0.205668692318659
"regulation of tumor necrosis factor-mediated signaling pathway",1.28160808368261,0.104854368932039,0.206130374479889
"negative regulation of telomere maintenance via telomere lengthening",-1.3483502077459,0.105058365758755,0.206367622509465
"positive regulation of protein serine/threonine kinase activity",1.32177570012582,0.105263157894737,0.206606055550922
"regulation of leukocyte differentiation",1.16378176649177,0.106060606060606,0.208006430096691
"regulation of vascular endothelial growth factor receptor signaling pathway",1.34061748038508,0.106212424849699,0.208059133480004
"protein targeting to membrane",-1.23959816672834,0.106299212598425,0.208059133480004
"regulation of receptor-mediated endocytosis",1.22727185103113,0.106339468302658,0.208059133480004
"hormone biosynthetic process",1.31073655501238,0.107003891050584,0.209193873821859
"cell junction maintenance",1.29814614041217,0.107843137254902,0.210668336735325
"vesicle targeting, to, from or within Golgi",-1.31082515069034,0.108481262327416,0.211670634193982
"regulation of neuronal synaptic plasticity",1.30417824846124,0.108527131782946,0.211670634193982
"regulation of cyclin-dependent protein serine/threonine kinase activity",-1.3080549339202,0.10934393638171,0.21309593266522
"sperm flagellum assembly",1.30059785862648,0.109803921568627,0.213824146010606
"cellular response to interleukin-1",1.27445088828369,0.110019646365422,0.213907899566053
"regulation of organelle assembly",1.17563174489114,0.109958506224066,0.213907899566053
"lipid translocation",1.30475228194094,0.110251450676983,0.21419046535442
"regulation of DNA repair",-1.1789786098404,0.111320754716981,0.216098361625362
"regulation of p38MAPK cascade",1.33833714092993,0.111776447105788,0.216643395525069
"regulation of insulin secretion",1.19419159233836,0.111776447105788,0.216643395525069
"polysaccharide metabolic process",1.23787021516705,0.112,0.216906958561376
"regulation of neuron projection regeneration",1.33739305508747,0.112704918032787,0.217912843505707
"purine-containing compound transmembrane transport",-1.32400298059478,0.11284046692607,0.217912843505707
"sulfur compound catabolic process",-1.32284920974663,0.11284046692607,0.217912843505707
"regulation of mRNA splicing, via spliceosome",-1.22459554616795,0.112871287128713,0.217912843505707
"bone resorption",1.27830139313876,0.113243761996161,0.218461681047112
"protein autoubiquitination",-1.24975670909497,0.113821138211382,0.219404637626143
"phospholipid catabolic process",1.2851594684581,0.115234375,0.221611449437112
"GO:1903052",-1.21531451273098,0.115151515151515,0.221611449437112
"regulation of DNA recombination",-1.21459355875807,0.115151515151515,0.221611449437112
"base-excision repair",-1.28564556451966,0.115463917525773,0.221880623515392
"negative regulation of smooth muscle cell proliferation",1.31863450228401,0.115913555992141,0.222571998598864
"macrophage migration",1.31435095489353,0.11623246492986,0.222666524076769
"striated muscle cell apoptotic process",1.31396492267116,0.11623246492986,0.222666524076769
"sensory perception of pain",1.26006719849904,0.11605415860735,0.222666524076769
"immune system development",1.17964942664608,0.116326530612245,0.22267451029871
"placenta blood vessel development",1.3141019596576,0.118126272912424,0.225945002319748
"response to steroid hormone",1.15590572742675,0.118421052631579,0.226334064327485
"response to pain",1.31041804074222,0.118852459016393,0.226983454883274
"lamellipodium assembly",-1.25642015757967,0.119096509240246,0.227274309235817
"cell differentiation in spinal cord",1.34229173485842,0.119191919191919,0.227281280860958
"nucleoside metabolic process",-1.30693754177644,0.119341563786008,0.227391579613802
"liposaccharide metabolic process",1.21936793232563,0.120331950207469,0.228926452122811
"cell recognition",1.21244522291617,0.120331950207469,0.228926452122811
"ganglioside metabolic process",1.3076405321563,0.120901639344262,0.229657485165443
"ephrin receptor signaling pathway",1.26315776666799,0.120857699805068,0.229657485165443
"epidermis development",1.16044827894172,0.121019108280255,0.2297044683603
"phosphatidic acid metabolic process",1.31818198507942,0.12133072407045,0.230119604534843
"B cell activation",1.17965452752862,0.122105263157895,0.23141142834132
"positive regulation of actin filament bundle assembly",1.26403340039712,0.12280701754386,0.232208383554306
"homologous recombination",-1.24934374450328,0.122736418511066,0.232208383554306
"long-term synaptic potentiation",1.22189551401511,0.122699386503067,0.232208383554306
"positive regulation of interleukin-6 production",1.26283279201004,0.123505976095618,0.233351870929706
"regulation of cilium assembly",1.20894984207288,0.123732251521298,0.233601209617573
"blood vessel remodeling",1.28520852090662,0.124248496993988,0.234283826769225
"small molecule catabolic process",-1.15013792716115,0.124282982791587,0.234283826769225
"regulatory T cell differentiation",-1.29074918729176,0.124489795918367,0.234495227748894
"positive regulation of fibroblast proliferation",1.27413705480657,0.125,0.2352773556231
"negative regulation of protein localization",-1.17653322294662,0.126953125,0.238772126518603
"protein localization to plasma membrane",1.14322130774151,0.127118644067797,0.238902034412695
"lipid export from cell",1.30064503722014,0.12770137524558,0.239815243732601
"myoblast differentiation",1.21301618832703,0.128,0.240193939393939
"Ras protein signal transduction",1.21234744265692,0.128309572301426,0.240592589394876
"ventricular cardiac muscle cell action potential",1.31650774777482,0.129292929292929,0.242202014275936
"vesicle docking involved in exocytosis",-1.29115348154916,0.129363449691992,0.242202014275936
"acetyl-CoA metabolic process",-1.29959596010752,0.12962962962963,0.242517063891686
"macrophage activation",1.22400362527745,0.13,0.242843137254902
"neurotransmitter secretion",1.193296627902,0.12992125984252,0.242843137254902
"phenol-containing compound metabolic process",1.22634245563458,0.130879345603272,0.244301536593297
"viral protein processing",1.31260693792483,0.131313131313131,0.244374625291229
"chondrocyte development",1.30530695064828,0.131313131313131,0.244374625291229
"regulation of dendritic spine morphogenesis",1.28928402368711,0.131212723658052,0.244374625291229
"regulation of lamellipodium assembly",-1.28361021918829,0.131212723658052,0.244374625291229
"osteoblast proliferation",1.31851365553683,0.132382892057026,0.245995816673109
"neuron maturation",1.26933947957511,0.132295719844358,0.245995816673109
"nucleoside phosphate catabolic process",-1.16738633643327,0.132553606237817,0.246128397789409
"ketone metabolic process",-1.16992566794284,0.1328125,0.246424391385768
"positive regulation of proteasomal ubiquitin-dependent protein catabolic process",-1.24245668506346,0.133466135458167,0.247451809528354
"response to peptide hormone",1.12469896621606,0.134361233480176,0.248925037644276
"chemokine production",1.24551098351191,0.134874759152216,0.249689669970133
"response to cadmium ion",-1.28535521749639,0.135728542914172,0.25070812885787
"regulation of vacuole organization",1.25599265478891,0.135658914728682,0.25070812885787
"regulation of small molecule metabolic process",1.13434023348525,0.135593220338983,0.25070812885787
"interstrand cross-link repair",-1.26312136411866,0.136178861788618,0.251352489307307
"regulation of type I interferon-mediated signaling pathway",-1.3051050156395,0.137176938369781,0.253006162577772
"response to food",1.31158795782908,0.137724550898204,0.253450009342385
"ventricular system development",1.28639102165081,0.137724550898204,0.253450009342385
"pigment granule organization",-1.27707148806542,0.137577002053388,0.253450009342385
"inclusion body assembly",-1.27418914850627,0.138132295719844,0.25363506041368
"ceramide biosynthetic process",1.24707646162369,0.138067061143984,0.25363506041368
"negative regulation of phosphorus metabolic process",-1.16947504443102,0.138,0.25363506041368
"amyloid precursor protein metabolic process",1.23473251716363,0.138339920948617,0.253828136436832
"response to platelet-derived growth factor",1.29002946499614,0.139344262295082,0.255006490309297
"regulation of membrane permeability",-1.21757446559778,0.139393939393939,0.255006490309297
"molting cycle",1.20151315820106,0.139112903225806,0.255006490309297
"GO:0006643",1.16037241873086,0.139344262295082,0.255006490309297
"hindbrain morphogenesis",1.27031434921073,0.140039447731755,0.255998311462405
"establishment or maintenance of bipolar cell polarity",1.24487546424641,0.140350877192982,0.256378409149718
"regulation of glycoprotein metabolic process",1.28591892953383,0.140900195694716,0.256724025328676
"endothelial cell chemotaxis",1.2842025286226,0.141393442622951,0.256724025328676
"negative regulation of hydrolase activity",1.28418948224389,0.141393442622951,0.256724025328676
"regulation of carbohydrate catabolic process",-1.27395455670356,0.141078838174274,0.256724025328676
"negative regulation of muscle cell apoptotic process",1.27108189794105,0.141153081510934,0.256724025328676
"protein destabilization",1.2508751456879,0.140655105973025,0.256724025328676
"negative regulation of protein ubiquitination",-1.22612706744717,0.141414141414141,0.256724025328676
"positive regulation of transmembrane transport",1.18002407524541,0.141472868217054,0.256724025328676
"regulation of response to cytokine stimulus",1.16889984145081,0.141104294478528,0.256724025328676
"regulation of cardiac muscle cell proliferation",1.27769726710272,0.142857142857143,0.259046224639197
"cartilage development involved in endochondral bone morphogenesis",1.27905175511211,0.143434343434343,0.259902610597563
"regulation of calcineurin-mediated signaling",1.28396632138241,0.14368932038835,0.260026331558942
"peroxisome organization",-1.2692207600513,0.143712574850299,0.260026331558942
"L-amino acid transport",-1.21581374516302,0.144016227180527,0.260288790812101
"peptide transport",1.15661014340429,0.144067796610169,0.260288790812101
"sulfur amino acid metabolic process",-1.28002877511601,0.144814090019569,0.261446429284602
"olfactory lobe development",1.27720621360643,0.145098039215686,0.261751249467916
"regulation of pH",1.20763902288296,0.14519427402863,0.261751249467916
"regulation of presynapse organization",1.27945954365897,0.145491803278689,0.262096870342772
"positive regulation of membrane permeability",-1.27686463872178,0.146292585170341,0.263156669184411
"regulation of T-helper cell differentiation",1.27448987327917,0.146292585170341,0.263156669184411
"negative regulation of phosphatidylinositol 3-kinase/protein kinase B signal transduction",1.23547282961558,0.147001934235977,0.264240777287746
"regulation of protein binding",1.27268442615237,0.147286821705426,0.264560882787775
"mitophagy",-1.20898997242994,0.147410358565737,0.264590911715457
"regulation of actin filament organization",1.14228560380485,0.147609147609148,0.264755871562533
"DNA catabolic process",-1.26266984371359,0.147859922178988,0.265013767899677
"cytoskeleton-dependent cytokinesis",-1.17667249808365,0.148514851485149,0.265995146152359
"regulation of lamellipodium organization",-1.23809741763672,0.151020408163265,0.270287247847116
"positive regulation of glucose metabolic process",1.26800631933024,0.151277013752456,0.270355817507095
"positive regulation of leukocyte cell-cell adhesion",1.14866671945354,0.151260504201681,0.270355817507095
"regulation of cellular extravasation",1.27022219633714,0.151639344262295,0.270612864364341
"response to auditory stimulus",1.26467056080112,0.151639344262295,0.270612864364341
"modification of synaptic structure",-1.26710555715719,0.152263374485597,0.271530870122983
"potassium ion homeostasis",1.26351761445078,0.153535353535354,0.273602209141777
"response to growth hormone",1.23729164807868,0.154901960784314,0.275245449686331
"neuroepithelial cell differentiation",1.23604782559922,0.154901960784314,0.275245449686331
"tissue migration",1.19349701326305,0.154786150712831,0.275245449686331
"negative regulation of response to biotic stimulus",-1.19155272568108,0.154598825831703,0.275245449686331
"response to nicotine",1.25216002489071,0.155038759689922,0.275291044983468
"axonal transport",-1.20972818571876,0.155419222903885,0.275768922014989
"rescue of stalled cytosolic ribosome",-1.26976332024814,0.156186612576065,0.276141498466033
"response to nerve growth factor",-1.24081006616935,0.15605749486653,0.276141498466033
"adult locomotory behavior",1.20547063918021,0.156,0.276141498466033
"regulation of cellular response to insulin stimulus",-1.19508235866651,0.156186612576065,0.276141498466033
"cellular response to ionizing radiation",-1.19395100782031,0.156186612576065,0.276141498466033
"acyl-CoA metabolic process",-1.20226401433968,0.156555772994129,0.276435672440654
"glycerolipid biosynthetic process",1.14915031110632,0.156576200417537,0.276435672440654
"pyruvate metabolic process",-1.1951413554603,0.15748031496063,0.277833860511026
"negative regulation of endothelial cell proliferation",1.25604931385465,0.158316633266533,0.278912020342249
"positive regulation of cell division",1.20823586217492,0.158215010141988,0.278912020342249
"regulation of embryonic development",1.17835634968442,0.159274193548387,0.280399557511979
"regulation of behavior",1.22634857453776,0.159922928709056,0.281341686372394
"regulation of postsynaptic membrane neurotransmitter receptor levels",1.17800953764899,0.160243407707911,0.281705408724269
"glucan biosynthetic process",1.2485279952285,0.160469667318982,0.281903096417815
"regulation of natural killer cell mediated immunity",1.26561846298909,0.160896130346232,0.282251922710777
"clathrin-dependent endocytosis",1.21932457927792,0.16078431372549,0.282251922710777
"regulation of protein localization to membrane",1.14732441965319,0.161554192229039,0.283205756653453
"establishment of spindle orientation",-1.2411731758309,0.162324649298597,0.284355131762818
"cellular response to amyloid-beta",1.22849489512771,0.162745098039216,0.284890182221298
"positive regulation of cellular response to transforming growth factor beta stimulus",1.22999929163416,0.163636363636364,0.285969626915705
"regulation of lipid storage",1.22422022979232,0.163672654690619,0.285969626915705
"regulation of plasma lipoprotein particle levels",1.21893173973574,0.16370808678501,0.285969626915705
"spindle localization",-1.21610822210135,0.164271047227926,0.286750799142757
"regulation of macroautophagy",-1.13979135414606,0.164705882352941,0.287307373653687
"p38MAPK cascade",1.22818806057434,0.16504854368932,0.28770249311643
"organelle fusion",-1.14774095138977,0.165692007797271,0.288621029053333
"actin nucleation",-1.23942391300367,0.16597510373444,0.288910985207454
"response to amine",1.2269427921392,0.166666666666667,0.289098972922502
"regulation of B cell mediated immunity",1.22685691917917,0.166666666666667,0.289098972922502
"hair cell differentiation",1.21774680827712,0.166666666666667,0.289098972922502
"regulation of Ras protein signal transduction",1.21561122834618,0.166666666666667,0.289098972922502
"lymphocyte activation involved in immune response",1.15379204350802,0.166666666666667,0.289098972922502
"regulation of cytokinesis",-1.20345907799806,0.167641325536062,0.290382911435543
"neural precursor cell proliferation",1.16067353406887,0.167630057803468,0.290382911435543
"T cell apoptotic process",-1.23624756900145,0.16969696969697,0.293533096326392
"catechol-containing compound metabolic process",1.22183760847904,0.169625246548323,0.293533096326392
"regulation of receptor internalization",1.21916144121503,0.170923379174853,0.295242127068417
"positive regulation of D-glucose transmembrane transport",1.21655437446744,0.170923379174853,0.295242127068417
"positive regulation of receptor signaling pathway via STAT",1.24372670597482,0.171079429735234,0.295305747354826
"cell-cell recognition",-1.23432299532533,0.171717171717172,0.295788201907812
"inflammasome-mediated signaling pathway",1.22014303338385,0.171539961013645,0.295788201907812
"cerebellar cortex morphogenesis",1.21718640055982,0.171656686626747,0.295788201907812
"cardiac muscle cell membrane repolarization",1.21705553533326,0.172549019607843,0.296808278867102
"positive T cell selection",1.21512200589114,0.172549019607843,0.296808278867102
"intracellular protein transmembrane transport",-1.23004008980155,0.172764227642276,0.296972235856987
"exploration behavior",1.21440063127526,0.173652694610778,0.29829245807968
"carbohydrate derivative catabolic process",1.13715036350258,0.174004192872117,0.298689110009865
"regulation of DNA-templated transcription elongation",-1.18136790538223,0.174168297455969,0.298763762325786
"constitutive heterochromatin formation",1.21278888719037,0.174757281553398,0.299566634192226
"integrated stress response signaling",-1.22157617664563,0.175869120654397,0.301264046930111
"regulation of fibroblast migration",1.2323696961042,0.176699029126214,0.302476499755101
"maternal placenta development",-1.22945718307716,0.176938369781312,0.302677031732258
"regulation of membrane potential",1.10249796653581,0.177350427350427,0.303172538679785
"protein export from nucleus",-1.21022155743833,0.177914110429448,0.303863542384562
"regulation of alpha-beta T cell activation",1.18947589210191,0.178,0.303863542384562
"peripheral nervous system axon ensheathment",1.23160873271599,0.17827868852459,0.304129691098767
"response to epidermal growth factor",1.19234222675886,0.179337231968811,0.305262152162354
"negative regulation of establishment of protein localization",-1.1671121877741,0.179337231968811,0.305262152162354
"negative regulation of secretion",1.14763633341851,0.179435483870968,0.305262152162354
"regulation of RNA splicing",-1.1284060431881,0.179337231968811,0.305262152162354
"mast cell activation",1.21031815660917,0.179883945841393,0.305815054117453
"GO:0046467",1.14692532320593,0.18019801980198,0.306138885493488
"positive regulation of binding",1.20403796590368,0.180746561886051,0.306860338445338
"response to organophosphorus",1.16690289290725,0.182178217821782,0.309079072290791
"negative regulation of Notch signaling pathway",1.2021057657652,0.182711198428291,0.309664152938877
"regulation of protein secretion",1.12277207769404,0.182773109243697,0.309664152938877
"nucleotide transport",-1.1994231305188,0.183299389002037,0.310131548195386
"response to dsRNA",-1.19733766350901,0.183299389002037,0.310131548195386
"regulation of inflammasome-mediated signaling pathway",1.20299151682373,0.183953033268102,0.311025026215077
"positive regulation of dendritic spine development",1.20061542943782,0.18467583497053,0.311715526957968
"positive regulation of hormone secretion",1.14150825453635,0.184738955823293,0.311715526957968
"positive regulation of proteolysis",-1.12881097046813,0.18467583497053,0.311715526957968
"intra-Golgi vesicle-mediated transport",-1.21144201350609,0.18562874251497,0.313003672709041
"positive regulation of response to endoplasmic reticulum stress",-1.23253738920012,0.187242798353909,0.315510484029003
"positive regulation of mononuclear cell migration",1.19628425251021,0.187376725838264,0.315521515908485
"regulation of heart growth",1.19864236741382,0.188235294117647,0.316751918158568
"mitochondrial outer membrane permeabilization",-1.21719350503739,0.188866799204771,0.317383352530678
"regulation of neuron migration",1.1814124518266,0.188866799204771,0.317383352530678
"monosaccharide biosynthetic process",-1.1886067273467,0.19,0.318963751192588
"response to metal ion",1.10938064059663,0.190064794816415,0.318963751192588
"lymphocyte apoptotic process",-1.17526010903624,0.190965092402464,0.320257639729792
"apical junction assembly",1.18964029639638,0.192982456140351,0.323421883531562
"positive regulation of lamellipodium organization",-1.2096881755922,0.193293885601578,0.323724783390878
"ventral spinal cord development",1.20847397850633,0.193482688391039,0.323820960374996
"regulation of muscle organ development",1.18322823416911,0.193612774451098,0.323820960374996
"regulation of signal transduction by p53 class mediator",-1.14867528626166,0.19438877755511,0.324899461541166
"regulation of miRNA metabolic process",1.16435899389403,0.196,0.327371544167229
"skin development",1.12004956416317,0.19620253164557,0.32748899655396
"regulation of stem cell differentiation",1.17209032803952,0.196787148594378,0.328243614187389
"neurotransmitter reuptake",1.21220299770024,0.198770491803279,0.330944440881592
"regulation of myeloid leukocyte mediated immunity",-1.1909547673951,0.198807157057654,0.330944440881592
"regulation of cardiac muscle contraction",1.16833277612006,0.198795180722892,0.330944440881592
"regulation of isotype switching",1.19285739702814,0.2,0.33248322147651
"T-helper 1 type immune response",-1.17923657998669,0.2,0.33248322147651
"protein-containing complex remodeling",1.20819963302801,0.200819672131148,0.333621950280921
"epigenetic programming of gene expression",1.1995274376154,0.20162932790224,0.334742523601776
"dopamine metabolic process",1.18442398213058,0.201960784313725,0.334908969210174
"sterol metabolic process",1.1403141074001,0.202,0.334908969210174
"response to amyloid-beta",1.17791176568725,0.203155818540434,0.33659997493288
"positive regulation of double-strand break repair via homologous recombination",-1.1849384332457,0.204771371769384,0.339049925048639
"G protein-coupled dopamine receptor signaling pathway",1.19871414912438,0.205702647657841,0.34036436756745
"phospholipid transport",1.13450790119518,0.206477732793522,0.341418787803441
"membrane repolarization during action potential",1.20490817285065,0.206967213114754,0.341771857923497
"regulation of macrophage migration",1.20450404453352,0.206967213114754,0.341771857923497
"defense response to bacterium",1.1314465226479,0.207364341085271,0.342199515568432
"myotube cell development",1.17957979086428,0.207843137254902,0.342305486024197
"negative regulation of leukocyte proliferation",1.17539804639918,0.207766990291262,0.342305486024197
"positive regulation of protein catabolic process",-1.10366522197125,0.207843137254902,0.342305486024197
"response to light stimulus",1.08700973768518,0.208067940552017,0.342448032390263
"receptor localization to synapse",1.18043193930998,0.208251473477407,0.342522509829705
"membrane depolarization during action potential",1.19387648166931,0.209775967413442,0.343598279927868
"positive regulation of nucleotide metabolic process",-1.18968063487153,0.209393346379648,0.343598279927868
"positive regulation of RNA splicing",-1.18488615887673,0.209580838323353,0.343598279927868
"B cell activation involved in immune response",1.18467072015746,0.209803921568627,0.343598279927868
"response to UV",-1.12825425291136,0.209876543209877,0.343598279927868
"negative regulation of catalytic activity",-1.12569635382474,0.209580838323353,0.343598279927868
"regulation of microtubule-based process",-1.09686376892415,0.209433962264151,0.343598279927868
"regulation of organ growth",1.1610959558215,0.211155378486056,0.345463588183593
"regulation of T cell migration",1.17212914319653,0.211576846307385,0.345924652345474
"inflammatory response to antigenic stimulus",1.19044162557552,0.212062256809339,0.346489584509717
"chromosome organization involved in meiotic cell cycle",-1.17446043886017,0.213414634146341,0.348469379552068
"molting cycle process",1.15054857179844,0.213849287169043,0.348949067402977
"embryonic placenta development",1.15721246368384,0.214,0.348965108624095
"regulation of actin filament-based movement",1.16940237982373,0.214145383104126,0.348972443387447
"positive regulation of JNK cascade",1.1423352167089,0.214723926380368,0.349455430778037
"regulation of ketone metabolic process",1.11768176834013,0.214711729622266,0.349455430778037
"amyloid precursor protein catabolic process",1.17330407466353,0.214971209213052,0.349628158385246
"epiboly",1.18611672994246,0.215533980582524,0.350313431694825
"T cell activation involved in immune response",1.13919768530347,0.217131474103586,0.352678466462021
"phospholipid metabolic process",1.0828242813954,0.217484008528785,0.353019586583093
"lung epithelium development",1.15654017403153,0.218436873747495,0.354334077454188
"positive regulation of Rho protein signal transduction",1.19491953940957,0.219262295081967,0.355226854495844
"apoptotic process involved in development",1.18181661396324,0.219417475728155,0.355226854495844
"negative regulation of T cell proliferation",1.16679889629482,0.219417475728155,0.355226854495844
"regulation of postsynapse assembly",1.17354980288927,0.219607843137255,0.355302826551914
"regulation of mitochondrial membrane permeability involved in apoptotic process",-1.17932896791803,0.220440881763527,0.35618529949658
"mitochondrial fission",-1.1772992887232,0.220440881763527,0.35618529949658
"positive regulation of protein-containing complex disassembly",-1.18048642974501,0.221095334685598,0.356841347042587
"endoplasmic reticulum to cytosol transport",-1.17137345829918,0.221135029354207,0.356841347042587
"response to starvation",-1.10044209870325,0.221590909090909,0.357344193892045
"microtubule organizing center organization",-1.11830879118486,0.222664015904573,0.358841097850115
"muscle cell apoptotic process",1.1517211273793,0.223091976516634,0.359297025898376
"regulation of osteoclast differentiation",1.16232992926176,0.223529411764706,0.359571765559789
"fertilization",-1.12402340570572,0.223552894211577,0.359571765559789
"protein localization to endoplasmic reticulum",1.17405787399694,0.224032586558045,0.360109485336974
"cellular response to starvation",-1.10505888382152,0.225490196078431,0.362217390198622
"regulation of spindle organization",-1.16441803407439,0.227642276422764,0.365437406804399
"amyloid fibril formation",1.16413127046729,0.228282828282828,0.366228345632491
"fibroblast proliferation",1.15219558272773,0.228915662650602,0.366965875390545
"positive regulation of peptide secretion",1.13239053918948,0.229038854805726,0.366965875390545
"anterograde axonal transport",-1.16247869026962,0.229674796747967,0.367746911147198
"negative regulation of transmembrane transport",-1.15177413681743,0.230019493177388,0.368060907364593
"response to amino acid starvation",-1.15455772198003,0.230769230769231,0.369022197944083
"cellular response to oxygen levels",1.10861052053368,0.231075697211155,0.369273872252924
"regulation of cell projection assembly",1.09129657943027,0.231732776617954,0.370085162915972
"amyloid-beta formation",1.15128114512779,0.231968810916179,0.370223417937742
"protein polymerization",-1.08122838887638,0.232645403377111,0.371064175251193
"deoxyribonucleotide catabolic process",-1.16716502153684,0.233463035019455,0.372128660066403
"negative regulation of JNK cascade",-1.14654614312373,0.234086242299795,0.372882072139287
"epidermal cell differentiation",1.10560019038936,0.234468937875752,0.37325164467753
"energy homeostasis",1.14923977425959,0.234939759036145,0.373760939712608
"fatty-acyl-CoA metabolic process",-1.1631074556439,0.235294117647059,0.374084421958771
"positive regulation of neuron differentiation",1.15502441178156,0.235867446393762,0.374755397509525
"somatic stem cell population maintenance",1.16505325784136,0.236686390532544,0.375019394297326
"amine biosynthetic process",-1.15731649986975,0.23679060665362,0.375019394297326
"protein O-linked glycosylation via N-acetyl-galactosamine",1.15446569351461,0.236363636363636,0.375019394297326
"inner ear auditory receptor cell differentiation",1.139105158789,0.236580516898608,0.375019394297326
"positive regulation of alpha-beta T cell differentiation",1.13482459433575,0.236472945891784,0.375019394297326
"regulation of CD4-positive, alpha-beta T cell activation",1.14873303994463,0.237254901960784,0.37551462757627
"presynaptic modulation of chemical synaptic transmission",1.16939116833325,0.237704918032787,0.375986642380085
"protein localization to extracellular region",1.06766930139224,0.239406779661017,0.378436881442463
"positive regulation of leukocyte mediated immunity",1.12022322817655,0.24,0.379132653061225
"DNA damage tolerance",-1.14114733077679,0.240246406570842,0.379280018531533
"positive regulation of monoatomic ion transmembrane transport",1.11903104948564,0.241308793456033,0.380714574134136
"positive regulation of lymphocyte migration",1.16086461582799,0.242362525458248,0.381647791201578
"amyloid-beta metabolic process",1.15092782803601,0.242248062015504,0.381647791201578
"intrinsic apoptotic signaling pathway in response to endoplasmic reticulum stress",-1.12402119890568,0.242299794661191,0.381647791201578
"regulation of adaptive immune response",1.09823359168005,0.242544731610338,0.381692058576116
"positive regulation of phagocytosis",1.14893361550201,0.242718446601942,0.381722915703498
"negative regulation of oxidative stress-induced intrinsic apoptotic signaling pathway",-1.15064946212408,0.243190661478599,0.382222886092951
"acyl-CoA biosynthetic process",-1.15493519552033,0.24390243902439,0.383098504415608
"negative regulation of cell junction assembly",1.15572983148401,0.244488977955912,0.383533374538818
"multi-multicellular organism process",1.09988841871864,0.244488977955912,0.383533374538818
"actin filament organization",1.05781500757712,0.246119733924612,0.385847203121053
"positive regulation of muscle contraction",1.13155320484334,0.246520874751491,0.38623162982887
"positive regulation of reactive oxygen species metabolic process",-1.13113577119124,0.246887966804979,0.386562259023978
"respiratory gaseous exchange by respiratory system",1.13884694822681,0.248554913294798,0.388926418339364
"carboxylic acid transmembrane transport",-1.11089957054481,0.25,0.390940656565657
"microtubule organizing center localization",1.15304528025586,0.25050916496945,0.391489717116295
"regulation of long-term synaptic potentiation",1.13839211882425,0.25147347740668,0.392748930350785
"positive regulation of MAP kinase activity",1.15775846612711,0.252049180327869,0.393400012395798
"homologous chromosome segregation",-1.15071995799483,0.253061224489796,0.394730889837043
"metencephalon development",1.107698713142,0.253465346534653,0.395040578256228
"glycerophospholipid biosynthetic process",1.08645171294588,0.253578732106339,0.395040578256228
"extracellular transport",1.13610608946501,0.253875968992248,0.395255044119295
"regulation of ubiquitin-dependent protein catabolic process",-1.0948629620572,0.254368932038835,0.395773771771479
"cytokine production involved in inflammatory response",1.13994573154207,0.25531914893617,0.397002844893216
"positive regulation of calcium ion transmembrane transport",1.10953327150674,0.258382642998028,0.401514307845743
"pyrimidine-containing compound catabolic process",-1.13569655417204,0.25875486381323,0.40184062549553
"catecholamine transport",1.13139879975054,0.259332023575639,0.402484600499284
"positive regulation of inflammatory response",1.09868702127831,0.260692464358452,0.404089633426712
"sphingolipid biosynthetic process",1.09812990851811,0.260692464358452,0.404089633426712
"glycosphingolipid metabolic process",1.11679365381581,0.262230919765166,0.40622013024285
"positive regulation of phosphorus metabolic process",1.07440144840641,0.263157894736842,0.407401315789474
"regulation of glycolytic process",-1.1256406048045,0.264646464646465,0.409449901892125
"regulation of cytoplasmic translation",-1.12323212811998,0.265432098765432,0.410409056580509
"T cell lineage commitment",1.1354965368038,0.266393442622951,0.411547248182762
"activation of protein kinase activity",-1.12851105385346,0.266533066132265,0.411547248182762
"maternal process involved in female pregnancy",1.123744154455,0.266666666666667,0.411547248182762
"negative regulation of innate immune response",-1.11212388972191,0.266932270916335,0.411673308158793
"regulation of protein localization to nucleus",-1.09536921922261,0.267080745341615,0.411673308158793
"miRNA metabolic process",1.10159178090027,0.267326732673267,0.411796216935126
"amyloid-beta clearance",1.128739324019,0.268686868686869,0.413634166399859
"negative regulation of reproductive process",-1.14124426517605,0.269387755102041,0.414455571048295
"glycerolipid metabolic process",1.04729509320038,0.269807280513919,0.414843348127236
"response to glucagon",1.1367526332866,0.270491803278689,0.415637839157141
"positive regulation of smooth muscle cell proliferation",1.11653490034168,0.270916334661355,0.415774325251658
"vesicle organization",-1.05633563785442,0.270871985157699,0.415774325251658
"synaptic vesicle localization",1.11574961425199,0.271287128712871,0.416085583790577
"regulation of JNK cascade",1.1045164907715,0.272015655577299,0.416944788901591
"negative regulation of adaptive immune response",1.10654914967867,0.272904483430799,0.418048488223927
"positive regulation of exocytosis",-1.09874566662377,0.273084479371316,0.418065670829883
"regulation of peptidyl-tyrosine phosphorylation",1.13281676217173,0.273255813953488,0.418069580705862
"protein-containing complex disassembly",-1.06474163684114,0.273584905660377,0.418314698346145
"regulation of protein-containing complex disassembly",-1.0898104307295,0.273809523809524,0.418399870744103
"very long-chain fatty acid metabolic process",-1.14025093251176,0.274353876739563,0.418953040242591
"positive regulation of epithelial cell migration",1.11827148965776,0.274509803921569,0.418953040242591
"positive regulation of chemokine production",1.10546599575763,0.274853801169591,0.419219744764209
"regulation of transmembrane transport",-1.06191821026047,0.275992438563327,0.420697397120838
"monosaccharide catabolic process",1.12158377677323,0.276264591439689,0.420853255225159
"DNA damage response, signal transduction by p53 class mediator",-1.09598605533416,0.277013752455796,0.421735135115554
"defense response to virus",-1.06488570237868,0.278195488721804,0.423274094326726
"neurotransmitter receptor localization to postsynaptic specialization membrane",1.12395967071361,0.278557114228457,0.423564132562239
"alcohol biosynthetic process",1.09205151060484,0.279678068410463,0.425007715001666
"estrogen receptor signaling pathway",1.12540699200825,0.280078895463511,0.425355870057092
"negative regulation of DNA recombination",-1.1069159920895,0.280318091451292,0.425458279733365
"cell communication by electrical coupling",1.11693333451343,0.281059063136456,0.426321677519291
"regulation of epithelial cell migration",1.10627125704512,0.281553398058252,0.426810138916947
"mitotic G2/M transition checkpoint",-1.105051925538,0.281893004115226,0.427063590943985
"cellular response to cAMP",1.11591402665205,0.282398452611219,0.427567828311729
"JNK cascade",1.0844496313406,0.283057851239669,0.42804291667928
"leukocyte proliferation",1.07799573174853,0.283018867924528,0.42804291667928
"regulation of meiotic cell cycle",-1.10758666392885,0.283702213279678,0.428755571869288
"regulation of viral genome replication",-1.09663163815602,0.284848484848485,0.430225424981522
"T cell mediated immunity",1.10770017585902,0.285132382892057,0.430391780879723
"regulation of stem cell population maintenance",1.10358703583499,0.286004056795132,0.431444609428466
"smooth muscle contraction",1.1104643435732,0.286298568507157,0.431626022028137
"cellular response to nutrient levels",1.07861763177365,0.286902286902287,0.432273092857035
"ERBB signaling pathway",1.08316188459042,0.287425149700599,0.432797626631236
"leukocyte apoptotic process",-1.09546999897966,0.288759689922481,0.434542984166455
"regulation of double-strand break repair",-1.07194370926139,0.292682926829268,0.440179483762051
"energy reserve metabolic process",1.09848787684621,0.293279022403259,0.440808336464121
"regulation of neurotransmitter secretion",1.09478720471817,0.294466403162055,0.442324609237363
"regulation of nucleotide-excision repair",1.10501974157543,0.295315682281059,0.443331481824354
"mitotic recombination",-1.10977924808789,0.295719844357977,0.44366932433356
"maintenance of synapse structure",1.09981393982927,0.296969696969697,0.44527478171546
"regulation of calcium ion transmembrane transport",1.07148043473199,0.29718875502008,0.445333663753623
"glycolipid biosynthetic process",1.098897980783,0.298568507157464,0.446321178170814
"fatty acid transport",-1.09659006180201,0.298210735586481,0.446321178170814
"mitotic cytokinetic process",-1.09157758828823,0.298210735586481,0.446321178170814
"regulation of viral life cycle",-1.08472044674178,0.298418972332016,0.446321178170814
"protein monoubiquitination",-1.09053210680462,0.300207039337474,0.448229557829369
"macroautophagy",-1.04983110735149,0.300184162062615,0.448229557829369
"response to ischemia",-1.10292371231558,0.300613496932515,0.448566043314362
"positive regulation of myoblast differentiation",1.09917855697997,0.302554027504912,0.450994648743938
"cellular response to acid chemical",1.08951419391857,0.302605210420842,0.450994648743938
"brown fat cell differentiation",1.09942549090183,0.302912621359223,0.451181336805049
"antiviral innate immune response",-1.09146491782029,0.304174950298211,0.452789273971555
"L-alpha-amino acid transmembrane transport",-1.09890342990654,0.306910569105691,0.456587074879758
"Golgi to plasma membrane protein transport",1.1073037132259,0.307692307692308,0.457475297811432
"regulation of DNA binding",1.09180548025693,0.308447937131631,0.458048885056984
"defense response to Gram-negative bacterium",1.09138107559739,0.308447937131631,0.458048885056984
"long-term synaptic depression",1.09507706070248,0.309572301425662,0.459443133991231
"cell maturation",1.06658291762872,0.310483870967742,0.460520088854549
"endoplasmic reticulum organization",-1.07243939394462,0.310891089108911,0.460848131491785
"negative regulation of reactive oxygen species metabolic process",1.09286587713621,0.311608961303462,0.461084466636007
"detection of mechanical stimulus involved in sensory perception",1.09037347118669,0.311608961303462,0.461084466636007
"positive regulation of secretion",1.04893021291511,0.311440677966102,0.461084466636007
"ovarian follicle development",1.10018083555114,0.311890838206628,0.461226033574816
"positive regulation of interleukin-1 production",1.09586596243696,0.3125,0.461851133651551
"platelet aggregation",1.07991167103912,0.312749003984064,0.461943519897749
"macromolecule deacylation",-1.09206036679625,0.314928425357873,0.464885405012784
"negative regulation of lymphocyte activation",1.06115639590414,0.315261044176707,0.465099229556702
"centrosome duplication",-1.0825061676228,0.316,0.465911904761905
"chromosome condensation",-1.0796153782173,0.317171717171717,0.467361298890151
"positive regulation of lipid transport",1.08425544689195,0.318637274549098,0.469241693851436
"lipoprotein biosynthetic process",1.09992174126609,0.319526627218935,0.469713623514126
"membrane repolarization",1.09676672491869,0.319526627218935,0.469713623514126
"glycosphingolipid biosynthetic process",1.09557379563458,0.319526627218935,0.469713623514126
"cellular pigmentation",-1.07988637981819,0.319919517102616,0.470012244284211
"regulation of protein localization to mitochondrion",-1.09637735632045,0.32172131147541,0.472099341543004
"olefinic compound metabolic process",1.05700939870072,0.321576763485477,0.472099341543004
"interleukin-1 production",1.07547936884553,0.322134387351779,0.472425623132241
"diterpenoid metabolic process",-1.07616198524862,0.322381930184805,0.472508900040096
"regulation of protein export from nucleus",-1.09091725628171,0.323353293413174,0.472671912936091
"visual behavior",1.08671271080215,0.323643410852713,0.472671912936091
"positive regulation of transporter activity",1.08650834764693,0.323828920570265,0.472671912936091
"negative regulation of cell-matrix adhesion",1.08347523281515,0.323828920570265,0.472671912936091
"epithelial cell apoptotic process",1.08196052062834,0.32295719844358,0.472671912936091
"interleukin-6 production",1.07368963180623,0.322772277227723,0.472671912936091
"actin filament polymerization",-1.06280007965622,0.323770491803279,0.472671912936091
"neurotransmitter uptake",1.05982744852803,0.324649298597194,0.473590290120878
"response to acid chemical",1.06197173274524,0.325349301397206,0.474332089205932
"organophosphate catabolic process",-1.04389878504129,0.326996197718631,0.4764526951465
"regulation of membrane lipid distribution",1.08521059240201,0.327519379844961,0.476934452601981
"insulin secretion",1.05794883380351,0.328542094455852,0.478142636878464
"placenta development",1.063334151238,0.329457364341085,0.479193124763869
"nuclear-transcribed mRNA poly(A) tail shortening",-1.09458162708153,0.33130081300813,0.481180555084966
"purine-containing compound catabolic process",-1.05537838563744,0.331275720164609,0.481180555084966
"regulation of protein polymerization",-1.05138101300564,0.33140655105973,0.481180555084966
"vasodilation",1.07007132425781,0.332684824902724,0.482497576178818
"response to virus",-1.03781226850813,0.332703213610586,0.482497576178818
"membrane docking",-1.06746441593153,0.333988212180747,0.484077707180637
"positive regulation of response to cytokine stimulus",1.07814571366528,0.335294117647059,0.48525898042383
"phosphatidylinositol metabolic process",1.06217382361363,0.335305719921105,0.48525898042383
"regulation of actin filament length",-1.0542724443261,0.335390946502058,0.48525898042383
"positive regulation of fatty acid metabolic process",1.07743078734109,0.336065573770492,0.485667693249421
"response to temperature stimulus",-1.05666099787424,0.336,0.485667693249421
"positive regulation of lipid localization",1.06490501317673,0.337349397590361,0.486989946080855
"cellular response to topologically incorrect protein",-1.05551380123541,0.337373737373737,0.486989946080855
"leukocyte cell-cell adhesion",1.03421648700528,0.338266384778013,0.487994079845741
"cellular extravasation",1.07585493059081,0.339113680154143,0.488931656427131
"vascular transport",1.06736362499894,0.34,0.489639534883721
"response to cold",1.06083502173423,0.339882121807466,0.489639534883721
"plasma membrane organization",1.05774849070233,0.341085271317829,0.490917034894982
"type I interferon-mediated signaling pathway",-1.06312833020403,0.3420523138833,0.492022985765931
"positive regulation of protein localization to membrane",1.06465133080302,0.344,0.494250580046404
"positive regulation of immunoglobulin production",1.05585179703721,0.343811394891945,0.494250580046404
"establishment of epithelial cell polarity",1.07236848095118,0.344262295081967,0.494340698503207
"negative regulation of autophagy",-1.06278102744337,0.346379647749511,0.496805088289252
"monocarboxylic acid catabolic process",-1.05312819281206,0.346379647749511,0.496805088289252
"negative regulation of cell-cell adhesion",1.05089126463931,0.347648261758691,0.498336078921457
"regulation of protein targeting to membrane",1.07193658207158,0.34826883910387,0.498648505468373
"regulation of acute inflammatory response",1.06923472455719,0.34826883910387,0.498648505468373
"actin filament bundle organization",1.04867071825188,0.348547717842324,0.498759501499385
"plasma lipoprotein particle clearance",1.06289661817617,0.349514563106796,0.499854256821902
"GO:1903051",-1.06286068842842,0.35,0.500259665320254
"erythrocyte homeostasis",1.04572214452883,0.350293542074364,0.500390486573356
"lipid modification",1.04704531633603,0.350701402805611,0.500684365849855
"positive regulation of myeloid leukocyte differentiation",1.05749033917485,0.352030947775629,0.502293005553129
"amino acid transmembrane transport",-1.05531641491079,0.352826510721248,0.503138323003184
"positive regulation of viral process",-1.05853353864574,0.353430353430353,0.503419773115
"regulation of reproductive process",-1.04161801059327,0.353293413173653,0.503419773115
"glucan metabolic process",1.05926094247584,0.353754940711462,0.503592521920858
"regulation of androgen receptor signaling pathway",1.06088704034215,0.354378818737271,0.504190886853659
"DNA methylation-dependent constitutive heterochromatin formation",1.06275957395083,0.354709418837675,0.50437154446666
"response to estradiol",1.06453341203253,0.356997971602434,0.507334466815393
"positive regulation of ubiquitin-dependent protein catabolic process",-1.05093885329218,0.358,0.50824753533097
"glycerophospholipid metabolic process",1.03349593629837,0.358050847457627,0.50824753533097
"response to osmotic stress",-1.04866390778156,0.358565737051793,0.508686901877028
"regulation of cell killing",1.05771710736736,0.358925143953935,0.50890531286428
"interleukin-10 production",-1.05300311184643,0.359342915811088,0.509143359369463
"regulation of intracellular protein transport",-1.04035853420948,0.359504132231405,0.509143359369463
"viral genome replication",-1.04585301635576,0.36,0.509554285714286
"negative regulation of endocytosis",1.04414833029356,0.360623781676413,0.510145692297245
"regulated exocytosis",1.03861905382768,0.360887096774194,0.510226791500958
"regulation of amyloid precursor protein catabolic process",1.04780758495796,0.36182902584493,0.511266683980543
"regulation of multicellular organism growth",1.05577730649331,0.362745098039216,0.512268875623225
"positive regulation of tumor necrosis factor superfamily cytokine production",-1.0465572774612,0.363457760314342,0.512690701764593
"positive regulation of cell activation",1.02368497753117,0.363440860215054,0.512690701764593
"negative regulation of blood pressure",1.0548247131946,0.364562118126273,0.513955814797255
"cellular response to fatty acid",-1.05692342412277,0.365949119373777,0.515617729629605
"regulation of gluconeogenesis",1.05912160410406,0.3671875,0.516774680397727
"protein K63-linked ubiquitination",-1.05318986426171,0.367139959432049,0.516774680397727
"regulation of cellular senescence",-1.04296777365244,0.370143149284254,0.520638603507721
"detection of light stimulus",1.05016808017143,0.370873786407767,0.521074514425433
"positive regulation of leukocyte chemotaxis",1.04285170835869,0.370741482965932,0.521074514425433
"cellular response to abiotic stimulus",-1.02674986199486,0.37218045112782,0.522613932791162
"negative regulation of actin filament bundle assembly",1.05095582749001,0.372950819672131,0.52310259361714
"regulation of DNA damage response, signal transduction by p53 class mediator",1.04886382196835,0.372815533980583,0.52310259361714
"regulatory ncRNA processing",-1.04149778005135,0.374245472837022,0.524621412686646
"regulation of potassium ion transport",1.03701146631365,0.374753451676529,0.52503636866672
"regulation of response to endoplasmic reticulum stress",-1.05154842003362,0.37573385518591,0.525815118246045
"oocyte maturation",-1.04944840836511,0.37573385518591,0.525815118246045
"positive regulation of lipid biosynthetic process",1.0470837189183,0.376,0.525890457368718
"negative regulation of protein localization to membrane",1.03335662777033,0.376753507014028,0.526646973405049
"regulation of platelet aggregation",1.04866502429701,0.377049180327869,0.526757223180983
"vesicle docking",-1.0415159001387,0.377319587628866,0.526757223180983
"regulation of phagocytosis",1.04085958384835,0.377470355731225,0.526757223180983
"actin polymerization or depolymerization",-1.03268298707062,0.37843137254902,0.527800962727433
"cerebellar Purkinje cell layer development",1.04865532401981,0.379098360655738,0.528433674363682
"regulation of lymphocyte differentiation",1.0358629594131,0.379668049792531,0.528930123361136
"nucleotide-excision repair",-1.04359471940818,0.380116959064327,0.528960509888955
"membrane fusion",-1.0308949325701,0.380116959064327,0.528960509888955
"regulation of leukocyte chemotaxis",1.04319404456674,0.380761523046092,0.529262790451835
"response to corticosteroid",-1.03350735305977,0.380761523046092,0.529262790451835
"aldehyde metabolic process",-1.02973394157354,0.38241308793456,0.531260358280373
"positive regulation of defense response to virus by host",-1.04407736388459,0.383268482490272,0.532150241663904
"cell volume homeostasis",1.03068823680654,0.384769539078156,0.533935097084926
"amine metabolic process",1.0438505933472,0.385395537525355,0.534504337318199
"natural killer cell activation",1.03270788989783,0.385658914728682,0.53457030318016
"phospholipid dephosphorylation",1.04068122985827,0.386407766990291,0.534661032535018
"bicellular tight junction assembly",1.03721177127709,0.386407766990291,0.534661032535018
"negative regulation of protein modification process",-1.02876545196817,0.385964912280702,0.534661032535018
"endothelial cell development",1.02762336850571,0.386587771203156,0.534661032535018
"positive regulation of canonical Wnt signaling pathway",1.03230457401101,0.386965376782077,0.53488461958103
"toll-like receptor signaling pathway",1.04490421812131,0.38728323699422,0.534992702354227
"regulation of ruffle assembly",-1.04016781448186,0.38747553816047,0.534992702354227
"biological process involved in symbiotic interaction",-1.02887463672059,0.388671875,0.536345534470752
"skin epidermis development",1.03557787313506,0.391038696537678,0.539257600547375
"cellular response to carbohydrate stimulus",1.02953336531517,0.391217564870259,0.539257600547375
"host-mediated perturbation of viral process",-1.02535010459556,0.392638036809816,0.540914581300286
"regulation of endocrine process",1.03792583352912,0.393939393939394,0.542405713611939
"positive regulation of miRNA metabolic process",1.02723884715402,0.39458413926499,0.542991618310767
"stem cell division",1.03224927741918,0.395112016293279,0.543114575115678
"zinc ion transport",1.03134356004707,0.395112016293279,0.543114575115678
"prostanoid metabolic process",-1.02422871919381,0.395626242544732,0.543519801876484
"natural killer cell mediated immunity",1.02975597333269,0.396116504854369,0.543891675456913
"cellular response to unfolded protein",-1.02111542369143,0.397260273972603,0.545159943839411
"T cell differentiation in thymus",-1.03213580272375,0.397565922920892,0.54527729295407
"membrane protein proteolysis",1.04295340142827,0.399610136452242,0.547705914870094
"regulation of myelination",1.03072175547317,0.4,0.547705914870094
"ribonucleotide catabolic process",-1.02749911480248,0.4,0.547705914870094
"regulation of myotube differentiation",-1.03051156052126,0.400406504065041,0.547959619098953
"icosanoid transport",1.03652962760984,0.401197604790419,0.548201772139996
"interferon-beta production",-1.02666573079505,0.401247401247401,0.548201772139996
"neutral lipid metabolic process",1.02566551817662,0.40080971659919,0.548201772139996
"cilium or flagellum-dependent cell motility",-1.01866196117384,0.401941747572816,0.548847689491656
"positive regulation of mitotic nuclear division",-1.0229477131031,0.403258655804481,0.550342529161266
"cellular response to calcium ion",1.03557296363962,0.404,0.550858670380645
"lymphocyte mediated immunity",1.0243256833951,0.404081632653061,0.550858670380645
"multicellular organismal response to stress",1.03224822676253,0.404809619238477,0.551320401711791
"axo-dendritic transport",-1.02166999703399,0.405088062622309,0.551320401711791
"positive regulation of insulin secretion",1.02128585516034,0.405088062622309,0.551320401711791
"regulation of intracellular steroid hormone receptor signaling pathway",1.02786524571947,0.407114624505929,0.55377425859483
"lamellipodium organization",-1.01999889784634,0.409001956947162,0.556036140152646
"protein homooligomerization",1.02357812662935,0.409465020576132,0.55636031594464
"androgen receptor signaling pathway",1.02259311293044,0.409803921568627,0.556515522875817
"regulation of establishment or maintenance of cell polarity",-1.02078900706362,0.412451361867704,0.559803848408933
"regulation of actin filament polymerization",-1.02124175471252,0.413861386138614,0.5612017371486
"superoxide anion generation",1.0156322466761,0.413934426229508,0.5612017371486
"phospholipid biosynthetic process",1.0088536949336,0.415966386554622,0.563648106945185
"nucleosome organization",-1.01030477930663,0.416334661354582,0.563838685716402
"dendritic cell differentiation",1.01650605432168,0.416829745596869,0.564200699368002
"establishment or maintenance of cell polarity",1.00872224101873,0.417372881355932,0.564627322293088
"response to monosaccharide",1.0253701718464,0.418367346938776,0.565663710899207
"monosaccharide transmembrane transport",1.01965101047291,0.419354838709677,0.566071899446251
"viral life cycle",-1.01678974933769,0.419172932330827,0.566071899446251
"TOR signaling",-1.01374808590401,0.418918918918919,0.566071899446251
"cerebral cortex development",1.01584032625696,0.421267893660532,0.5683445384516
"motor behavior",1.01209945631579,0.421588594704684,0.568467582516877
"response to fungus",-1.01051238729084,0.423459244532803,0.570679297447091
"endosome organization",-1.00579902022473,0.423762376237624,0.570777273485913
"amino sugar metabolic process",1.00983528093718,0.424657534246575,0.571672126265634
"xenobiotic transport",-1.01334615710432,0.427991886409736,0.57584785585927
"cellular response to virus",-1.008112003953,0.432048681541582,0.580990545156623
"cerebellar cortex development",1.00443477603414,0.432692307692308,0.581540339747068
"heterochromatin organization",1.01553998275175,0.435051546391753,0.584077333556841
"protein acylation",0.998678849597679,0.43495145631068,0.584077333556841
"establishment of endothelial barrier",1.01231671814601,0.43579766536965,0.584762089447791
"regulation of B cell proliferation",-0.99942801718564,0.436475409836066,0.585354407235481
"protein deacylation",-1.00859776947869,0.437869822485207,0.586514800127465
"intracellular iron ion homeostasis",-1.00384098293858,0.438383838383838,0.586514800127465
"negative regulation of exocytosis",0.999193857994036,0.437881873727088,0.586514800127465
"synaptic vesicle membrane organization",0.999060637079152,0.438383838383838,0.586514800127465
"mRNA transcription",-0.99876973213287,0.438524590163934,0.586514800127465
"myeloid leukocyte migration",1.02061348990922,0.439922480620155,0.587749721950445
"collateral sprouting",0.998348954957336,0.439918533604888,0.587749721950445
"endosome to lysosome transport",-1.00117426325878,0.44040404040404,0.58807590732119
"regulation of lipid catabolic process",1.00603257422287,0.440776699029126,0.588079767504854
"anoikis",1.00555161587943,0.440881763527054,0.588079767504854
"sphingolipid metabolic process",1.01336520752634,0.441532258064516,0.588313826372139
"negative regulation of protein localization to nucleus",-0.994495862236935,0.441478439425051,0.588313826372139
"regulation of lymphocyte mediated immunity",1.01161584869155,0.445109780439122,0.592443270364162
"synaptic transmission, GABAergic",1.0082394414191,0.444874274661509,0.592443270364162
"regulation of reactive oxygen species biosynthetic process",1.00169054116848,0.44689378757515,0.594498341473495
"biological process involved in interaction with host",-0.999616119340011,0.448616600790514,0.596469844421955
"tissue homeostasis",0.999770500763887,0.450526315789474,0.59868759882539
"B cell mediated immunity",1.0114258561315,0.452332657200811,0.600443725555418
"negative regulation of response to cytokine stimulus",1.0053301936583,0.452332657200811,0.600443725555418
"response to activity",0.987133506871418,0.453648915187377,0.601868432200928
"monoatomic anion transport",1.00580849508934,0.454356846473029,0.602484961838165
"homeostasis of number of cells",-1.00391671071652,0.45489443378119,0.602875073555916
"intracellular glucose homeostasis",1.00690274883277,0.455968688845401,0.603974697957135
"activated T cell proliferation",0.993925207290447,0.456211812627291,0.603974697957135
"alpha-beta T cell activation",-0.996706163539811,0.456521739130435,0.604062151616499
"positive regulation of adaptive immune response",1.00874180726969,0.458,0.60569460758142
"postsynaptic signal transduction",0.979939023427385,0.460921843687375,0.609233408118264
"negative regulation of lymphocyte differentiation",-0.989838978603813,0.461382113821138,0.609516531165312
"pigment cell differentiation",0.982680297648869,0.462321792260692,0.610432345111799
"ketone biosynthetic process",0.991180571352325,0.462890625,0.610857793353756
"mRNA splice site recognition",-0.979034470804292,0.463220675944334,0.610967845747665
"primary alcohol metabolic process",0.998568932104012,0.463855421686747,0.611479446257622
"TORC1 signaling",-0.990411370572458,0.464566929133858,0.612091640140727
"cellular response to metal ion",1.01061168169047,0.466257668711656,0.613227232537577
"positive regulation of response to wounding",0.986184689985206,0.466019417475728,0.613227232537577
"interferon-mediated signaling pathway",-0.983790155297159,0.466,0.613227232537577
"mitotic G2 DNA damage checkpoint signaling",0.983382376559017,0.466666666666667,0.613227232537577
"positive regulation of cell killing",0.982276497521271,0.466666666666667,0.613227232537577
"hyperosmotic response",-0.999823435979783,0.466926070038911,0.613242775973691
"alpha-beta T cell differentiation",1.00377232070354,0.467196819085487,0.613273196012057
"signal transduction in absence of ligand",-0.993681026271137,0.468041237113402,0.614056220513717
"protein N-linked glycosylation",1.00338011452512,0.468302658486708,0.614073946570447
"inositol phosphate metabolic process",0.985036118049978,0.468686868686869,0.614252578697023
"cellular component disassembly involved in execution phase of apoptosis",0.971100640788772,0.469262295081967,0.614681493875216
"positive regulation of protein localization to nucleus",-0.992553975235864,0.470119521912351,0.614968049975173
"vascular associated smooth muscle cell proliferation",0.984629636906968,0.469785575048733,0.614968049975173
"male meiotic nuclear division",-0.981256438036605,0.470225872689938,0.614968049975173
"regulation of spindle assembly",-0.979824024985293,0.472279260780287,0.61732756145265
"in utero embryonic development",0.994155024232357,0.472647702407002,0.617483311636152
"transposition",0.986684540775926,0.47378640776699,0.618644666335706
"organic anion transport",-0.987445906136017,0.474576271186441,0.619349538318658
"GO:0043604",-0.991476423567717,0.475149105367793,0.619770581356516
"multivesicular body sorting pathway",0.987445002486223,0.475728155339806,0.619873035653182
"embryo implantation",-0.982950110372721,0.475609756097561,0.619873035653182
"cilium movement",-0.9932544676035,0.476470588235294,0.620514010020412
"negative regulation of phosphorylation",-0.99133278564556,0.476953907815631,0.620817041334377
"positive regulation of myeloid cell differentiation",0.995983937472164,0.477366255144033,0.621027423315005
"negative regulation of protein serine/threonine kinase activity",-0.98115563078823,0.479452054794521,0.62286374912986
"regulation of mitochondrial fission",-0.980820716215245,0.479452054794521,0.62286374912986
"GO:0051091",-0.979084782072886,0.47953216374269,0.62286374912986
"regulation of autophagy",-0.990522458979902,0.480225988700565,0.623438036693553
"regulation of vesicle fusion",0.973252808865957,0.480651731160896,0.623663875372205
"long-chain fatty acid metabolic process",-0.979397965451012,0.481854838709677,0.62489761020098
"fatty acid catabolic process",-0.976208647406853,0.483365949119374,0.626201598309984
"dendrite extension",-0.968602618807789,0.483365949119374,0.626201598309984
"positive regulation of protein-containing complex assembly",-0.988936323464287,0.484615384615385,0.626967923320545
"viral gene expression",0.988342832388001,0.484787018255578,0.626967923320545
"DNA modification",-0.988153646571819,0.48443579766537,0.626967923320545
"relaxation of muscle",0.978577871689386,0.48496993987976,0.626967923320545
"response to fatty acid",-0.972432525919461,0.48659793814433,0.628744440679971
"establishment of mitochondrion localization",-0.975493697586622,0.487279843444227,0.629297274354197
"immunoglobulin production involved in immunoglobulin-mediated immune response",0.980182487649972,0.488326848249027,0.630320793701324
"negative regulation of cytoplasmic pattern recognition receptor signaling pathway",-0.971995836759723,0.488752556237219,0.63054170927062
"mast cell activation involved in immune response",0.973379438606034,0.489065606361829,0.630617130118819
"regulation of pattern recognition receptor signaling pathway",0.993234770290614,0.49031007751938,0.6314108081624
"extrinsic apoptotic signaling pathway",0.99165691924832,0.490445859872611,0.6314108081624
"regulation of extrinsic apoptotic signaling pathway via death domain receptors",0.965594868283929,0.490196078431373,0.6314108081624
"negative regulation of cytoskeleton organization",0.995626169076545,0.493069306930693,0.633644200942674
"intrinsic apoptotic signaling pathway in response to DNA damage",-0.977442571380267,0.49317738791423,0.633644200942674
"regulation of organic acid transport",0.973881574100025,0.493203883495146,0.633644200942674
"negative regulation of ERK1 and ERK2 cascade",0.963856596042255,0.492985971943888,0.633644200942674
"calcium ion transport into cytosol",0.967501902211419,0.493852459016393,0.634148543796582
"negative regulation of hormone secretion",0.975840963009028,0.494117647058824,0.634160316976532
"heart trabecula morphogenesis",0.955258970837402,0.49500998003992,0.634976551299266
"peripheral nervous system development",0.988983440872191,0.496,0.63591718426501
"GO:0032088",0.972452514542394,0.496993987975952,0.636323223200622
"peptidyl-serine modification",0.96684986163031,0.497087378640777,0.636323223200622
"regulation of intracellular estrogen receptor signaling pathway",0.964775602388407,0.496969696969697,0.636323223200622
"negative regulation of leukocyte cell-cell adhesion",-0.97477247496821,0.499013806706114,0.638129684672713
"non-proteinogenic amino acid metabolic process",-0.973202469626159,0.498973305954825,0.638129684672713
"regulation of homotypic cell-cell adhesion",0.974251569185729,0.500978473581213,0.639712949046339
"release of sequestered calcium ion into cytosol by endoplasmic reticulum",0.971724940174272,0.500970873786408,0.639712949046339
"vesicle transport along microtubule",-0.970597529686283,0.501026694045175,0.639712949046339
"positive regulation of DNA repair",-0.981709956617705,0.502057613168724,0.640698973631597
"monocarboxylic acid transport",-0.97895342155614,0.502994011976048,0.641233230913366
"maintenance of blood-brain barrier",-0.965370181797909,0.502958579881657,0.641233230913366
"GO:0051092",-0.972507911937318,0.505112474437628,0.643271773358357
"somatic diversification of immune receptors",0.963523466757516,0.504911591355599,0.643271773358357
"regulation of nucleocytoplasmic transport",-0.972507059139171,0.505905511811024,0.643950643759458
"regulation of microtubule cytoskeleton organization",-0.979415116116378,0.50682261208577,0.644455652020766
"vesicle budding from membrane",-0.965975280477768,0.50682261208577,0.644455652020766
"positive regulation of immune effector process",0.986217048375098,0.508163265306122,0.645828839488592
"negative regulation of carbohydrate metabolic process",0.948673151896074,0.509803921568627,0.647581699346405
"regulation of cardiac muscle cell action potential",0.954247800274958,0.510245901639344,0.647810916637958
"protein complex oligomerization",-0.975105007893285,0.510516252390057,0.647822109206031
"secretory granule organization",-0.96690070093893,0.511247443762781,0.648417776856328
"regulation of alternative mRNA splicing, via spliceosome",0.962522930690617,0.512670565302144,0.649889964305738
"synaptic vesicle recycling",0.978926068289052,0.513238289205703,0.649944397935852
"spleen development",0.956299298184839,0.513026052104208,0.649944397935852
"positive regulation of protein import into nucleus",0.950520281987632,0.513725490196078,0.650228941857785
"regulation of sodium ion transmembrane transport",0.944513976302152,0.514970059880239,0.651471316814787
"ubiquitin-dependent protein catabolic process via the multivesicular body sorting pathway",-0.945213530600978,0.515274949083503,0.651524272016252
"negative regulation of extrinsic apoptotic signaling pathway",0.977330415052966,0.516460905349794,0.652357808542295
"microtubule nucleation",-0.952835140699382,0.516260162601626,0.652357808542295
"establishment of mitotic spindle localization",-0.953887115581517,0.517241379310345,0.653010650637984
"COPII-coated vesicle budding",-0.962454596289617,0.519427402862986,0.654769301217107
"regulation of fatty acid biosynthetic process",-0.956850397815171,0.519191919191919,0.654769301217107
"protein acetylation",-0.953764825441104,0.518962075848303,0.654769301217107
"developmental pigmentation",-0.951022918811334,0.521298174442191,0.656793274716839
"long-chain fatty acid transport",-0.958741868930777,0.522448979591837,0.657908552338068
"regulation of viral process",-0.969368246883846,0.522772277227723,0.657981163970056
"determination of adult lifespan",-0.953321377336873,0.524950099800399,0.660386692333971
"regulation of protein localization to cell periphery",0.977473050375031,0.527027027027027,0.66266291672383
"vitamin transport",0.941429483358264,0.527450980392157,0.662859501994608
"regulation of T cell mediated immunity",0.947930852689769,0.528155339805825,0.663408101774356
"Schwann cell differentiation",0.954919231945513,0.529296875,0.664504997149012
"protein localization to chromatin",-0.951303755433009,0.530737704918033,0.66597633996047
"organic acid transport",-0.973472308976576,0.531954887218045,0.666884615384615
"positive regulation of GTPase activity",0.966838546474348,0.532,0.666884615384615
"Fc receptor signaling pathway",0.942452279893072,0.536345776031434,0.671992153378787
"homologous chromosome pairing at meiosis",-0.945588141340702,0.538922155688623,0.674878756137876
"single fertilization",-0.959673076935704,0.539235412474849,0.674929821475594
"positive regulation of protein modification process",-0.972530376263048,0.539651837524178,0.675109899771408
"B cell homeostasis",-0.945583445963306,0.540117416829746,0.675351257691711
"endocytic recycling",-0.958225772556214,0.541247484909457,0.676081704549029
"peptidyl-threonine phosphorylation",0.946172309359418,0.541082164328657,0.676081704549029
"protein localization to postsynapse",0.951137609576046,0.542406311637081,0.677187718712222
"myeloid cell development",0.944839519590238,0.544031311154599,0.67887433638788
"fatty acid biosynthetic process",-0.961418942950193,0.544534412955466,0.67915999037799
"cellular response to osmotic stress",-0.950869124649153,0.545267489711934,0.679732044296155
"positive regulation of insulin secretion involved in cellular response to glucose stimulus",0.940951895938378,0.547094188376753,0.681666149199808
"organic cation transport",-0.945964668481497,0.547808764940239,0.68221332868626
"stress-activated protein kinase signaling cascade",-0.94917473527606,0.548654244306418,0.682922896053768
"negative regulation of leukocyte mediated immunity",0.944603311243294,0.550295857988166,0.684622220108833
"tissue regeneration",0.937918432941077,0.551456310679612,0.685721526884236
"negative regulation of cell cycle G1/S phase transition",-0.949543772641043,0.554639175257732,0.688987581300603
"regulation of hematopoietic progenitor cell differentiation",-0.935306770374406,0.554414784394251,0.688987581300603
"positive regulation of canonical NF-kappaB signal transduction",0.967193442998857,0.557142857142857,0.691094854339722
"adaptive immune response based on somatic recombination of immune receptors built from immunoglobulin superfamily domains",0.960730693573148,0.557172557172557,0.691094854339722
"endoplasmic reticulum to Golgi vesicle-mediated transport",-0.957161839011938,0.55688622754491,0.691094854339722
"leukocyte mediated cytotoxicity",0.954841647319068,0.558,0.691774774774775
"positive regulation of T cell mediated immunity",0.934462512209983,0.559454191033138,0.693230630909997
"disruption of anatomical structure in another organism",-0.925828778615109,0.562624254473161,0.69681013916501
"regulation of D-glucose import across plasma membrane",-0.937884990962676,0.563524590163934,0.697576416709678
"regulation of extrinsic apoptotic signaling pathway",0.965559452582865,0.564547206165703,0.69814449808909
"oocyte differentiation",-0.92336469452659,0.56441717791411,0.69814449808909
"neutrophil mediated immunity",-0.939287822754074,0.566147859922179,0.698728574502859
"membrane protein ectodomain proteolysis",0.935706639595033,0.566074950690335,0.698728574502859
"neutral lipid biosynthetic process",0.928018090810306,0.565815324165029,0.698728574502859
"negative regulation of telomere maintenance",-0.911336245023037,0.565843621399177,0.698728574502859
"cellular response to reactive oxygen species",0.956199375476209,0.566801619433198,0.699187057438263
"negative regulation of TORC1 signaling",-0.932016382781008,0.567622950819672,0.699851691976271
"GO:0046323",-0.940897718436704,0.568507157464213,0.700392936886341
"regulation of systemic arterial blood pressure",0.93586758060573,0.568627450980392,0.700392936886341
"positive regulation of DNA recombination",-0.940585950742721,0.570264765784114,0.701363368841733
"response to zinc ion",0.924250452115624,0.570264765784114,0.701363368841733
"regulation of actin nucleation",-0.923447212010316,0.570019723865878,0.701363368841733
"negative regulation of proteasomal ubiquitin-dependent protein catabolic process",-0.907871598580184,0.57201646090535,0.703168622165038
"cellular response to insulin stimulus",0.958388332958639,0.572314049586777,0.703185466679785
"regulation of protein serine/threonine kinase activity",-0.94971570259314,0.572834645669291,0.703476161290448
"response to calcium ion",0.954086153879208,0.57429718875502,0.704573618893603
"leukocyte degranulation",0.919755657219516,0.574181117533719,0.704573618893603
"T cell differentiation involved in immune response",0.947177752523615,0.575150300601202,0.705270937915435
"monoamine transport",0.932307951770004,0.576171875,0.706174039769916
"regulation of calcium ion-dependent exocytosis",0.929017236793281,0.577154308617234,0.707028299923289
"response to radiation",0.963417659757806,0.578059071729958,0.707436917329598
"postsynaptic modulation of chemical synaptic transmission",0.919866086396993,0.577868852459016,0.707436917329598
"intestinal absorption",-0.928916950634948,0.579766536964981,0.707614269563111
"regulation of synaptic vesicle exocytosis",-0.923518267283324,0.578732106339468,0.707614269563111
"entrainment of circadian clock",0.918604059100864,0.579918032786885,0.707614269563111
"catecholamine secretion",0.916869695753913,0.579918032786885,0.707614269563111
"negative regulation of response to endoplasmic reticulum stress",-0.916842918759426,0.579268292682927,0.707614269563111
"response to dexamethasone",-0.916504949853073,0.579881656804734,0.707614269563111
"regulation of defense response to virus by host",-0.913630298753105,0.580448065173116,0.707912288249044
"tumor necrosis factor superfamily cytokine production",-0.945489383836268,0.580838323353293,0.708039629402612
"viral process",-0.958222403768011,0.581132075471698,0.708049262638168
"fatty acid metabolic process",-0.956646078315509,0.583173996175908,0.709838815001339
"regulation of membrane depolarization",-0.911207446749201,0.583166332665331,0.709838815001339
"regulation of autophagosome assembly",0.920877451037719,0.584795321637427,0.711462677650249
"presynaptic endocytosis",0.940159998593838,0.586,0.712480119116104
"regulation of intrinsic apoptotic signaling pathway in response to DNA damage",-0.908917844548862,0.586206896551724,0.712480119116104
"regulation of protein-containing complex assembly",0.966431580298049,0.587096774193548,0.712512841586193
"Golgi vesicle transport",-0.956982528940169,0.586538461538462,0.712512841586193
"positive regulation of organelle assembly",0.939429821186982,0.586912065439673,0.712512841586193
"positive regulation of vascular associated smooth muscle cell proliferation",0.920576838171072,0.591182364729459,0.717119842034706
"negative regulation of hemopoiesis",0.943126314087047,0.594059405940594,0.720257047731205
"female gamete generation",-0.945599147440203,0.596806387225549,0.722526598806298
"response to alkaloid",0.944848291536418,0.596707818930041,0.722526598806298
"intracellular pH reduction",-0.917546913200057,0.596311475409836,0.722526598806298
"regulation of leukocyte proliferation",0.955214929166674,0.597510373443983,0.723025498300316
"amine transport",0.922128292575366,0.598039215686274,0.723312078737745
"diol metabolic process",-0.902781808996917,0.598409542743539,0.723406753233648
"positive regulation of phosphorylation",0.951595882512426,0.602150537634409,0.72509814376297
"negative regulation of signal transduction in absence of ligand",-0.92212245432249,0.601167315175097,0.72509814376297
"establishment of protein localization to plasma membrane",0.921955119229058,0.601593625498008,0.72509814376297
"vitamin metabolic process",-0.917144848855336,0.601167315175097,0.72509814376297
"cellular response to corticosteroid stimulus",-0.908856749576873,0.601659751037344,0.72509814376297
"nucleus localization",0.905391581001447,0.602020202020202,0.72509814376297
"modified amino acid transport",-0.900713388757755,0.60081466395112,0.72509814376297
"cellular response to alkaloid",-0.899945724410966,0.601577909270217,0.72509814376297
"receptor internalization",0.947016456502531,0.602794411177645,0.725520775746854
"response to carbohydrate",0.948895076444322,0.603658536585366,0.726207962662434
"lymphocyte costimulation",-0.916710667865701,0.604696673189824,0.726750926487721
"G0 to G1 transition",-0.896686267229648,0.60446247464503,0.726750926487721
"positive regulation of steroid metabolic process",0.912531172045641,0.605210420841683,0.727015621932517
"fear response",-0.892842953489675,0.607214428857715,0.729069384527659
"telomere maintenance in response to DNA damage",-0.893795873121235,0.607723577235772,0.729327180626457
"insulin receptor signaling pathway",0.941935120768371,0.608080808080808,0.729402499571991
"negative regulation of post-translational protein modification",-0.918882145499074,0.609037328094303,0.730196254448009
"reactive nitrogen species metabolic process",-0.918508137707789,0.609756097560976,0.730350993065056
"animal organ regeneration",0.91606648427131,0.609467455621302,0.730350993065056
"regulation of systemic arterial blood pressure mediated by a chemical signal",0.906621213199938,0.610997963340122,0.731484753597623
"myeloid leukocyte mediated immunity",-0.923358750866996,0.611553784860558,0.731796485555363
"negative regulation of supramolecular fiber organization",0.940630552266928,0.611881188118812,0.731834718961998
"regulation of double-strand break repair via nonhomologous end joining",-0.908344353407601,0.61252446183953,0.731897294730592
"superoxide metabolic process",0.907663141046496,0.612403100775194,0.731897294730592
"negative regulation of actin filament polymerization",-0.914100819096672,0.613168724279835,0.732313852478858
"negative regulation of protein-containing complex disassembly",0.925104992043807,0.614604462474645,0.733519473576931
"vesicle cargo loading",-0.896344400072527,0.614770459081836,0.733519473576931
"establishment of cell polarity",0.948354223186484,0.615537848605578,0.733905150125498
"regulation of MAP kinase activity",0.910957711926246,0.615686274509804,0.733905150125498
"regulation of nitric oxide metabolic process",0.917612853450628,0.617021276595745,0.735142713866118
"organelle membrane fusion",-0.925611593925946,0.617821782178218,0.735389021843078
"positive regulation of protein polymerization",-0.913038229479139,0.617529880478088,0.735389021843078
"regulation of immune effector process",0.942805274155049,0.622362869198312,0.73901861313721
"carbohydrate transport",0.939975692844204,0.621457489878543,0.73901861313721
"organophosphate ester transport",0.937670105318565,0.621782178217822,0.73901861313721
"protein tetramerization",-0.913863288744209,0.622093023255814,0.73901861313721
"production of molecular mediator involved in inflammatory response",0.909412668475546,0.622309197651663,0.73901861313721
"homotypic cell-cell adhesion",0.93006329154542,0.622718052738337,0.739086064510235
"regulation of sprouting angiogenesis",0.906077737894698,0.624254473161034,0.740554755756648
"transition metal ion transport",0.914401175516427,0.626,0.741871126376148
"fatty acid derivative metabolic process",-0.910167417407149,0.625754527162978,0.741871126376148
"regulation of lymphocyte apoptotic process",-0.890020521421396,0.626262626262626,0.741871126376148
"regulation of inflammatory response to antigenic stimulus",-0.88567476867851,0.626746506986028,0.742089434896936
"midbrain development",0.92216396756909,0.628,0.743018404727333
"regulation of immunoglobulin production",0.89963779942695,0.628131021194605,0.743018404727333
"positive regulation of cell growth",0.93254557191217,0.629411764705882,0.743822968118545
"phenol-containing compound biosynthetic process",0.888787425976098,0.629126213592233,0.743822968118545
"regulation of synaptic transmission, GABAergic",0.89974204128763,0.6312625250501,0.744234780842027
"cytoplasmic microtubule organization",0.897916004727568,0.630648330058939,0.744234780842027
"negative regulation of ubiquitin-dependent protein catabolic process",-0.893968232821571,0.630705394190871,0.744234780842027
"positive regulation of CD4-positive, alpha-beta T cell activation",0.888872647881925,0.631147540983607,0.744234780842027
"protein localization to microtubule organizing center",-0.886172625675165,0.630218687872763,0.744234780842027
"regulation of endoplasmic reticulum stress-induced intrinsic apoptotic signaling pathway",-0.879381059812009,0.633136094674556,0.746088537825345
"secondary metabolic process",-0.882264500384043,0.633744855967078,0.74645078850711
"receptor catabolic process",0.8942701202366,0.637474541751528,0.750486901101965
"negative regulation of MAPK cascade",-0.930804572186521,0.638211382113821,0.750988381964151
"cytokine production involved in immune response",0.894865948344033,0.638506876227898,0.750988381964151
"positive regulation of protein localization to mitochondrion",-0.878075026919969,0.640243902439024,0.752674013451098
"B cell proliferation",-0.89935840147737,0.642424242424242,0.754878960381807
"protein sumoylation",-0.89917832610472,0.644135188866799,0.7565305181712
"positive regulation of nuclear division",0.902305130575546,0.646034816247582,0.757325243656063
"response to interleukin-6",-0.894983354119593,0.645792563600783,0.757325243656063
"positive regulation of erythrocyte differentiation",0.892092644841304,0.645290581162325,0.757325243656063
"positive regulation of interleukin-12 production",0.877961568927936,0.645491803278688,0.757325243656063
"negative regulation of organelle assembly",0.885193295831208,0.646942800788955,0.75803089761317
"regulation of extrinsic apoptotic signaling pathway in absence of ligand",-0.874722502261443,0.648148148148148,0.7590841432449
"response to insulin",0.936010581612836,0.648936170212766,0.759289038080785
"symbiont entry into host",0.935670123976608,0.648702594810379,0.759289038080785
"regulation of leukocyte degranulation",-0.88177863963251,0.650099403578529,0.760290945544861
"phosphatidylinositol biosynthetic process",0.927968015670577,0.652351738241309,0.761689467721513
"nucleoside diphosphate catabolic process",-0.912738081345663,0.652173913043478,0.761689467721513
"epithelial cell morphogenesis",0.881707448830451,0.652525252525253,0.761689467721513
"phagosome maturation",0.875153857630745,0.651639344262295,0.761689467721513
"heterotypic cell-cell adhesion",0.894769535064654,0.653771760154739,0.762785044702444
"response to reactive oxygen species",0.929266064236117,0.657084188911704,0.766288858726126
"positive regulation of double-strand break repair",-0.906174213163083,0.658682634730539,0.767791475871786
"ruffle assembly",-0.864847467006435,0.659318637274549,0.768171337972276
"monocyte chemotaxis",0.884442150506561,0.661322645290581,0.770143955046906
"response to ethanol",0.913533895777722,0.662674650698603,0.771355784671259
"negative regulation of transport",-0.933704063235369,0.664179104477612,0.772743843020688
"negative regulation of protein-containing complex assembly",0.92499417353703,0.665362035225049,0.773756695423684
"antimicrobial humoral response",0.88434601259743,0.666666666666667,0.774546591619762
"regulation of defense response to virus",-0.883878298560635,0.666666666666667,0.774546591619762
"cellular senescence",0.908002828365524,0.672064777327935,0.780452158200326
"GO:0034248",0.871543629707556,0.674463937621832,0.782871215318312
"negative regulation of viral process",-0.889514399994383,0.675564681724846,0.783781600296226
"positive regulation of ERBB signaling pathway",0.862150819841755,0.676171079429735,0.784117866922965
"DNA synthesis involved in DNA replication",-0.878741535508236,0.67704280155642,0.784761356787671
"regulation of GTPase activity",0.924322831531177,0.678642714570858,0.786247897096359
"phosphatidylinositol phosphate biosynthetic process",0.8693017578883,0.682692307692308,0.790569820548783
"glycerolipid catabolic process",0.868387363765613,0.684313725490196,0.791711812151658
"neuronal action potential",0.857808829964446,0.684317718940937,0.791711812151658
"GPI anchor metabolic process",0.852748326011554,0.686475409836066,0.793837343680642
"regulation of stress-activated protein kinase signaling cascade",-0.860335963976572,0.687242798353909,0.794353901783777
"regulation of protein localization to plasma membrane",0.90831749342393,0.689161554192229,0.79620017245063
"regulation of fatty acid metabolic process",0.888402738883394,0.690427698574338,0.79691957566106
"positive regulation of sodium ion transport",0.859167288611927,0.690427698574338,0.79691957566106
"temperature homeostasis",0.918825728245231,0.69120654396728,0.797250385084029
"cytokinetic process",-0.868668719818179,0.691358024691358,0.797250385084029
"regulation of B cell activation",0.900584855033948,0.691683569979716,0.797254631381925
"leukocyte mediated immunity",0.923432226059231,0.694267515923567,0.799860761368686
"negative regulation of immune response",-0.9123634517453,0.694656488549618,0.799936830375362
"iron ion transport",0.874396811270635,0.695825049701789,0.800910152468091
"positive regulation of small molecule metabolic process",0.907952283262714,0.69758064516129,0.802185356575913
"retrograde vesicle-mediated transport, Golgi to endoplasmic reticulum",-0.861555433338005,0.697530864197531,0.802185356575913
"negative regulation of protein catabolic process",-0.893246627410582,0.698818897637795,0.803060287475872
"neutral lipid catabolic process",0.861477119461185,0.698989898989899,0.803060287475872
"somatic diversification of immunoglobulins",0.865225026675337,0.700970873786408,0.804217162746147
"membrane fission",-0.856343134818397,0.700819672131147,0.804217162746147
"antigen processing and presentation of exogenous peptide antigen",0.852191163347097,0.70061099796334,0.804217162746147
"CD4-positive, alpha-beta T cell activation",0.897184164751333,0.701825557809331,0.804824956802644
"exocytosis",-0.92518569424078,0.704761904761905,0.807818249928384
"maintenance of protein location",0.861707667235478,0.706796116504854,0.809775199159354
"negative regulation of signal transduction by p53 class mediator",0.862030926953278,0.707364341085271,0.810051536231261
"GO:0046466",0.853779970682362,0.707843137254902,0.810225254612011
"triglyceride metabolic process",0.879308690798459,0.709418837675351,0.810888228698634
"regulation of D-glucose transmembrane transport",0.868537765079295,0.710059171597633,0.810888228698634
"negative regulation of microtubule polymerization or depolymerization",0.863479669817075,0.710059171597633,0.810888228698634
"myeloid cell activation involved in immune response",0.860428408053186,0.709163346613546,0.810888228698634
"negative regulation of microtubule depolymerization",0.839065532065169,0.709016393442623,0.810888228698634
"cell killing",0.90742895066088,0.710578842315369,0.81110773844017
"regulation of T cell activation",-0.923018925331091,0.711610486891386,0.811911181957606
"erythrocyte development",-0.839067301161599,0.712031558185404,0.812017573492287
"feeding behavior",0.867274299720486,0.715976331360947,0.815765120874455
"blastocyst formation",0.854812617101104,0.715953307392996,0.815765120874455
"pyridine-containing compound catabolic process",-0.879779397156264,0.717391304347826,0.816250923688362
"alternative mRNA splicing, via spliceosome",-0.87403695460082,0.717131474103586,0.816250923688362
"positive regulation of TOR signaling",0.859427238676291,0.717092337917485,0.816250923688362
"ER-nucleus signaling pathway",-0.85075104162888,0.718106995884774,0.816690095870792
"ERAD pathway",-0.884866163776405,0.719921104536489,0.818002099053616
"granulocyte activation",-0.849655332889,0.719844357976654,0.818002099053616
"negative regulation of macroautophagy",0.849568637118139,0.720388349514563,0.818157699104802
"regulation of protein exit from endoplasmic reticulum",-0.847128021489214,0.723735408560311,0.821582313017365
"microtubule-based transport",0.906251263010797,0.72421052631579,0.821745063529185
"negative regulation of inflammatory response to antigenic stimulus",0.828025193226986,0.725409836065574,0.822729012790488
"ruffle organization",0.855604937293217,0.72621359223301,0.823027383386233
"positive regulation of cytokinesis",-0.835064956234221,0.726337448559671,0.823027383386233
"positive regulation of protein secretion",0.893998863664872,0.726907630522088,0.82312428093247
"fatty acid beta-oxidation",-0.866444073175374,0.727087576374745,0.82312428093247
"regulation of leukocyte mediated immunity",0.898359421814291,0.728215767634855,0.823272686641504
"cellular response to type II interferon",0.870042616256335,0.728,0.823272686641504
"exocytic process",-0.867297458595034,0.727984344422701,0.823272686641504
"positive regulation of gene expression, epigenetic",-0.86160628680164,0.72962226640159,0.824470852374081
"negative regulation of calcium ion transmembrane transport",-0.839512412439856,0.729941291585127,0.824470852374081
"positive regulation of kinase activity",-0.879149626574015,0.731462925851703,0.82581297508417
"protein exit from endoplasmic reticulum",-0.82813659753875,0.732106339468303,0.826162825905688
"positive regulation of intracellular transport",0.89870747775496,0.735700197238659,0.82778943628959
"amino acid transport",-0.884367914304459,0.734126984126984,0.82778943628959
"carbohydrate derivative transport",-0.86416502432499,0.735887096774194,0.82778943628959
"regulation of antigen receptor-mediated signaling pathway",0.849537317438945,0.734496124031008,0.82778943628959
"GO:0043433",0.844896331835427,0.735009671179884,0.82778943628959
"response to cocaine",0.838282493677719,0.735700197238659,0.82778943628959
"mitochondrion localization",-0.826779292212384,0.735112936344969,0.82778943628959
"positive regulation of alpha-beta T cell activation",0.83683458420803,0.737354085603113,0.828686964627455
"positive regulation of stem cell population maintenance",0.836795453852765,0.737354085603113,0.828686964627455
"hematopoietic stem cell differentiation",-0.83492057039724,0.737769080234834,0.828777329588065
"positive regulation of apoptotic signaling pathway",-0.878552706220607,0.739644970414201,0.830153985507246
"membrane depolarization",0.863007966002261,0.74,0.830153985507246
"regulation of protein import into nucleus",-0.838939638783736,0.739837398373984,0.830153985507246
"alcohol metabolic process",0.914378784981379,0.741304347826087,0.831064844621369
"spermatid differentiation",0.894001367872916,0.741482965931864,0.831064844621369
"positive regulation of regulated secretory pathway",-0.825405084539337,0.743486973947896,0.832934072577538
"negative regulation of monoatomic ion transport",0.860808222505216,0.744,0.833132007233273
"neurotrophin signaling pathway",0.838880943067875,0.746124031007752,0.835132952917398
"protein localization to cytoskeleton",-0.855791511058332,0.747514910536779,0.836311848870642
"negative regulation of actin filament depolymerization",-0.817159464380529,0.75,0.838713318284424
"modulation of process of another organism",-0.867987777397571,0.750996015936255,0.83944816402261
"pigmentation",0.874490236535473,0.752475247524752,0.840722231898427
"polyol metabolic process",-0.854173923791947,0.753875968992248,0.841739119283937
"cellular response to hydrogen peroxide",-0.826772495447155,0.754065040650406,0.841739119283937
"sterol biosynthetic process",0.843088050588416,0.754455445544554,0.841795557934172
"regulation of smooth muscle contraction",0.830757262083175,0.755339805825243,0.842402836122974
"negative regulation of canonical NF-kappaB signal transduction",-0.852544310940698,0.756592292089249,0.84266146920192
"sarcoplasmic reticulum calcium ion transport",0.833684086830925,0.756385068762279,0.84266146920192
"negative regulation of DNA repair",-0.811296265525696,0.756592292089249,0.84266146920192
"response to hydrogen peroxide",-0.859006969750111,0.756972111553785,0.842705582165719
"activation of innate immune response",-0.895498990592439,0.758157389635317,0.842932351296465
"cortical cytoskeleton organization",0.839673826767911,0.758157389635317,0.842932351296465
"regulation of biological process involved in symbiotic interaction",0.810199815519406,0.758196721311475,0.842932351296465
"circadian rhythm",0.896482281871022,0.759183673469388,0.843272627436625
"regulation of action potential",0.84324162285444,0.759152215799615,0.843272627436625
"positive regulation of macroautophagy",-0.84614680258162,0.76320939334638,0.846720918338955
"positive regulation of T cell proliferation",0.839633479957615,0.763313609467456,0.846720918338955
"negative regulation of monoatomic ion transmembrane transport",-0.837125757268966,0.762993762993763,0.846720918338955
"myeloid cell homeostasis",0.886416289758524,0.764826175869121,0.846795582242955
"keratinocyte differentiation",0.853858125664064,0.765432098765432,0.846795582242955
"positive regulation of B cell activation",-0.845976724330791,0.763747454175153,0.846795582242955
"response to cAMP",0.838759621185539,0.764243614931238,0.846795582242955
"regulation of release of sequestered calcium ion into cytosol by sarcoplasmic reticulum",-0.818868098365904,0.765285996055227,0.846795582242955
"glycerophospholipid catabolic process",-0.815305159742037,0.764591439688716,0.846795582242955
"actin filament depolymerization",-0.833601606874619,0.767151767151767,0.848319163944164
"microtubule polymerization",-0.862164178016481,0.768611670020121,0.849554264453297
"humoral immune response",0.860596270920114,0.769230769230769,0.849859328895903
"retrograde transport, endosome to Golgi",0.861920026896156,0.771084337349398,0.850768776665683
"negative regulation of intrinsic apoptotic signaling pathway in response to DNA damage",-0.806541021563009,0.771037181996086,0.850768776665683
"intermembrane lipid transfer",-0.804849143175617,0.77079107505071,0.850768776665683
"host-mediated activation of viral process",-0.808083239349664,0.771604938271605,0.850964128271935
"phosphatidylcholine metabolic process",0.836908732782786,0.773694390715667,0.852888743125371
"unsaturated fatty acid biosynthetic process",-0.808281494357091,0.77979797979798,0.859234695711564
"negative regulation of protein secretion",0.824098765245601,0.780769230769231,0.859922358655129
"epigenetic regulation of gene expression",0.900644232617905,0.784782608695652,0.86395845410628
"oogenesis",0.84797396483328,0.786,0.864914260328743
"labyrinthine layer development",-0.79382228034192,0.787575150300601,0.86626272082353
"positive regulation of TORC1 signaling",-0.814366189285544,0.788065843621399,0.866417707345853
"positive regulation of cytokine production involved in immune response",-0.800926283978991,0.788617886178862,0.866639975184135
"regulation of phospholipid metabolic process",-0.788771429674904,0.78988326848249,0.867645612430656
"canonical NF-kappaB signal transduction",0.899444617496262,0.791397849462366,0.868264165557998
"regulation of intracellular transport",-0.890050699274109,0.791271347248577,0.868264165557998
"negative regulation of proteolysis",0.847967644118467,0.791497975708502,0.868264165557998
"unsaturated fatty acid metabolic process",-0.838352717208369,0.792828685258964,0.869338934655358
"centriole assembly",-0.798551509535796,0.793939393939394,0.870171627782247
"regulation of non-canonical NF-kappaB signal transduction",0.837507441649058,0.795131845841785,0.87109313673158
"intermediate filament-based process",0.812234778886451,0.795677799607073,0.871305884008275
"positive regulation of D-glucose import across plasma membrane",0.791623479457016,0.797595190380762,0.873019569851147
"receptor recycling",-0.795506488223121,0.797959183673469,0.873032198745223
"lipid droplet organization",-0.797202014667462,0.800411522633745,0.874942339613321
"icosanoid biosynthetic process",-0.794777812765982,0.800411522633745,0.874942339613321
"positive regulation of microtubule polymerization or depolymerization",0.799035249784794,0.801960784313726,0.876249167509968
"immunoglobulin production",-0.837836165580655,0.804305283757339,0.878423363257023
"response to molecule of bacterial origin",0.883913224616545,0.805907172995781,0.879784957034177
"bile acid metabolic process",-0.785919041942176,0.807157057654076,0.880761247493015
"negative regulation of leukocyte apoptotic process",0.796027019875158,0.807843137254902,0.881121730946892
"cellular response to molecule of bacterial origin",0.857375251157298,0.808880308880309,0.88147669383921
"regulation of cell adhesion mediated by integrin",0.805964947600298,0.808678500986193,0.88147669383921
"regulation of macrophage activation",0.793873572567177,0.811650485436893,0.884106531410371
"response to interferon-beta",-0.782877303961932,0.812133072407045,0.884243349605385
"positive regulation of production of molecular mediator of immune response",-0.830371427395042,0.81335952848723,0.88518960986945
"positive regulation of actin filament polymerization",-0.780449589216518,0.814285714285714,0.885808394504047
"retinol metabolic process",-0.779396260020193,0.816568047337278,0.887901252526092
"exit from mitosis",-0.77659002434653,0.818003913894325,0.889072266220378
"regulation of microtubule-based movement",-0.781311394515039,0.819085487077535,0.889857347145199
"response to antibiotic",-0.78429514752255,0.820359281437126,0.890850477913091
"positive regulation of protein transport",0.873606035754315,0.821505376344086,0.891157481840889
"granulocyte chemotaxis",0.809643814028414,0.821218074656189,0.891157481840889
"myeloid leukocyte cytokine production",0.780295120486528,0.82172131147541,0.891157481840889
"regulation of Rac protein signal transduction",-0.782702286457909,0.822355289421158,0.891454727306874
"response to interleukin-4",0.765015794108827,0.82565130260521,0.894636166471175
"postsynaptic neurotransmitter receptor internalization",-0.767664477431072,0.826429980276134,0.895088352052464
"multivesicular body organization",-0.776673652394227,0.827235772357724,0.89556949656035
"negative regulation of extrinsic apoptotic signaling pathway via death domain receptors",0.77052255818796,0.827868852459016,0.895863323521618
"negative regulation of gene expression, epigenetic",0.866781886196178,0.828865979381443,0.896550668527439
"negative regulation of peptide secretion",-0.773882752735112,0.829268292682927,0.896594308588219
"respiratory system process",0.795118194250095,0.829659318637275,0.896625712157299
"regulation of microtubule depolymerization",0.786048713776291,0.830339321357285,0.896969253816832
"execution phase of apoptosis",0.80426229844712,0.832669322709163,0.899094120466695
"negative regulation of TOR signaling",-0.821067322816249,0.83739837398374,0.90341279283873
"positive regulation of non-canonical NF-kappaB signal transduction",-0.76209343208591,0.83739837398374,0.90341279283873
"post-Golgi vesicle-mediated transport",-0.828224088777147,0.840236686390533,0.906080222981867
"maintenance of protein localization in organelle",0.787341196024096,0.840954274353877,0.906459415828787
"lipid oxidation",-0.826733770275676,0.841683366733467,0.906850673944671
"positive regulation of molecular function",-0.894000126835718,0.842883548983364,0.907748935144258
"cytosolic transport",-0.846469787877067,0.843621399176955,0.907892593397046
"reactive oxygen species biosynthetic process",0.772755709725096,0.84375,0.907892593397046
"granulocyte differentiation",0.737009434078279,0.845213849287169,0.909072820097402
"T cell mediated cytotoxicity",0.744361085526993,0.845691382765531,0.909191647183255
"regulation of phosphorylation",-0.888680992522569,0.847583643122677,0.909255461887041
"vesicle localization",-0.864136350254033,0.846299810246679,0.909255461887041
"maintenance of cell number",-0.852083542134023,0.847953216374269,0.909255461887041
"regulation of cell division",0.843159765622448,0.847280334728033,0.909255461887041
"regulation of regulated secretory pathway",0.830900897999226,0.847250509164969,0.909255461887041
"vacuolar localization",-0.82188042156136,0.847870182555781,0.909255461887041
"neutrophil chemotaxis",0.772786652939249,0.848543689320388,0.909494901967374
"adipose tissue development",0.802920324744023,0.849019607843137,0.909611405115679
"regulation of production of molecular mediator of immune response",0.823393883806112,0.853118712273642,0.91360789031639
"peptidyl-lysine modification",-0.818816140364993,0.854043392504931,0.914202888174034
"negative regulation of defense response",0.861488308852221,0.854736842105263,0.914298320611735
"interleukin-12 production",0.78097263520988,0.854870775347913,0.914298320611735
"rhythmic behavior",-0.761947625027159,0.855397148676171,0.914466438183373
"adaptive thermogenesis",-0.839106171622246,0.8559670781893,0.914680954562078
"negative regulation of viral genome replication",-0.755994496576007,0.858846918489066,0.917362577446061
"Fc receptor mediated stimulatory signaling pathway",0.744972891193038,0.860655737704918,0.918898388920294
"positive regulation of interleukin-8 production",0.763390056334611,0.861598440545809,0.919508546847035
"filopodium assembly",0.786004841365482,0.862135922330097,0.919685908532149
"Golgi to plasma membrane transport",0.790518262633559,0.864440078585462,0.92084113094937
"insulin secretion involved in cellular response to glucose stimulus",0.785037188098133,0.864077669902913,0.92084113094937
"endolysosomal toll-like receptor signaling pathway",0.756429774044665,0.864705882352941,0.92084113094937
"L-glutamate transmembrane transport",-0.722501741580684,0.863813229571984,0.92084113094937
"regulation of protein depolymerization",-0.814701187828402,0.867446393762183,0.922569651072962
"innate immune response activating cell surface receptor signaling pathway",0.791189586590566,0.867446393762183,0.922569651072962
"lipopolysaccharide-mediated signaling pathway",0.746348433457813,0.8671875,0.922569651072962
"positive regulation of protein localization to plasma membrane",0.782953981798792,0.868471953578337,0.923263960950017
"circadian regulation of gene expression",0.787620549245388,0.869395711500975,0.923849496948912
"miRNA processing",-0.744469253314805,0.870901639344262,0.925052899080505
"skeletal muscle tissue regeneration",0.74799228376023,0.872093023255814,0.925921311017853
"regulation of protein targeting",-0.79593553320161,0.873983739837398,0.927531158345003
"positive regulation of protein localization to cell periphery",0.784108993125488,0.8762278978389,0.929514562289916
"vacuole organization",0.857519063526763,0.878151260504202,0.930757668921227
"protein dephosphorylation",0.781880951658835,0.878,0.930757668921227
"regulation of filopodium assembly",0.748011393006232,0.879142300194932,0.931409528478548
"regulation of circadian rhythm",-0.793283584849774,0.879759519038076,0.931664954534978
"positive regulation of fat cell differentiation",0.771358832575175,0.881553398058252,0.933165712389013
"positive regulation of pattern recognition receptor signaling pathway",0.766293556220944,0.882011605415861,0.93325192080952
"regulation of cytoplasmic pattern recognition receptor signaling pathway",0.800434134121263,0.883168316831683,0.933678156548049
"skeletal muscle cell differentiation",0.780659360187496,0.883040935672515,0.933678156548049
"negative regulation of protein polymerization",-0.786204581674618,0.884381338742394,0.934163145443458
"regulation of gene silencing by regulatory ncRNA",0.725719514582284,0.884231536926148,0.934163145443458
"cytoplasmic pattern recognition receptor signaling pathway",-0.822189816975199,0.885375494071146,0.934814620125417
"negative regulation of plasma membrane bounded cell projection assembly",0.746233298818547,0.885771543086172,0.934834304313783
"acidic amino acid transport",0.772781852907059,0.887573964497041,0.936337610757739
"regulation of leukocyte apoptotic process",0.769896586932943,0.888888888888889,0.93732557589518
"macrophage differentiation",0.755987730673477,0.892156862745098,0.940371297455152
"cellular response to angiotensin",0.709303185979587,0.892929292929293,0.940785137637541
"lipid catabolic process",0.862546685023078,0.893939393939394,0.941448928056071
"negative regulation of calcium ion transport",-0.728922841973191,0.894523326572008,0.941663527377333
"neutrophil migration",-0.755164426905443,0.895277207392197,0.942056772604279
"protein-containing complex localization",-0.787212703550025,0.898238747553816,0.944771710272103
"endosomal transport",-0.857488578260883,0.903954802259887,0.94681123351059
"microtubule polymerization or depolymerization",-0.807832345136327,0.902691511387164,0.94681123351059
"carbohydrate catabolic process",-0.80580773069505,0.902,0.94681123351059
"synaptic vesicle exocytosis",0.791414468959248,0.903225806451613,0.94681123351059
"body fluid secretion",0.764399110314056,0.903732809430255,0.94681123351059
"extrinsic apoptotic signaling pathway via death domain receptors",0.764314026280438,0.904382470119522,0.94681123351059
"cellular response to external stimulus",0.762220367058642,0.904382470119522,0.94681123351059
"Rac protein signal transduction",0.751523242267552,0.901353965183752,0.94681123351059
"virion assembly",-0.731329661345297,0.903490759753593,0.94681123351059
"secretion by tissue",0.705878053158877,0.901010101010101,0.94681123351059
"plasma membrane repair",0.697810840640903,0.903688524590164,0.94681123351059
"receptor metabolic process",-0.763026735815451,0.909274193548387,0.951530281968464
"vesicle-mediated transport in synapse",0.831711806335467,0.91044776119403,0.9516454018505
"defense response to Gram-positive bacterium",0.717023272068361,0.910536779324056,0.9516454018505
"regulation of granulocyte chemotaxis",-0.69954312958653,0.910179640718563,0.9516454018505
"production of molecular mediator of immune response",-0.795983035968128,0.911823647294589,0.952186835728793
"antigen processing and presentation of exogenous antigen",0.70841705939583,0.911764705882353,0.952186835728793
"autophagosome organization",0.787221378068507,0.91497975708502,0.954415604227961
"icosanoid metabolic process",-0.761732727800857,0.91468253968254,0.954415604227961
"protein homotetramerization",-0.715809642984683,0.915113871635611,0.954415604227961
"lytic vacuole organization",0.778211490726547,0.916831683168317,0.955368134747957
"antimicrobial humoral immune response mediated by antimicrobial peptide",-0.713915122919055,0.91683569979716,0.955368134747957
"polyol biosynthetic process",-0.713537924712058,0.917184265010352,0.955368134747957
"response to tumor cell",-0.704494655755682,0.91869918699187,0.956543878175226
"negative regulation of molecular function",-0.832793270929924,0.919385796545106,0.956856562202616
"positive regulation of extrinsic apoptotic signaling pathway",-0.701539777791115,0.922448979591837,0.959641378600999
"response to xenobiotic stimulus",0.839397293610874,0.927385892116183,0.963967626845063
"regulation of microtubule polymerization or depolymerization",0.776954602527965,0.927125506072874,0.963967626845063
"positive regulation of intracellular protein transport",0.741724060942479,0.930041152263374,0.966322120032038
"digestion",0.738427240244535,0.932,0.967951362683438
"positive regulation of protein localization",0.851196021162866,0.933333333333333,0.968929868678402
"cortical actin cytoskeleton organization",-0.68728250139728,0.936381709741551,0.971687262266368
"SCF-dependent proteasomal ubiquitin-dependent protein catabolic process",0.737878561942231,0.936863543788187,0.971780149900896
"regulation of hippo signaling",-0.700324593645002,0.939393939393939,0.973996981112929
"GO:0051090",-0.787635270818875,0.939958592132505,0.974174658038584
"cellular response to biotic stimulus",0.767191648232887,0.940816326530612,0.974501613104586
"regulation of ERBB signaling pathway",0.729872672124149,0.941060903732809,0.974501613104586
"regulation of protein transport",0.841987846385615,0.942430703624733,0.974918640772596
"cytoskeleton-dependent intracellular transport",0.805149786989476,0.943037974683544,0.974918640772596
"positive regulation of leukocyte proliferation",-0.759085963423711,0.942913385826772,0.974918640772596
"regulation of microtubule polymerization",0.727889391663351,0.94188376753507,0.974918640772596
"negative regulation of cold-induced thermogenesis",-0.6738338437464,0.945121951219512,0.976665445628173
"positive regulation of plasma membrane bounded cell projection assembly",0.760919636467282,0.947261663286004,0.978468365287503
"synaptic vesicle transport",0.684389475473855,0.947775628626692,0.978591176368619
"hippo signaling",0.720607741237649,0.949514563106796,0.979570001172651
"regulation of triglyceride metabolic process",0.658664946378429,0.949119373776908,0.979570001172651
"membrane biogenesis",-0.704044037410123,0.951515151515152,0.981225241591603
"positive regulation of response to biotic stimulus",0.820174702101615,0.953389830508475,0.981523944376347
"calcium-ion regulated exocytosis",-0.696855954539998,0.952965235173824,0.981523944376347
"positive regulation of cilium assembly",0.64731393582825,0.953156822810591,0.981523944376347
"regulation of membrane repolarization",0.646061676578606,0.953156822810591,0.981523944376347
"positive regulation of catalytic activity",-0.811269332417276,0.956356736242884,0.98235946940714
"protein depolymerization",-0.751219358291916,0.955911823647295,0.98235946940714
"protein localization to vacuole",0.71502028829812,0.958167330677291,0.98235946940714
"digestive system process",-0.692083085306253,0.958,0.98235946940714
"positive regulation of G protein-coupled receptor signaling pathway",0.662887362057687,0.955555555555556,0.98235946940714
"regulation of T cell receptor signaling pathway",0.66105982947055,0.956262425447316,0.98235946940714
"protein localization to lysosome",0.660848135083296,0.957115009746589,0.98235946940714
"L-glutamate import",-0.660697964960706,0.957230142566191,0.98235946940714
"intracellular sterol transport",0.657646539700262,0.957575757575758,0.98235946940714
"regulation of cardiac muscle contraction by calcium ion signaling",0.656274443910394,0.957575757575758,0.98235946940714
"cellular component disassembly",-0.827488303441443,0.96036036036036,0.982967713260739
"positive regulation of establishment of protein localization",0.816981184675744,0.961538461538462,0.982967713260739
"vesicle-mediated transport to the plasma membrane",-0.770983268123911,0.96078431372549,0.982967713260739
"granulocyte migration",-0.728566745513234,0.960159362549801,0.982967713260739
"dicarboxylic acid transport",0.715947756066248,0.959919839679359,0.982967713260739
"vesicle cytoskeletal trafficking",-0.680939803393165,0.961145194274029,0.982967713260739
"response to angiotensin",0.644028073431544,0.959223300970874,0.982967713260739
"interleukin-8 production",-0.671818647925959,0.962732919254658,0.983361601773141
"negative regulation of tumor necrosis factor superfamily cytokine production",0.658491118508993,0.962671905697446,0.983361601773141
"late endosome to vacuole transport via multivesicular body sorting pathway",0.626918603098992,0.963114754098361,0.983361601773141
"vacuolar acidification",-0.642552983313021,0.965447154471545,0.984525566745993
"vesicle-mediated transport between endosomal compartments",-0.642313446844105,0.965163934426229,0.984525566745993
"bile acid biosynthetic process",-0.59803962697894,0.964774951076321,0.984525566745993
"immune response-regulating cell surface receptor signaling pathway",0.796533058489197,0.966735966735967,0.984882792539601
"regulation of potassium ion transmembrane transport",0.656730925398227,0.966990291262136,0.984882792539601
"positive regulation of neuron apoptotic process",0.656522793626824,0.966666666666667,0.984882792539601
"walking behavior",0.616821933587032,0.968627450980392,0.986144757944279
"B cell receptor signaling pathway",-0.646857452351225,0.969939879759519,0.986264812054322
"protein localization to Golgi apparatus",0.612860208818283,0.969450101832994,0.986264812054322
"positive regulation of blood circulation",0.608232636511107,0.969939879759519,0.986264812054322
"regulation of exocytosis",-0.749267840500749,0.971098265895954,0.987037507026786
"lactation",0.624373450333081,0.972055888223553,0.987605592752149
"cellular response to xenobiotic stimulus",-0.713490608468165,0.973523421588595,0.988691068173411
"positive regulation of autophagy",-0.736296613553875,0.974,0.988769672131148
"positive regulation of nucleocytoplasmic transport",0.646306524530013,0.974509803921569,0.988881927207589
"regulation of lysosomal lumen pH",0.610140862126894,0.975409836065574,0.988984921790596
"epithelial structure maintenance",0.593863619088927,0.975409836065574,0.988984921790596
"autophagosome maturation",0.66577756853452,0.976608187134503,0.989794795225926
"late endosome to vacuole transport",-0.639704788582668,0.977366255144033,0.989800218602722
"regulation of endoplasmic reticulum unfolded protein response",-0.638183764078039,0.97741273100616,0.989800218602722
"antigen processing and presentation",-0.674891694785446,0.978131212723658,0.990123013451778
"antigen processing and presentation of peptide antigen",0.621178913428484,0.980582524271845,0.992198902214607
"cell surface toll-like receptor signaling pathway",0.60963863995974,0.984615384615385,0.995872726701637
"cell surface pattern recognition receptor signaling pathway",0.596113171125968,0.986564299424184,0.997029689789353
"microtubule depolymerization",0.594181825590841,0.986381322957198,0.997029689789353
"fatty acid derivative biosynthetic process",-0.59893365987429,0.987654320987654,0.997724205989568
"vacuolar transport",0.678233101095228,0.993814432989691,0.998598054159132
"non-canonical NF-kappaB signal transduction",0.66436164517611,0.989816700610998,0.998598054159132
"Golgi organization",-0.664166207482434,0.993827160493827,0.998598054159132
"positive regulation of cold-induced thermogenesis",-0.638882354448253,0.99203187250996,0.998598054159132
"leukocyte adhesion to vascular endothelial cell",0.583912655907629,0.98997995991984,0.998598054159132
"negative regulation of ERBB signaling pathway",-0.581758551794838,0.991853360488798,0.998598054159132
"protein targeting to vacuole",0.564197559465855,0.994140625,0.998598054159132
"intracellular lipid transport",-0.562485972323153,0.991869918699187,0.998598054159132
"protein quality control for misfolded or incompletely synthesized proteins",-0.543591297309948,0.990215264187867,0.998598054159132
"nucleotide-sugar metabolic process",0.543354062347066,0.992110453648915,0.998598054159132
"positive regulation of B cell proliferation",-0.530860531916067,0.989837398373984,0.998598054159132
"arachidonate metabolic process",-0.524877518083872,0.994011976047904,0.998598054159132
"negative regulation of interleukin-6 production",-0.514822712671424,0.994163424124514,0.998598054159132
"regulation of chromatin organization",-0.498396975626848,0.99403578528827,0.998598054159132
"xenobiotic metabolic process",-0.599146293201333,0.996,0.999374127426719
"establishment of protein localization to vacuole",0.55633118190293,0.996146435452794,0.999374127426719
"alcohol catabolic process",-0.475044483072876,0.996108949416342,0.999374127426719
"antigen receptor-mediated signaling pathway",0.66535469726241,0.998003992015968,1
"lysosomal transport",0.639676223422958,0.997991967871486,1
"T cell receptor signaling pathway",0.612860389225928,1,1
"glial cell proliferation",-0.552300489263664,0.997942386831276,1
"negative regulation of T cell receptor signaling pathway",0.437679365579542,1,1
"protein targeting to lysosome",-0.431982434148645,1,1
"negative regulation of antigen receptor-mediated signaling pathway",0.427734809506178,1,1
"nucleotide-sugar biosynthetic process",0.416570802646351,1,1
